split,role,wav,activity,sess,idx,node
test,others,CR_lounge_200110_1711.s300_chunk1.16kHz.wav,cop,200110_1711,1,refined
test,others,CR_lounge_200110_1711.s300_chunk2.16kHz.wav,cp,200110_1711,2,raw
test,others,CR_lounge_200110_1711.s300_chunk3.16kHz.wav,cp,200110_1711,3,raw
test,others,CR_lounge_200110_1711.s600_chunk4.16kHz.wav,f,200110_1711,4,raw
test,others,CR_lounge_200110_1711.s300_chunk4.16kHz.wav,p,200110_1711,4,raw
test,others,CR_lounge_200110_1711.s300_chunk5.16kHz.wav,cp,200110_1711,5,refined
test,others,CR_lounge_200110_1711.s300_chunk6.16kHz.wav,cop,200110_1711,6,raw
test,others,CR_lounge_200110_1711.s300_chunk7.16kHz.wav,cp,200110_1711,7,raw
test,others,CR_lounge_200110_1711.s300_chunk8.16kHz.wav,cop,200110_1711,8,refined
test,others,CR_lounge_200110_1711.s300_chunk9.16kHz.wav,co,200110_1711,9,raw
test,others,CR_lounge_200110_1711.s300_chunk10.16kHz.wav,cp,200110_1711,10,raw
test,others,CR_lounge_200110_1711.s300_chunk11.16kHz.wav,cp,200110_1711,11,raw
test,others,CR_lounge_200110_1711.s300_chunk12.16kHz.wav,cp,200110_1711,12,raw
test,others,CR_lounge_200110_1711.s300_chunk13.16kHz.wav,cop,200110_1711,13,refined
test,others,CR_lounge_200110_1711.s300_chunk14.16kHz.wav,c,200110_1711,14,refined
test,others,CR_lounge_200110_1711.s300_chunk15.16kHz.wav,cp,200110_1711,15,raw
test,others,CR_lounge_200110_1711.s300_chunk16.16kHz.wav,cp,200110_1711,16,refined
test,others,CR_lounge_200110_1711.s300_chunk17.16kHz.wav,c,200110_1711,17,raw
test,others,CR_lounge_200110_1711.s300_chunk18.16kHz.wav,cp,200110_1711,18,raw
test,others,CR_lounge_200110_1711.s300_chunk19.16kHz.wav,cp,200110_1711,19,refined
test,others,CR_lounge_200110_1711.s300_chunk20.16kHz.wav,c,200110_1711,20,raw
test,others,CR_lounge_200110_1711.s300_chunk21.16kHz.wav,c,200110_1711,21,raw
test,others,CR_lounge_200110_1711.s300_chunk22.16kHz.wav,c,200110_1711,22,refined
test,others,CR_lounge_200110_1711.s300_chunk23.16kHz.wav,c,200110_1711,23,raw
test,others,CR_lounge_200110_1711.s300_chunk24.16kHz.wav,c,200110_1711,24,raw
test,others,CR_lounge_200110_1711.s300_chunk25.16kHz.wav,c,200110_1711,25,raw
test,others,CR_lounge_200110_1711.s0_chunk25.16kHz.wav,c,200110_1711,25,raw
test,others,CR_lounge_200110_1711.s0_chunk26.16kHz.wav,cp,200110_1711,26,refined
test,others,CR_lounge_200110_1711.s300_chunk26.16kHz.wav,c,200110_1711,26,raw
test,others,CR_lounge_200110_1711.s300_chunk27.16kHz.wav,c,200110_1711,27,raw
test,others,CR_lounge_200110_1711.s0_chunk28.16kHz.wav,cp,200110_1711,28,refined
test,others,CR_lounge_200110_1711.s300_chunk28.16kHz.wav,c,200110_1711,28,raw
test,others,CR_lounge_200110_1711.s900_chunk28.16kHz.wav,p,200110_1711,28,raw
test,others,CR_lounge_200110_1711.s900_chunk29.16kHz.wav,p,200110_1711,29,refined
test,others,CR_lounge_200110_1711.s300_chunk29.16kHz.wav,c,200110_1711,29,raw
test,others,CR_lounge_200110_1711.s300_chunk30.16kHz.wav,c,200110_1711,30,raw
test,others,CR_lounge_200110_1711.s300_chunk31.16kHz.wav,c,200110_1711,31,raw
test,others,CR_lounge_200110_1711.s300_chunk32.16kHz.wav,c,200110_1711,32,raw
test,others,CR_lounge_200110_1711.s0_chunk32.16kHz.wav,c,200110_1711,32,raw
test,others,CR_lounge_200110_1711.s300_chunk33.16kHz.wav,c,200110_1711,33,raw
test,others,CR_lounge_200110_1711.s0_chunk33.16kHz.wav,bc,200110_1711,33,raw
test,others,CR_lounge_200110_1711.s300_chunk34.16kHz.wav,c,200110_1711,34,refined
test,others,CR_lounge_200110_1711.s0_chunk34.16kHz.wav,cp,200110_1711,34,raw
test,others,CR_lounge_200110_1711.s300_chunk35.16kHz.wav,c,200110_1711,35,refined
test,others,CR_lounge_200110_1711.s0_chunk35.16kHz.wav,cp,200110_1711,35,raw
test,others,CR_lounge_200110_1711.s300_chunk36.16kHz.wav,c,200110_1711,36,raw
test,others,CR_lounge_200110_1711.s0_chunk36.16kHz.wav,bc,200110_1711,36,raw
test,others,CR_lounge_200110_1711.s300_chunk37.16kHz.wav,c,200110_1711,37,refined
test,others,CR_lounge_200110_1711.s0_chunk37.16kHz.wav,bc,200110_1711,37,raw
test,others,CR_lounge_200110_1711.s300_chunk38.16kHz.wav,c,200110_1711,38,refined
test,others,CR_lounge_200110_1711.s0_chunk38.16kHz.wav,cp,200110_1711,38,raw
test,others,CR_lounge_200110_1711.s300_chunk39.16kHz.wav,c,200110_1711,39,refined
test,others,CR_lounge_200110_1711.s0_chunk39.16kHz.wav,bc,200110_1711,39,refined
test,others,CR_lounge_200110_1711.s300_chunk40.16kHz.wav,c,200110_1711,40,raw
test,others,CR_lounge_200110_1711.s0_chunk40.16kHz.wav,bc,200110_1711,40,raw
test,others,CR_lounge_200110_1711.s300_chunk41.16kHz.wav,c,200110_1711,41,refined
test,others,CR_lounge_200110_1711.s0_chunk41.16kHz.wav,c,200110_1711,41,raw
test,others,CR_lounge_200110_1711.s300_chunk42.16kHz.wav,cp,200110_1711,42,refined
test,others,CR_lounge_200110_1711.s0_chunk42.16kHz.wav,c,200110_1711,42,raw
test,others,CR_lounge_200110_1711.s0_chunk43.16kHz.wav,bc,200110_1711,43,refined
test,others,CR_lounge_200110_1711.s300_chunk43.16kHz.wav,cp,200110_1711,43,raw
test,others,CR_lounge_200110_1711.s0_chunk44.16kHz.wav,bc,200110_1711,44,refined
test,others,CR_lounge_200110_1711.s300_chunk44.16kHz.wav,cp,200110_1711,44,raw
test,others,CR_lounge_200110_1711.s300_chunk45.16kHz.wav,c,200110_1711,45,refined
test,others,CR_lounge_200110_1711.s0_chunk45.16kHz.wav,bc,200110_1711,45,refined
test,others,CR_lounge_200110_1711.s300_chunk46.16kHz.wav,c,200110_1711,46,refined
test,others,CR_lounge_200110_1711.s0_chunk46.16kHz.wav,cp,200110_1711,46,raw
test,others,CR_lounge_200110_1711.s0_chunk47.16kHz.wav,cp,200110_1711,47,raw
test,others,CR_lounge_200110_1711.s0_chunk48.16kHz.wav,bcp,200110_1711,48,refined
test,others,CR_lounge_200110_1711.s300_chunk48.16kHz.wav,p,200110_1711,48,raw
test,others,CR_lounge_200110_1711.s300_chunk49.16kHz.wav,cp,200110_1711,49,raw
test,others,CR_lounge_200110_1711.s0_chunk49.16kHz.wav,p,200110_1711,49,raw
test,others,CR_lounge_200110_1711.s300_chunk50.16kHz.wav,co,200110_1711,50,raw
test,others,CR_lounge_200110_1711.s0_chunk50.16kHz.wav,bc,200110_1711,50,raw
test,others,CR_lounge_200110_1711.s300_chunk51.16kHz.wav,c,200110_1711,51,raw
test,others,CR_lounge_200110_1711.s0_chunk51.16kHz.wav,cp,200110_1711,51,raw
test,others,CR_lounge_200110_1711.s0_chunk52.16kHz.wav,bcp,200110_1711,52,refined
test,others,CR_lounge_200110_1711.s300_chunk52.16kHz.wav,cp,200110_1711,52,raw
test,others,CR_lounge_200110_1711.s300_chunk53.16kHz.wav,c,200110_1711,53,refined
test,others,CR_lounge_200110_1711.s0_chunk53.16kHz.wav,bp,200110_1711,53,raw
test,others,CR_lounge_200110_1711.s300_chunk54.16kHz.wav,co,200110_1711,54,raw
test,others,CR_lounge_200110_1711.s0_chunk54.16kHz.wav,bc,200110_1711,54,raw
test,others,CR_lounge_200110_1711.s0_chunk55.16kHz.wav,bc,200110_1711,55,refined
test,others,CR_lounge_200110_1711.s300_chunk55.16kHz.wav,cp,200110_1711,55,raw
test,others,CR_lounge_200110_1711.s0_chunk56.16kHz.wav,bcp,200110_1711,56,refined
test,others,CR_lounge_200110_1711.s300_chunk56.16kHz.wav,cp,200110_1711,56,raw
test,others,CR_lounge_200110_1711.s0_chunk57.16kHz.wav,bcp,200110_1711,57,refined
test,others,CR_lounge_200110_1711.s300_chunk57.16kHz.wav,cp,200110_1711,57,raw
test,others,CR_lounge_200110_1711.s300_chunk58.16kHz.wav,cp,200110_1711,58,raw
test,others,CR_lounge_200110_1711.s0_chunk58.16kHz.wav,b,200110_1711,58,raw
test,others,CR_lounge_200110_1711.s300_chunk59.16kHz.wav,cp,200110_1711,59,raw
test,others,CR_lounge_200110_1711.s0_chunk59.16kHz.wav,bc,200110_1711,59,raw
test,others,CR_lounge_200110_1711.s300_chunk60.16kHz.wav,c,200110_1711,60,raw
test,others,CR_lounge_200110_1711.s0_chunk60.16kHz.wav,op,200110_1711,60,raw
test,others,CR_lounge_200110_1711.s300_chunk61.16kHz.wav,cp,200110_1711,61,raw
test,others,CR_lounge_200110_1711.s0_chunk61.16kHz.wav,bp,200110_1711,61,raw
test,others,CR_lounge_200110_1711.s300_chunk62.16kHz.wav,cp,200110_1711,62,refined
test,others,CR_lounge_200110_1711.s0_chunk62.16kHz.wav,p,200110_1711,62,raw
test,others,CR_lounge_200110_1711.s300_chunk63.16kHz.wav,cp,200110_1711,63,raw
test,others,CR_lounge_200110_1711.s0_chunk63.16kHz.wav,p,200110_1711,63,raw
test,others,CR_lounge_200110_1711.s300_chunk64.16kHz.wav,cp,200110_1711,64,raw
test,others,CR_lounge_200110_1711.s300_chunk65.16kHz.wav,cfp,200110_1711,65,raw
test,others,CR_lounge_200110_1711.s0_chunk65.16kHz.wav,p,200110_1711,65,raw
test,others,CR_lounge_200110_1711.s0_chunk66.16kHz.wav,p,200110_1711,66,refined
test,others,CR_lounge_200110_1711.s300_chunk66.16kHz.wav,cfp,200110_1711,66,raw
test,others,CR_lounge_200110_1711.s300_chunk67.16kHz.wav,cf,200110_1711,67,refined
test,others,CR_lounge_200110_1711.s0_chunk67.16kHz.wav,op,200110_1711,67,refined
test,others,CR_lounge_200110_1711.s300_chunk68.16kHz.wav,cfp,200110_1711,68,refined
test,others,CR_lounge_200110_1711.s300_chunk69.16kHz.wav,cfp,200110_1711,69,refined
test,others,CR_lounge_200110_1711.s300_chunk70.16kHz.wav,cp,200110_1711,70,raw
test,others,CR_lounge_200110_1711.s0_chunk70.16kHz.wav,p,200110_1711,70,raw
test,others,CR_lounge_200110_1711.s300_chunk71.16kHz.wav,cp,200110_1711,71,raw
test,others,CR_lounge_200110_1711.s300_chunk72.16kHz.wav,cfp,200110_1711,72,refined
test,others,CR_lounge_200110_1711.s300_chunk73.16kHz.wav,cfop,200110_1711,73,refined
test,others,CR_lounge_200110_1711.s0_chunk73.16kHz.wav,p,200110_1711,73,refined
test,others,CR_lounge_200110_1711.s300_chunk74.16kHz.wav,cp,200110_1711,74,refined
test,others,CR_lounge_230110_1036.s3300_chunk0.16kHz.wav,p,230110_1036,0,refined
test,others,CR_lounge_230110_1036.s2700_chunk0.16kHz.wav,cp,230110_1036,0,raw
test,others,CR_lounge_230110_1036.s3000_chunk0.16kHz.wav,f,230110_1036,0,raw
test,others,CR_lounge_230110_1036.s2700_chunk1.16kHz.wav,cp,230110_1036,1,refined
test,others,CR_lounge_230110_1036.s3300_chunk1.16kHz.wav,fp,230110_1036,1,refined
test,others,CR_lounge_230110_1036.s3000_chunk1.16kHz.wav,bp,230110_1036,1,raw
test,others,CR_lounge_230110_1036.s3000_chunk2.16kHz.wav,b,230110_1036,2,refined
test,others,CR_lounge_230110_1036.s2700_chunk2.16kHz.wav,cf,230110_1036,2,raw
test,others,CR_lounge_230110_1036.s3300_chunk2.16kHz.wav,p,230110_1036,2,raw
test,others,CR_lounge_230110_1036.s3000_chunk3.16kHz.wav,b,230110_1036,3,refined
test,others,CR_lounge_230110_1036.s2700_chunk3.16kHz.wav,cp,230110_1036,3,raw
test,others,CR_lounge_230110_1036.s3300_chunk3.16kHz.wav,p,230110_1036,3,raw
test,others,CR_lounge_230110_1036.s2700_chunk4.16kHz.wav,cfp,230110_1036,4,refined
test,others,CR_lounge_230110_1036.s3300_chunk4.16kHz.wav,p,230110_1036,4,refined
test,others,CR_lounge_230110_1036.s3000_chunk4.16kHz.wav,bp,230110_1036,4,refined
test,others,CR_lounge_230110_1036.s3000_chunk5.16kHz.wav,b,230110_1036,5,refined
test,others,CR_lounge_230110_1036.s2700_chunk5.16kHz.wav,cfp,230110_1036,5,raw
test,others,CR_lounge_230110_1036.s3300_chunk5.16kHz.wav,bo,230110_1036,5,raw
test,others,CR_lounge_230110_1036.s2700_chunk6.16kHz.wav,cp,230110_1036,6,refined
test,others,CR_lounge_230110_1036.s3000_chunk6.16kHz.wav,b,230110_1036,6,refined
test,others,CR_lounge_230110_1036.s3300_chunk6.16kHz.wav,b,230110_1036,6,raw
test,others,CR_lounge_230110_1036.s2700_chunk7.16kHz.wav,cop,230110_1036,7,refined
test,others,CR_lounge_230110_1036.s3000_chunk7.16kHz.wav,b,230110_1036,7,refined
test,others,CR_lounge_230110_1036.s3300_chunk7.16kHz.wav,b,230110_1036,7,raw
test,others,CR_lounge_230110_1036.s3000_chunk8.16kHz.wav,b,230110_1036,8,refined
test,others,CR_lounge_230110_1036.s2700_chunk8.16kHz.wav,cop,230110_1036,8,raw
test,others,CR_lounge_230110_1036.s3300_chunk8.16kHz.wav,b,230110_1036,8,raw
test,others,CR_lounge_230110_1036.s3300_chunk9.16kHz.wav,b,230110_1036,9,refined
test,others,CR_lounge_230110_1036.s3000_chunk9.16kHz.wav,b,230110_1036,9,refined
test,others,CR_lounge_230110_1036.s2700_chunk9.16kHz.wav,cp,230110_1036,9,raw
test,others,CR_lounge_230110_1036.s3000_chunk10.16kHz.wav,bcp,230110_1036,10,refined
test,others,CR_lounge_230110_1036.s2700_chunk10.16kHz.wav,cp,230110_1036,10,raw
test,others,CR_lounge_230110_1036.s3300_chunk10.16kHz.wav,b,230110_1036,10,raw
test,others,CR_lounge_230110_1036.s3300_chunk11.16kHz.wav,b,230110_1036,11,refined
test,others,CR_lounge_230110_1036.s2700_chunk11.16kHz.wav,cp,230110_1036,11,raw
test,others,CR_lounge_230110_1036.s3000_chunk11.16kHz.wav,bcfp,230110_1036,11,raw
test,others,CR_lounge_230110_1036.s3000_chunk12.16kHz.wav,cp,230110_1036,12,refined
test,others,CR_lounge_230110_1036.s2700_chunk12.16kHz.wav,cp,230110_1036,12,raw
test,others,CR_lounge_230110_1036.s3300_chunk12.16kHz.wav,b,230110_1036,12,raw
test,others,CR_lounge_230110_1036.s3000_chunk13.16kHz.wav,cop,230110_1036,13,refined
test,others,CR_lounge_230110_1036.s2700_chunk13.16kHz.wav,cp,230110_1036,13,raw
test,others,CR_lounge_230110_1036.s3300_chunk13.16kHz.wav,b,230110_1036,13,raw
test,others,CR_lounge_230110_1036.s3000_chunk14.16kHz.wav,cfp,230110_1036,14,refined
test,others,CR_lounge_230110_1036.s2700_chunk14.16kHz.wav,cp,230110_1036,14,raw
test,others,CR_lounge_230110_1036.s3300_chunk14.16kHz.wav,bp,230110_1036,14,raw
test,others,CR_lounge_230110_1036.s2700_chunk15.16kHz.wav,cp,230110_1036,15,refined
test,others,CR_lounge_230110_1036.s3300_chunk15.16kHz.wav,b,230110_1036,15,refined
test,others,CR_lounge_230110_1036.s3000_chunk15.16kHz.wav,cfp,230110_1036,15,refined
test,others,CR_lounge_230110_1036.s2700_chunk16.16kHz.wav,bcp,230110_1036,16,refined
test,others,CR_lounge_230110_1036.s3300_chunk16.16kHz.wav,b,230110_1036,16,refined
test,others,CR_lounge_230110_1036.s3000_chunk16.16kHz.wav,fp,230110_1036,16,refined
test,others,CR_lounge_230110_1036.s2700_chunk17.16kHz.wav,b,230110_1036,17,refined
test,others,CR_lounge_230110_1036.s1500_chunk17.16kHz.wav,cp,230110_1036,17,refined
test,others,CR_lounge_230110_1036.s3300_chunk17.16kHz.wav,b,230110_1036,17,refined
test,others,CR_lounge_230110_1036.s3000_chunk17.16kHz.wav,fp,230110_1036,17,refined
test,others,CR_lounge_230110_1036.s2700_chunk18.16kHz.wav,b,230110_1036,18,refined
test,others,CR_lounge_230110_1036.s3300_chunk18.16kHz.wav,b,230110_1036,18,raw
test,others,CR_lounge_230110_1036.s3000_chunk18.16kHz.wav,fp,230110_1036,18,raw
test,others,CR_lounge_230110_1036.s2700_chunk19.16kHz.wav,bp,230110_1036,19,refined
test,others,CR_lounge_230110_1036.s3300_chunk19.16kHz.wav,b,230110_1036,19,refined
test,others,CR_lounge_230110_1036.s3000_chunk19.16kHz.wav,f,230110_1036,19,raw
test,others,CR_lounge_230110_1036.s3000_chunk20.16kHz.wav,cf,230110_1036,20,refined
test,others,CR_lounge_230110_1036.s2700_chunk20.16kHz.wav,bf,230110_1036,20,raw
test,others,CR_lounge_230110_1036.s3300_chunk20.16kHz.wav,b,230110_1036,20,raw
test,others,CR_lounge_230110_1036.s2700_chunk21.16kHz.wav,b,230110_1036,21,raw
test,others,CR_lounge_230110_1036.s3300_chunk21.16kHz.wav,bp,230110_1036,21,raw
test,others,CR_lounge_230110_1036.s3000_chunk21.16kHz.wav,c,230110_1036,21,raw
test,others,CR_lounge_230110_1036.s2700_chunk22.16kHz.wav,b,230110_1036,22,refined
test,others,CR_lounge_230110_1036.s3300_chunk22.16kHz.wav,b,230110_1036,22,raw
test,others,CR_lounge_230110_1036.s3000_chunk22.16kHz.wav,c,230110_1036,22,raw
test,others,CR_lounge_230110_1036.s2700_chunk23.16kHz.wav,b,230110_1036,23,refined
test,others,CR_lounge_230110_1036.s3000_chunk23.16kHz.wav,cf,230110_1036,23,refined
test,others,CR_lounge_230110_1036.s3300_chunk23.16kHz.wav,b,230110_1036,23,raw
test,others,CR_lounge_230110_1036.s3300_chunk24.16kHz.wav,b,230110_1036,24,refined
test,others,CR_lounge_230110_1036.s2700_chunk24.16kHz.wav,b,230110_1036,24,raw
test,others,CR_lounge_230110_1036.s3000_chunk24.16kHz.wav,cf,230110_1036,24,raw
test,others,CR_lounge_230110_1036.s3000_chunk25.16kHz.wav,cf,230110_1036,25,refined
test,others,CR_lounge_230110_1036.s2700_chunk25.16kHz.wav,bmp,230110_1036,25,raw
test,others,CR_lounge_230110_1036.s3300_chunk25.16kHz.wav,b,230110_1036,25,raw
test,others,CR_lounge_230110_1036.s2700_chunk26.16kHz.wav,bcm,230110_1036,26,refined
test,others,CR_lounge_230110_1036.s3000_chunk26.16kHz.wav,f,230110_1036,26,refined
test,others,CR_lounge_230110_1036.s3300_chunk26.16kHz.wav,b,230110_1036,26,raw
test,others,CR_lounge_230110_1036.s2700_chunk27.16kHz.wav,bcm,230110_1036,27,refined
test,others,CR_lounge_230110_1036.s3300_chunk27.16kHz.wav,b,230110_1036,27,refined
test,others,CR_lounge_230110_1036.s3000_chunk27.16kHz.wav,f,230110_1036,27,raw
test,others,CR_lounge_230110_1036.s2700_chunk28.16kHz.wav,bcf,230110_1036,28,refined
test,others,CR_lounge_230110_1036.s3300_chunk28.16kHz.wav,b,230110_1036,28,refined
test,others,CR_lounge_230110_1036.s3000_chunk28.16kHz.wav,o,230110_1036,28,raw
test,others,CR_lounge_230110_1036.s900_chunk29.16kHz.wav,c,230110_1036,29,refined
test,others,CR_lounge_230110_1036.s3000_chunk29.16kHz.wav,o,230110_1036,29,refined
test,others,CR_lounge_230110_1036.s2700_chunk29.16kHz.wav,bcm,230110_1036,29,raw
test,others,CR_lounge_230110_1036.s3300_chunk29.16kHz.wav,b,230110_1036,29,raw
test,others,CR_lounge_230110_1036.s2700_chunk30.16kHz.wav,cfmp,230110_1036,30,refined
test,others,CR_lounge_230110_1036.s3300_chunk30.16kHz.wav,b,230110_1036,30,refined
test,others,CR_lounge_230110_1036.s3000_chunk30.16kHz.wav,f,230110_1036,30,refined
test,others,CR_lounge_230110_1036.s3300_chunk31.16kHz.wav,b,230110_1036,31,refined
test,others,CR_lounge_230110_1036.s2700_chunk31.16kHz.wav,cfm,230110_1036,31,raw
test,others,CR_lounge_230110_1036.s2700_chunk32.16kHz.wav,cfp,230110_1036,32,refined
test,others,CR_lounge_230110_1036.s3300_chunk32.16kHz.wav,bp,230110_1036,32,refined
test,others,CR_lounge_230110_1036.s3000_chunk32.16kHz.wav,cf,230110_1036,32,raw
test,others,CR_lounge_230110_1036.s3300_chunk33.16kHz.wav,bf,230110_1036,33,refined
test,others,CR_lounge_230110_1036.s2700_chunk33.16kHz.wav,cfm,230110_1036,33,raw
test,others,CR_lounge_230110_1036.s3000_chunk33.16kHz.wav,cfp,230110_1036,33,raw
test,others,CR_lounge_230110_1036.s2700_chunk34.16kHz.wav,cf,230110_1036,34,raw
test,others,CR_lounge_230110_1036.s3300_chunk34.16kHz.wav,bf,230110_1036,34,raw
test,others,CR_lounge_230110_1036.s3000_chunk35.16kHz.wav,op,230110_1036,35,refined
test,others,CR_lounge_230110_1036.s2700_chunk35.16kHz.wav,cfp,230110_1036,35,raw
test,others,CR_lounge_230110_1036.s3300_chunk35.16kHz.wav,b,230110_1036,35,raw
test,others,CR_lounge_230110_1036.s3300_chunk36.16kHz.wav,bp,230110_1036,36,refined
test,others,CR_lounge_230110_1036.s2700_chunk36.16kHz.wav,cf,230110_1036,36,raw
test,others,CR_lounge_230110_1036.s900_chunk36.16kHz.wav,cmo,230110_1036,36,raw
test,others,CR_lounge_230110_1036.s3000_chunk36.16kHz.wav,p,230110_1036,36,raw
test,others,CR_lounge_230110_1036.s2700_chunk37.16kHz.wav,cf,230110_1036,37,refined
test,others,CR_lounge_230110_1036.s3300_chunk37.16kHz.wav,b,230110_1036,37,raw
test,others,CR_lounge_230110_1036.s3000_chunk37.16kHz.wav,cfo,230110_1036,37,raw
test,others,CR_lounge_230110_1036.s2700_chunk38.16kHz.wav,cf,230110_1036,38,refined
test,others,CR_lounge_230110_1036.s3300_chunk38.16kHz.wav,b,230110_1036,38,refined
test,others,CR_lounge_230110_1036.s3000_chunk38.16kHz.wav,o,230110_1036,38,raw
test,others,CR_lounge_230110_1036.s2700_chunk39.16kHz.wav,cf,230110_1036,39,refined
test,others,CR_lounge_230110_1036.s3300_chunk39.16kHz.wav,b,230110_1036,39,refined
test,others,CR_lounge_230110_1036.s3000_chunk39.16kHz.wav,op,230110_1036,39,refined
test,others,CR_lounge_230110_1036.s2700_chunk40.16kHz.wav,cf,230110_1036,40,refined
test,others,CR_lounge_230110_1036.s3300_chunk40.16kHz.wav,b,230110_1036,40,refined
test,others,CR_lounge_230110_1036.s3000_chunk40.16kHz.wav,fo,230110_1036,40,raw
test,others,CR_lounge_230110_1036.s2700_chunk41.16kHz.wav,cf,230110_1036,41,refined
test,others,CR_lounge_230110_1036.s3300_chunk41.16kHz.wav,b,230110_1036,41,refined
test,others,CR_lounge_230110_1036.s3000_chunk41.16kHz.wav,cop,230110_1036,41,refined
test,others,CR_lounge_230110_1036.s2700_chunk42.16kHz.wav,cf,230110_1036,42,refined
test,others,CR_lounge_230110_1036.s2400_chunk42.16kHz.wav,op,230110_1036,42,refined
test,others,CR_lounge_230110_1036.s3300_chunk42.16kHz.wav,b,230110_1036,42,refined
test,others,CR_lounge_230110_1036.s3000_chunk42.16kHz.wav,p,230110_1036,42,raw
test,others,CR_lounge_230110_1036.s2700_chunk43.16kHz.wav,cf,230110_1036,43,refined
test,others,CR_lounge_230110_1036.s2400_chunk43.16kHz.wav,op,230110_1036,43,refined
test,others,CR_lounge_230110_1036.s3000_chunk43.16kHz.wav,cfp,230110_1036,43,refined
test,others,CR_lounge_230110_1036.s3300_chunk43.16kHz.wav,b,230110_1036,43,raw
test,others,CR_lounge_230110_1036.s2700_chunk44.16kHz.wav,cf,230110_1036,44,refined
test,others,CR_lounge_230110_1036.s2400_chunk44.16kHz.wav,op,230110_1036,44,refined
test,others,CR_lounge_230110_1036.s3300_chunk44.16kHz.wav,b,230110_1036,44,refined
test,others,CR_lounge_230110_1036.s3000_chunk44.16kHz.wav,op,230110_1036,44,refined
test,others,CR_lounge_230110_1036.s2700_chunk45.16kHz.wav,cf,230110_1036,45,refined
test,others,CR_lounge_230110_1036.s3300_chunk45.16kHz.wav,b,230110_1036,45,refined
test,others,CR_lounge_230110_1036.s2400_chunk45.16kHz.wav,fp,230110_1036,45,raw
test,others,CR_lounge_230110_1036.s3000_chunk45.16kHz.wav,fp,230110_1036,45,raw
test,others,CR_lounge_230110_1036.s2700_chunk46.16kHz.wav,cf,230110_1036,46,refined
test,others,CR_lounge_230110_1036.s3300_chunk46.16kHz.wav,b,230110_1036,46,refined
test,others,CR_lounge_230110_1036.s3000_chunk46.16kHz.wav,f,230110_1036,46,refined
test,others,CR_lounge_230110_1036.s2400_chunk46.16kHz.wav,f,230110_1036,46,raw
test,others,CR_lounge_230110_1036.s2700_chunk47.16kHz.wav,cf,230110_1036,47,refined
test,others,CR_lounge_230110_1036.s2400_chunk47.16kHz.wav,fp,230110_1036,47,raw
test,others,CR_lounge_230110_1036.s3300_chunk47.16kHz.wav,bfp,230110_1036,47,raw
test,others,CR_lounge_230110_1036.s2700_chunk48.16kHz.wav,cf,230110_1036,48,refined
test,others,CR_lounge_230110_1036.s2400_chunk48.16kHz.wav,op,230110_1036,48,refined
test,others,CR_lounge_230110_1036.s3000_chunk48.16kHz.wav,cf,230110_1036,48,refined
test,others,CR_lounge_230110_1036.s3300_chunk48.16kHz.wav,p,230110_1036,48,raw
test,others,CR_lounge_230110_1036.s2700_chunk49.16kHz.wav,cf,230110_1036,49,refined
test,others,CR_lounge_230110_1036.s3300_chunk49.16kHz.wav,p,230110_1036,49,refined
test,others,CR_lounge_230110_1036.s3000_chunk49.16kHz.wav,fop,230110_1036,49,raw
test,others,CR_lounge_230110_1036.s2700_chunk50.16kHz.wav,cf,230110_1036,50,refined
test,others,CR_lounge_230110_1036.s3300_chunk50.16kHz.wav,op,230110_1036,50,refined
test,others,CR_lounge_230110_1036.s2400_chunk50.16kHz.wav,fp,230110_1036,50,raw
test,others,CR_lounge_230110_1036.s3000_chunk50.16kHz.wav,cfo,230110_1036,50,raw
test,others,CR_lounge_230110_1036.s2400_chunk51.16kHz.wav,fp,230110_1036,51,refined
test,others,CR_lounge_230110_1036.s3000_chunk51.16kHz.wav,op,230110_1036,51,refined
test,others,CR_lounge_230110_1036.s2700_chunk51.16kHz.wav,c,230110_1036,51,raw
test,others,CR_lounge_230110_1036.s2700_chunk52.16kHz.wav,cf,230110_1036,52,refined
test,others,CR_lounge_230110_1036.s2400_chunk52.16kHz.wav,cop,230110_1036,52,refined
test,others,CR_lounge_230110_1036.s3000_chunk52.16kHz.wav,fo,230110_1036,52,refined
test,others,CR_lounge_230110_1036.s2700_chunk53.16kHz.wav,f,230110_1036,53,refined
test,others,CR_lounge_230110_1036.s3000_chunk53.16kHz.wav,cfo,230110_1036,53,refined
test,others,CR_lounge_230110_1036.s3000_chunk54.16kHz.wav,cfo,230110_1036,54,refined
test,others,CR_lounge_230110_1036.s2400_chunk54.16kHz.wav,cp,230110_1036,54,raw
test,others,CR_lounge_230110_1036.s2700_chunk55.16kHz.wav,cf,230110_1036,55,refined
test,others,CR_lounge_230110_1036.s2400_chunk55.16kHz.wav,cop,230110_1036,55,refined
test,others,CR_lounge_230110_1036.s300_chunk55.16kHz.wav,cmo,230110_1036,55,raw
test,others,CR_lounge_230110_1036.s3000_chunk55.16kHz.wav,cf,230110_1036,55,raw
test,others,CR_lounge_230110_1036.s2700_chunk56.16kHz.wav,cfp,230110_1036,56,refined
test,others,CR_lounge_230110_1036.s2400_chunk56.16kHz.wav,cp,230110_1036,56,raw
test,others,CR_lounge_230110_1036.s3000_chunk56.16kHz.wav,cf,230110_1036,56,raw
test,others,CR_lounge_230110_1036.s2700_chunk57.16kHz.wav,cf,230110_1036,57,refined
test,others,CR_lounge_230110_1036.s2400_chunk57.16kHz.wav,cp,230110_1036,57,raw
test,others,CR_lounge_230110_1036.s3000_chunk57.16kHz.wav,fo,230110_1036,57,raw
test,others,CR_lounge_230110_1036.s3000_chunk58.16kHz.wav,cfp,230110_1036,58,refined
test,others,CR_lounge_230110_1036.s2700_chunk58.16kHz.wav,cf,230110_1036,58,raw
test,others,CR_lounge_230110_1036.s2400_chunk58.16kHz.wav,p,230110_1036,58,raw
test,others,CR_lounge_230110_1036.s2700_chunk59.16kHz.wav,cf,230110_1036,59,refined
test,others,CR_lounge_230110_1036.s2400_chunk59.16kHz.wav,op,230110_1036,59,refined
test,others,CR_lounge_230110_1036.s3000_chunk59.16kHz.wav,cfp,230110_1036,59,refined
test,others,CR_lounge_230110_1036.s2700_chunk60.16kHz.wav,cf,230110_1036,60,refined
test,others,CR_lounge_230110_1036.s2400_chunk60.16kHz.wav,op,230110_1036,60,refined
test,others,CR_lounge_230110_1036.s3000_chunk60.16kHz.wav,fp,230110_1036,60,refined
test,others,CR_lounge_230110_1036.s2700_chunk61.16kHz.wav,cf,230110_1036,61,refined
test,others,CR_lounge_230110_1036.s2400_chunk61.16kHz.wav,op,230110_1036,61,refined
test,others,CR_lounge_230110_1036.s3000_chunk61.16kHz.wav,fop,230110_1036,61,refined
test,others,CR_lounge_230110_1036.s2700_chunk62.16kHz.wav,cf,230110_1036,62,refined
test,others,CR_lounge_230110_1036.s2400_chunk62.16kHz.wav,op,230110_1036,62,refined
test,others,CR_lounge_230110_1036.s3000_chunk62.16kHz.wav,fp,230110_1036,62,raw
test,others,CR_lounge_230110_1036.s2700_chunk63.16kHz.wav,cf,230110_1036,63,refined
test,others,CR_lounge_230110_1036.s2400_chunk63.16kHz.wav,op,230110_1036,63,refined
test,others,CR_lounge_230110_1036.s3000_chunk63.16kHz.wav,cfp,230110_1036,63,refined
test,others,CR_lounge_230110_1036.s2700_chunk64.16kHz.wav,cf,230110_1036,64,refined
test,others,CR_lounge_230110_1036.s2400_chunk64.16kHz.wav,op,230110_1036,64,refined
test,others,CR_lounge_230110_1036.s3000_chunk64.16kHz.wav,p,230110_1036,64,refined
test,others,CR_lounge_230110_1036.s2400_chunk65.16kHz.wav,op,230110_1036,65,refined
test,others,CR_lounge_230110_1036.s2700_chunk65.16kHz.wav,f,230110_1036,65,raw
test,others,CR_lounge_230110_1036.s3000_chunk65.16kHz.wav,p,230110_1036,65,raw
test,others,CR_lounge_230110_1036.s2400_chunk66.16kHz.wav,op,230110_1036,66,refined
test,others,CR_lounge_230110_1036.s2700_chunk66.16kHz.wav,c,230110_1036,66,raw
test,others,CR_lounge_230110_1036.s3000_chunk66.16kHz.wav,fp,230110_1036,66,raw
test,others,CR_lounge_230110_1036.s2400_chunk67.16kHz.wav,op,230110_1036,67,refined
test,others,CR_lounge_230110_1036.s3000_chunk67.16kHz.wav,cfp,230110_1036,67,refined
test,others,CR_lounge_230110_1036.s2700_chunk68.16kHz.wav,c,230110_1036,68,refined
test,others,CR_lounge_230110_1036.s2400_chunk68.16kHz.wav,op,230110_1036,68,refined
test,others,CR_lounge_230110_1036.s3000_chunk68.16kHz.wav,cfp,230110_1036,68,refined
test,others,CR_lounge_230110_1036.s2700_chunk69.16kHz.wav,c,230110_1036,69,refined
test,others,CR_lounge_230110_1036.s2400_chunk69.16kHz.wav,op,230110_1036,69,refined
test,others,CR_lounge_230110_1036.s3000_chunk69.16kHz.wav,cfp,230110_1036,69,refined
test,others,CR_lounge_230110_1036.s3000_chunk70.16kHz.wav,cp,230110_1036,70,refined
test,others,CR_lounge_230110_1036.s2700_chunk70.16kHz.wav,c,230110_1036,70,raw
test,others,CR_lounge_230110_1036.s2400_chunk70.16kHz.wav,o,230110_1036,70,raw
test,others,CR_lounge_230110_1036.s2700_chunk71.16kHz.wav,cf,230110_1036,71,refined
test,others,CR_lounge_230110_1036.s2400_chunk71.16kHz.wav,cop,230110_1036,71,refined
test,others,CR_lounge_230110_1036.s3000_chunk71.16kHz.wav,cp,230110_1036,71,refined
test,others,CR_lounge_230110_1036.s2700_chunk72.16kHz.wav,cf,230110_1036,72,refined
test,others,CR_lounge_230110_1036.s2400_chunk72.16kHz.wav,cp,230110_1036,72,raw
test,others,CR_lounge_230110_1036.s3000_chunk72.16kHz.wav,cp,230110_1036,72,raw
test,others,CR_lounge_230110_1036.s2700_chunk73.16kHz.wav,f,230110_1036,73,refined
test,others,CR_lounge_230110_1036.s2400_chunk73.16kHz.wav,c,230110_1036,73,raw
test,others,CR_lounge_230110_1036.s3000_chunk73.16kHz.wav,p,230110_1036,73,raw
test,others,CR_lounge_230110_1036.s2400_chunk74.16kHz.wav,cop,230110_1036,74,refined
test,others,CR_lounge_230110_1036.s3000_chunk74.16kHz.wav,p,230110_1036,74,refined
test,others,CR_lounge_230110_1036.s2700_chunk74.16kHz.wav,f,230110_1036,74,raw
test,target,CR_lounge_200110_1711.s1800_chunk0.16kHz.wav,v,200110_1711,0,refined
test,target,CR_lounge_200110_1711.s1500_chunk0.16kHz.wav,v,200110_1711,0,raw
test,target,CR_lounge_200110_1711.s1800_chunk1.16kHz.wav,v,200110_1711,1,refined
test,target,CR_lounge_200110_1711.s1200_chunk1.16kHz.wav,v,200110_1711,1,raw
test,target,CR_lounge_200110_1711.s1500_chunk1.16kHz.wav,v,200110_1711,1,raw
test,target,CR_lounge_200110_1711.s1200_chunk2.16kHz.wav,v,200110_1711,2,raw
test,target,CR_lounge_200110_1711.s1500_chunk2.16kHz.wav,v,200110_1711,2,raw
test,target,CR_lounge_200110_1711.s1200_chunk3.16kHz.wav,v,200110_1711,3,raw
test,target,CR_lounge_200110_1711.s0_chunk4.16kHz.wav,v,200110_1711,4,refined
test,target,CR_lounge_200110_1711.s1500_chunk4.16kHz.wav,v,200110_1711,4,raw
test,target,CR_lounge_200110_1711.s900_chunk5.16kHz.wav,v,200110_1711,5,raw
test,target,CR_lounge_200110_1711.s900_chunk6.16kHz.wav,v,200110_1711,6,refined
test,target,CR_lounge_200110_1711.s1200_chunk8.16kHz.wav,v,200110_1711,8,raw
test,target,CR_lounge_200110_1711.s1500_chunk8.16kHz.wav,v,200110_1711,8,raw
test,target,CR_lounge_200110_1711.s1800_chunk9.16kHz.wav,v,200110_1711,9,raw
test,target,CR_lounge_200110_1711.s900_chunk9.16kHz.wav,v,200110_1711,9,raw
test,target,CR_lounge_200110_1711.s1200_chunk9.16kHz.wav,v,200110_1711,9,raw
test,target,CR_lounge_200110_1711.s1500_chunk9.16kHz.wav,v,200110_1711,9,raw
test,target,CR_lounge_200110_1711.s1800_chunk10.16kHz.wav,v,200110_1711,10,raw
test,target,CR_lounge_200110_1711.s1200_chunk10.16kHz.wav,v,200110_1711,10,raw
test,target,CR_lounge_200110_1711.s1500_chunk10.16kHz.wav,v,200110_1711,10,raw
test,target,CR_lounge_200110_1711.s0_chunk11.16kHz.wav,v,200110_1711,11,raw
test,target,CR_lounge_200110_1711.s1200_chunk11.16kHz.wav,v,200110_1711,11,raw
test,target,CR_lounge_200110_1711.s1500_chunk11.16kHz.wav,v,200110_1711,11,raw
test,target,CR_lounge_200110_1711.s0_chunk12.16kHz.wav,v,200110_1711,12,refined
test,target,CR_lounge_200110_1711.s1800_chunk12.16kHz.wav,v,200110_1711,12,raw
test,target,CR_lounge_200110_1711.s1500_chunk12.16kHz.wav,v,200110_1711,12,raw
test,target,CR_lounge_200110_1711.s1800_chunk13.16kHz.wav,v,200110_1711,13,refined
test,target,CR_lounge_200110_1711.s0_chunk13.16kHz.wav,v,200110_1711,13,raw
test,target,CR_lounge_200110_1711.s1200_chunk13.16kHz.wav,v,200110_1711,13,raw
test,target,CR_lounge_200110_1711.s1500_chunk13.16kHz.wav,v,200110_1711,13,raw
test,target,CR_lounge_200110_1711.s900_chunk14.16kHz.wav,v,200110_1711,14,refined
test,target,CR_lounge_200110_1711.s0_chunk14.16kHz.wav,v,200110_1711,14,raw
test,target,CR_lounge_200110_1711.s1200_chunk14.16kHz.wav,v,200110_1711,14,raw
test,target,CR_lounge_200110_1711.s1500_chunk14.16kHz.wav,v,200110_1711,14,raw
test,target,CR_lounge_200110_1711.s1800_chunk15.16kHz.wav,v,200110_1711,15,raw
test,target,CR_lounge_200110_1711.s900_chunk15.16kHz.wav,v,200110_1711,15,raw
test,target,CR_lounge_200110_1711.s1200_chunk15.16kHz.wav,v,200110_1711,15,raw
test,target,CR_lounge_200110_1711.s1500_chunk15.16kHz.wav,v,200110_1711,15,raw
test,target,CR_lounge_200110_1711.s1200_chunk16.16kHz.wav,v,200110_1711,16,raw
test,target,CR_lounge_200110_1711.s1500_chunk16.16kHz.wav,v,200110_1711,16,raw
test,target,CR_lounge_200110_1711.s1200_chunk17.16kHz.wav,v,200110_1711,17,raw
test,target,CR_lounge_200110_1711.s1500_chunk17.16kHz.wav,v,200110_1711,17,raw
test,target,CR_lounge_200110_1711.s1800_chunk18.16kHz.wav,v,200110_1711,18,raw
test,target,CR_lounge_200110_1711.s1200_chunk18.16kHz.wav,v,200110_1711,18,raw
test,target,CR_lounge_200110_1711.s1500_chunk18.16kHz.wav,v,200110_1711,18,raw
test,target,CR_lounge_200110_1711.s900_chunk19.16kHz.wav,v,200110_1711,19,refined
test,target,CR_lounge_200110_1711.s1200_chunk19.16kHz.wav,v,200110_1711,19,raw
test,target,CR_lounge_200110_1711.s1500_chunk19.16kHz.wav,v,200110_1711,19,raw
test,target,CR_lounge_200110_1711.s900_chunk20.16kHz.wav,v,200110_1711,20,refined
test,target,CR_lounge_200110_1711.s1800_chunk20.16kHz.wav,v,200110_1711,20,raw
test,target,CR_lounge_200110_1711.s1200_chunk20.16kHz.wav,v,200110_1711,20,raw
test,target,CR_lounge_200110_1711.s1500_chunk20.16kHz.wav,v,200110_1711,20,raw
test,target,CR_lounge_200110_1711.s1800_chunk21.16kHz.wav,v,200110_1711,21,refined
test,target,CR_lounge_200110_1711.s900_chunk21.16kHz.wav,v,200110_1711,21,refined
test,target,CR_lounge_200110_1711.s1200_chunk21.16kHz.wav,v,200110_1711,21,raw
test,target,CR_lounge_200110_1711.s1500_chunk21.16kHz.wav,v,200110_1711,21,raw
test,target,CR_lounge_200110_1711.s1800_chunk22.16kHz.wav,v,200110_1711,22,refined
test,target,CR_lounge_200110_1711.s1200_chunk22.16kHz.wav,v,200110_1711,22,refined
test,target,CR_lounge_200110_1711.s600_chunk22.16kHz.wav,v,200110_1711,22,raw
test,target,CR_lounge_200110_1711.s1500_chunk22.16kHz.wav,v,200110_1711,22,raw
test,target,CR_lounge_200110_1711.s900_chunk23.16kHz.wav,v,200110_1711,23,refined
test,target,CR_lounge_200110_1711.s600_chunk23.16kHz.wav,v,200110_1711,23,raw
test,target,CR_lounge_200110_1711.s1200_chunk23.16kHz.wav,v,200110_1711,23,raw
test,target,CR_lounge_200110_1711.s1500_chunk23.16kHz.wav,v,200110_1711,23,raw
test,target,CR_lounge_200110_1711.s1800_chunk24.16kHz.wav,v,200110_1711,24,refined
test,target,CR_lounge_200110_1711.s600_chunk24.16kHz.wav,v,200110_1711,24,raw
test,target,CR_lounge_200110_1711.s1500_chunk24.16kHz.wav,v,200110_1711,24,raw
test,target,CR_lounge_200110_1711.s600_chunk25.16kHz.wav,v,200110_1711,25,raw
test,target,CR_lounge_200110_1711.s1800_chunk25.16kHz.wav,v,200110_1711,25,raw
test,target,CR_lounge_200110_1711.s1500_chunk25.16kHz.wav,v,200110_1711,25,raw
test,target,CR_lounge_200110_1711.s600_chunk26.16kHz.wav,v,200110_1711,26,raw
test,target,CR_lounge_200110_1711.s1800_chunk26.16kHz.wav,v,200110_1711,26,raw
test,target,CR_lounge_200110_1711.s1500_chunk26.16kHz.wav,v,200110_1711,26,raw
test,target,CR_lounge_200110_1711.s1800_chunk27.16kHz.wav,v,200110_1711,27,refined
test,target,CR_lounge_200110_1711.s1500_chunk27.16kHz.wav,v,200110_1711,27,raw
test,target,CR_lounge_200110_1711.s1800_chunk28.16kHz.wav,v,200110_1711,28,refined
test,target,CR_lounge_200110_1711.s1500_chunk28.16kHz.wav,v,200110_1711,28,raw
test,target,CR_lounge_200110_1711.s1800_chunk29.16kHz.wav,v,200110_1711,29,raw
test,target,CR_lounge_200110_1711.s1500_chunk29.16kHz.wav,v,200110_1711,29,raw
test,target,CR_lounge_200110_1711.s1800_chunk30.16kHz.wav,v,200110_1711,30,refined
test,target,CR_lounge_200110_1711.s1500_chunk30.16kHz.wav,v,200110_1711,30,raw
test,target,CR_lounge_200110_1711.s1500_chunk31.16kHz.wav,v,200110_1711,31,refined
test,target,CR_lounge_200110_1711.s600_chunk31.16kHz.wav,v,200110_1711,31,raw
test,target,CR_lounge_200110_1711.s1800_chunk31.16kHz.wav,v,200110_1711,31,raw
test,target,CR_lounge_200110_1711.s1800_chunk32.16kHz.wav,v,200110_1711,32,refined
test,target,CR_lounge_200110_1711.s900_chunk32.16kHz.wav,v,200110_1711,32,raw
test,target,CR_lounge_200110_1711.s1500_chunk32.16kHz.wav,v,200110_1711,32,raw
test,target,CR_lounge_200110_1711.s1800_chunk33.16kHz.wav,v,200110_1711,33,refined
test,target,CR_lounge_200110_1711.s600_chunk33.16kHz.wav,v,200110_1711,33,raw
test,target,CR_lounge_200110_1711.s900_chunk33.16kHz.wav,v,200110_1711,33,raw
test,target,CR_lounge_200110_1711.s1500_chunk33.16kHz.wav,v,200110_1711,33,raw
test,target,CR_lounge_200110_1711.s1800_chunk34.16kHz.wav,v,200110_1711,34,refined
test,target,CR_lounge_200110_1711.s600_chunk34.16kHz.wav,v,200110_1711,34,raw
test,target,CR_lounge_200110_1711.s900_chunk34.16kHz.wav,v,200110_1711,34,raw
test,target,CR_lounge_200110_1711.s1800_chunk35.16kHz.wav,v,200110_1711,35,refined
test,target,CR_lounge_200110_1711.s900_chunk35.16kHz.wav,v,200110_1711,35,refined
test,target,CR_lounge_200110_1711.s600_chunk35.16kHz.wav,v,200110_1711,35,raw
test,target,CR_lounge_200110_1711.s1500_chunk35.16kHz.wav,v,200110_1711,35,raw
test,target,CR_lounge_200110_1711.s1800_chunk36.16kHz.wav,v,200110_1711,36,refined
test,target,CR_lounge_200110_1711.s900_chunk36.16kHz.wav,v,200110_1711,36,raw
test,target,CR_lounge_200110_1711.s1500_chunk36.16kHz.wav,v,200110_1711,36,raw
test,target,CR_lounge_200110_1711.s1500_chunk37.16kHz.wav,v,200110_1711,37,refined
test,target,CR_lounge_200110_1711.s600_chunk37.16kHz.wav,v,200110_1711,37,raw
test,target,CR_lounge_200110_1711.s1800_chunk37.16kHz.wav,v,200110_1711,37,raw
test,target,CR_lounge_200110_1711.s900_chunk37.16kHz.wav,v,200110_1711,37,raw
test,target,CR_lounge_200110_1711.s1500_chunk38.16kHz.wav,v,200110_1711,38,refined
test,target,CR_lounge_200110_1711.s600_chunk38.16kHz.wav,v,200110_1711,38,raw
test,target,CR_lounge_200110_1711.s1800_chunk38.16kHz.wav,v,200110_1711,38,raw
test,target,CR_lounge_200110_1711.s900_chunk38.16kHz.wav,v,200110_1711,38,raw
test,target,CR_lounge_200110_1711.s600_chunk39.16kHz.wav,v,200110_1711,39,raw
test,target,CR_lounge_200110_1711.s1800_chunk39.16kHz.wav,v,200110_1711,39,raw
test,target,CR_lounge_200110_1711.s900_chunk39.16kHz.wav,v,200110_1711,39,raw
test,target,CR_lounge_200110_1711.s1500_chunk39.16kHz.wav,v,200110_1711,39,raw
test,target,CR_lounge_200110_1711.s1500_chunk40.16kHz.wav,v,200110_1711,40,refined
test,target,CR_lounge_200110_1711.s600_chunk40.16kHz.wav,v,200110_1711,40,raw
test,target,CR_lounge_200110_1711.s1800_chunk40.16kHz.wav,v,200110_1711,40,raw
test,target,CR_lounge_200110_1711.s900_chunk40.16kHz.wav,v,200110_1711,40,raw
test,target,CR_lounge_200110_1711.s600_chunk41.16kHz.wav,v,200110_1711,41,refined
test,target,CR_lounge_200110_1711.s1800_chunk41.16kHz.wav,v,200110_1711,41,refined
test,target,CR_lounge_200110_1711.s900_chunk41.16kHz.wav,v,200110_1711,41,raw
test,target,CR_lounge_200110_1711.s1500_chunk41.16kHz.wav,v,200110_1711,41,raw
test,target,CR_lounge_200110_1711.s600_chunk42.16kHz.wav,v,200110_1711,42,raw
test,target,CR_lounge_200110_1711.s1800_chunk42.16kHz.wav,v,200110_1711,42,raw
test,target,CR_lounge_200110_1711.s1500_chunk42.16kHz.wav,v,200110_1711,42,raw
test,target,CR_lounge_200110_1711.s600_chunk43.16kHz.wav,v,200110_1711,43,refined
test,target,CR_lounge_200110_1711.s1800_chunk43.16kHz.wav,v,200110_1711,43,raw
test,target,CR_lounge_200110_1711.s1500_chunk43.16kHz.wav,v,200110_1711,43,raw
test,target,CR_lounge_200110_1711.s600_chunk44.16kHz.wav,v,200110_1711,44,refined
test,target,CR_lounge_200110_1711.s1800_chunk44.16kHz.wav,v,200110_1711,44,refined
test,target,CR_lounge_200110_1711.s900_chunk44.16kHz.wav,v,200110_1711,44,raw
test,target,CR_lounge_200110_1711.s1200_chunk44.16kHz.wav,v,200110_1711,44,raw
test,target,CR_lounge_200110_1711.s1500_chunk44.16kHz.wav,v,200110_1711,44,raw
test,target,CR_lounge_200110_1711.s1800_chunk45.16kHz.wav,v,200110_1711,45,refined
test,target,CR_lounge_200110_1711.s900_chunk45.16kHz.wav,v,200110_1711,45,refined
test,target,CR_lounge_200110_1711.s600_chunk45.16kHz.wav,v,200110_1711,45,raw
test,target,CR_lounge_200110_1711.s1500_chunk45.16kHz.wav,v,200110_1711,45,raw
test,target,CR_lounge_200110_1711.s1800_chunk46.16kHz.wav,v,200110_1711,46,refined
test,target,CR_lounge_200110_1711.s600_chunk46.16kHz.wav,v,200110_1711,46,raw
test,target,CR_lounge_200110_1711.s1500_chunk46.16kHz.wav,v,200110_1711,46,raw
test,target,CR_lounge_200110_1711.s600_chunk47.16kHz.wav,v,200110_1711,47,raw
test,target,CR_lounge_200110_1711.s1800_chunk47.16kHz.wav,v,200110_1711,47,raw
test,target,CR_lounge_200110_1711.s900_chunk47.16kHz.wav,v,200110_1711,47,raw
test,target,CR_lounge_200110_1711.s1800_chunk48.16kHz.wav,v,200110_1711,48,refined
test,target,CR_lounge_200110_1711.s1200_chunk48.16kHz.wav,v,200110_1711,48,raw
test,target,CR_lounge_200110_1711.s1800_chunk49.16kHz.wav,v,200110_1711,49,refined
test,target,CR_lounge_200110_1711.s600_chunk49.16kHz.wav,v,200110_1711,49,raw
test,target,CR_lounge_200110_1711.s1200_chunk49.16kHz.wav,v,200110_1711,49,raw
test,target,CR_lounge_200110_1711.s1800_chunk50.16kHz.wav,v,200110_1711,50,refined
test,target,CR_lounge_200110_1711.s600_chunk50.16kHz.wav,v,200110_1711,50,raw
test,target,CR_lounge_200110_1711.s1800_chunk51.16kHz.wav,v,200110_1711,51,refined
test,target,CR_lounge_200110_1711.s1500_chunk51.16kHz.wav,v,200110_1711,51,raw
test,target,CR_lounge_200110_1711.s1800_chunk52.16kHz.wav,v,200110_1711,52,refined
test,target,CR_lounge_200110_1711.s600_chunk52.16kHz.wav,v,200110_1711,52,raw
test,target,CR_lounge_200110_1711.s1200_chunk52.16kHz.wav,v,200110_1711,52,raw
test,target,CR_lounge_200110_1711.s1500_chunk52.16kHz.wav,v,200110_1711,52,raw
test,target,CR_lounge_200110_1711.s1500_chunk53.16kHz.wav,v,200110_1711,53,refined
test,target,CR_lounge_200110_1711.s600_chunk53.16kHz.wav,v,200110_1711,53,raw
test,target,CR_lounge_200110_1711.s1800_chunk53.16kHz.wav,v,200110_1711,53,raw
test,target,CR_lounge_200110_1711.s1200_chunk53.16kHz.wav,v,200110_1711,53,raw
test,target,CR_lounge_200110_1711.s1800_chunk54.16kHz.wav,v,200110_1711,54,raw
test,target,CR_lounge_200110_1711.s1800_chunk55.16kHz.wav,v,200110_1711,55,refined
test,target,CR_lounge_200110_1711.s1200_chunk55.16kHz.wav,v,200110_1711,55,raw
test,target,CR_lounge_200110_1711.s1800_chunk56.16kHz.wav,v,200110_1711,56,raw
test,target,CR_lounge_200110_1711.s1200_chunk56.16kHz.wav,v,200110_1711,56,raw
test,target,CR_lounge_200110_1711.s1500_chunk57.16kHz.wav,v,200110_1711,57,refined
test,target,CR_lounge_200110_1711.s1800_chunk57.16kHz.wav,v,200110_1711,57,raw
test,target,CR_lounge_200110_1711.s900_chunk57.16kHz.wav,v,200110_1711,57,raw
test,target,CR_lounge_200110_1711.s600_chunk58.16kHz.wav,v,200110_1711,58,raw
test,target,CR_lounge_200110_1711.s900_chunk58.16kHz.wav,v,200110_1711,58,raw
test,target,CR_lounge_200110_1711.s1200_chunk58.16kHz.wav,v,200110_1711,58,raw
test,target,CR_lounge_200110_1711.s1500_chunk58.16kHz.wav,v,200110_1711,58,raw
test,target,CR_lounge_200110_1711.s1500_chunk59.16kHz.wav,v,200110_1711,59,refined
test,target,CR_lounge_200110_1711.s900_chunk59.16kHz.wav,v,200110_1711,59,raw
test,target,CR_lounge_200110_1711.s1500_chunk60.16kHz.wav,v,200110_1711,60,refined
test,target,CR_lounge_200110_1711.s900_chunk60.16kHz.wav,v,200110_1711,60,raw
test,target,CR_lounge_200110_1711.s1200_chunk60.16kHz.wav,v,200110_1711,60,raw
test,target,CR_lounge_200110_1711.s600_chunk61.16kHz.wav,v,200110_1711,61,refined
test,target,CR_lounge_200110_1711.s1200_chunk61.16kHz.wav,v,200110_1711,61,raw
test,target,CR_lounge_200110_1711.s1500_chunk61.16kHz.wav,v,200110_1711,61,raw
test,target,CR_lounge_200110_1711.s1200_chunk62.16kHz.wav,v,200110_1711,62,refined
test,target,CR_lounge_200110_1711.s1500_chunk62.16kHz.wav,v,200110_1711,62,raw
test,target,CR_lounge_200110_1711.s1500_chunk63.16kHz.wav,v,200110_1711,63,refined
test,target,CR_lounge_200110_1711.s1200_chunk63.16kHz.wav,v,200110_1711,63,raw
test,target,CR_lounge_200110_1711.s1500_chunk64.16kHz.wav,v,200110_1711,64,refined
test,target,CR_lounge_200110_1711.s1200_chunk64.16kHz.wav,v,200110_1711,64,raw
test,target,CR_lounge_200110_1711.s1500_chunk65.16kHz.wav,v,200110_1711,65,refined
test,target,CR_lounge_200110_1711.s600_chunk65.16kHz.wav,v,200110_1711,65,raw
test,target,CR_lounge_200110_1711.s900_chunk66.16kHz.wav,v,200110_1711,66,refined
test,target,CR_lounge_200110_1711.s1500_chunk66.16kHz.wav,v,200110_1711,66,refined
test,target,CR_lounge_200110_1711.s600_chunk66.16kHz.wav,v,200110_1711,66,raw
test,target,CR_lounge_200110_1711.s900_chunk67.16kHz.wav,v,200110_1711,67,refined
test,target,CR_lounge_200110_1711.s600_chunk67.16kHz.wav,v,200110_1711,67,raw
test,target,CR_lounge_200110_1711.s1500_chunk67.16kHz.wav,v,200110_1711,67,raw
test,target,CR_lounge_200110_1711.s900_chunk68.16kHz.wav,v,200110_1711,68,refined
test,target,CR_lounge_200110_1711.s1200_chunk68.16kHz.wav,v,200110_1711,68,refined
test,target,CR_lounge_200110_1711.s1500_chunk68.16kHz.wav,v,200110_1711,68,refined
test,target,CR_lounge_200110_1711.s900_chunk69.16kHz.wav,v,200110_1711,69,raw
test,target,CR_lounge_200110_1711.s1200_chunk69.16kHz.wav,v,200110_1711,69,raw
test,target,CR_lounge_200110_1711.s1500_chunk69.16kHz.wav,v,200110_1711,69,raw
test,target,CR_lounge_200110_1711.s900_chunk70.16kHz.wav,v,200110_1711,70,refined
test,target,CR_lounge_200110_1711.s1200_chunk70.16kHz.wav,v,200110_1711,70,raw
test,target,CR_lounge_200110_1711.s1500_chunk70.16kHz.wav,v,200110_1711,70,raw
test,target,CR_lounge_200110_1711.s900_chunk71.16kHz.wav,v,200110_1711,71,raw
test,target,CR_lounge_200110_1711.s1200_chunk71.16kHz.wav,v,200110_1711,71,raw
test,target,CR_lounge_200110_1711.s900_chunk72.16kHz.wav,v,200110_1711,72,refined
test,target,CR_lounge_200110_1711.s1500_chunk72.16kHz.wav,v,200110_1711,72,refined
test,target,CR_lounge_200110_1711.s1200_chunk72.16kHz.wav,v,200110_1711,72,raw
test,target,CR_lounge_200110_1711.s1500_chunk73.16kHz.wav,v,200110_1711,73,refined
test,target,CR_lounge_200110_1711.s600_chunk73.16kHz.wav,v,200110_1711,73,raw
test,target,CR_lounge_200110_1711.s600_chunk74.16kHz.wav,v,200110_1711,74,raw
test,target,CR_lounge_200110_1711.s900_chunk74.16kHz.wav,v,200110_1711,74,raw
test,target,CR_lounge_200110_1711.s1200_chunk74.16kHz.wav,v,200110_1711,74,raw
test,target,CR_lounge_200110_1711.s1500_chunk74.16kHz.wav,v,200110_1711,74,raw
test,target,CR_lounge_230110_1036.s2400_chunk1.16kHz.wav,v,230110_1036,1,raw
test,target,CR_lounge_230110_1036.s300_chunk4.16kHz.wav,v,230110_1036,4,refined
test,target,CR_lounge_230110_1036.s300_chunk6.16kHz.wav,v,230110_1036,6,refined
test,target,CR_lounge_230110_1036.s900_chunk6.16kHz.wav,v,230110_1036,6,raw
test,target,CR_lounge_230110_1036.s2400_chunk6.16kHz.wav,v,230110_1036,6,raw
test,target,CR_lounge_230110_1036.s1500_chunk7.16kHz.wav,v,230110_1036,7,refined
test,target,CR_lounge_230110_1036.s900_chunk10.16kHz.wav,v,230110_1036,10,raw
test,target,CR_lounge_230110_1036.s2400_chunk13.16kHz.wav,v,230110_1036,13,raw
test,target,CR_lounge_230110_1036.s1500_chunk14.16kHz.wav,v,230110_1036,14,refined
test,target,CR_lounge_230110_1036.s900_chunk15.16kHz.wav,v,230110_1036,15,refined
test,target,CR_lounge_230110_1036.s2400_chunk19.16kHz.wav,v,230110_1036,19,raw
test,target,CR_lounge_230110_1036.s1500_chunk20.16kHz.wav,v,230110_1036,20,refined
test,target,CR_lounge_230110_1036.s2400_chunk20.16kHz.wav,v,230110_1036,20,raw
test,target,CR_lounge_230110_1036.s2400_chunk21.16kHz.wav,v,230110_1036,21,raw
test,target,CR_lounge_230110_1036.s900_chunk23.16kHz.wav,v,230110_1036,23,refined
test,target,CR_lounge_230110_1036.s2400_chunk26.16kHz.wav,v,230110_1036,26,raw
test,target,CR_lounge_230110_1036.s2400_chunk27.16kHz.wav,v,230110_1036,27,raw
test,target,CR_lounge_230110_1036.s300_chunk28.16kHz.wav,v,230110_1036,28,raw
test,target,CR_lounge_230110_1036.s2400_chunk28.16kHz.wav,v,230110_1036,28,raw
test,target,CR_lounge_230110_1036.s1500_chunk29.16kHz.wav,v,230110_1036,29,refined
test,target,CR_lounge_230110_1036.s2400_chunk30.16kHz.wav,v,230110_1036,30,raw
test,target,CR_lounge_230110_1036.s2400_chunk31.16kHz.wav,v,230110_1036,31,raw
test,target,CR_lounge_230110_1036.s2400_chunk32.16kHz.wav,v,230110_1036,32,raw
test,target,CR_lounge_230110_1036.s0_chunk34.16kHz.wav,v,230110_1036,34,raw
test,target,CR_lounge_230110_1036.s2400_chunk34.16kHz.wav,v,230110_1036,34,raw
test,target,CR_lounge_230110_1036.s2400_chunk35.16kHz.wav,v,230110_1036,35,raw
test,target,CR_lounge_230110_1036.s1500_chunk36.16kHz.wav,v,230110_1036,36,refined
test,target,CR_lounge_230110_1036.s2100_chunk36.16kHz.wav,v,230110_1036,36,raw
test,target,CR_lounge_230110_1036.s2400_chunk36.16kHz.wav,v,230110_1036,36,raw
test,target,CR_lounge_230110_1036.s2400_chunk37.16kHz.wav,v,230110_1036,37,raw
test,target,CR_lounge_230110_1036.s2400_chunk39.16kHz.wav,v,230110_1036,39,raw
test,target,CR_lounge_230110_1036.s2100_chunk40.16kHz.wav,v,230110_1036,40,raw
test,target,CR_lounge_230110_1036.s1800_chunk40.16kHz.wav,v,230110_1036,40,raw
test,target,CR_lounge_230110_1036.s2400_chunk40.16kHz.wav,v,230110_1036,40,raw
test,target,CR_lounge_230110_1036.s900_chunk41.16kHz.wav,v,230110_1036,41,refined
test,target,CR_lounge_230110_1036.s1200_chunk42.16kHz.wav,v,230110_1036,42,refined
test,target,CR_lounge_230110_1036.s1200_chunk43.16kHz.wav,v,230110_1036,43,refined
test,target,CR_lounge_230110_1036.s1200_chunk44.16kHz.wav,v,230110_1036,44,raw
test,target,CR_lounge_230110_1036.s1200_chunk45.16kHz.wav,v,230110_1036,45,refined
test,target,CR_lounge_230110_1036.s1200_chunk46.16kHz.wav,v,230110_1036,46,refined
test,target,CR_lounge_230110_1036.s1800_chunk46.16kHz.wav,v,230110_1036,46,raw
test,target,CR_lounge_230110_1036.s1200_chunk47.16kHz.wav,v,230110_1036,47,refined
test,target,CR_lounge_230110_1036.s900_chunk48.16kHz.wav,v,230110_1036,48,refined
test,target,CR_lounge_230110_1036.s1200_chunk48.16kHz.wav,v,230110_1036,48,refined
test,target,CR_lounge_230110_1036.s1800_chunk48.16kHz.wav,v,230110_1036,48,raw
test,target,CR_lounge_230110_1036.s900_chunk49.16kHz.wav,v,230110_1036,49,refined
test,target,CR_lounge_230110_1036.s1200_chunk49.16kHz.wav,v,230110_1036,49,raw
test,target,CR_lounge_230110_1036.s1200_chunk51.16kHz.wav,v,230110_1036,51,refined
test,target,CR_lounge_230110_1036.s1200_chunk52.16kHz.wav,v,230110_1036,52,raw
test,target,CR_lounge_230110_1036.s2100_chunk53.16kHz.wav,v,230110_1036,53,raw
test,target,CR_lounge_230110_1036.s2100_chunk54.16kHz.wav,v,230110_1036,54,raw
test,target,CR_lounge_230110_1036.s1200_chunk54.16kHz.wav,v,230110_1036,54,raw
test,target,CR_lounge_230110_1036.s0_chunk55.16kHz.wav,v,230110_1036,55,raw
test,target,CR_lounge_230110_1036.s1500_chunk59.16kHz.wav,v,230110_1036,59,raw
test,target,CR_lounge_230110_1036.s2100_chunk60.16kHz.wav,v,230110_1036,60,refined
test,target,CR_lounge_230110_1036.s2100_chunk61.16kHz.wav,v,230110_1036,61,raw
test,target,CR_lounge_230110_1036.s900_chunk61.16kHz.wav,v,230110_1036,61,raw
test,target,CR_lounge_230110_1036.s600_chunk62.16kHz.wav,v,230110_1036,62,refined
test,target,CR_lounge_230110_1036.s2100_chunk62.16kHz.wav,v,230110_1036,62,raw
test,target,CR_lounge_230110_1036.s1500_chunk63.16kHz.wav,v,230110_1036,63,refined
test,target,CR_lounge_230110_1036.s600_chunk63.16kHz.wav,v,230110_1036,63,raw
test,target,CR_lounge_230110_1036.s2100_chunk64.16kHz.wav,v,230110_1036,64,raw
test,target,CR_lounge_230110_1036.s600_chunk65.16kHz.wav,v,230110_1036,65,refined
test,target,CR_lounge_230110_1036.s900_chunk66.16kHz.wav,v,230110_1036,66,raw
test,target,CR_lounge_230110_1036.s2100_chunk67.16kHz.wav,v,230110_1036,67,raw
test,target,CR_lounge_230110_1036.s2100_chunk68.16kHz.wav,v,230110_1036,68,raw
test,target,CR_lounge_230110_1036.s2100_chunk69.16kHz.wav,v,230110_1036,69,raw
test,target,CR_lounge_230110_1036.s300_chunk70.16kHz.wav,v,230110_1036,70,raw
test,target,CR_lounge_230110_1036.s1500_chunk70.16kHz.wav,v,230110_1036,70,raw
test,target,CR_lounge_230110_1036.s1200_chunk72.16kHz.wav,v,230110_1036,72,refined
test,target,CR_lounge_230110_1036.s2100_chunk72.16kHz.wav,v,230110_1036,72,raw
test,target,CR_lounge_230110_1036.s2100_chunk73.16kHz.wav,v,230110_1036,73,refined
test,target,CR_lounge_230110_1036.s300_chunk73.16kHz.wav,v,230110_1036,73,raw
test,target,CR_lounge_230110_1036.s300_chunk74.16kHz.wav,v,230110_1036,74,raw
train,others,CR_lounge_220110_0731.s0_chunk0.16kHz.wav,op,220110_0731,0,refined
train,others,CR_lounge_220110_0731.s3600_chunk0.16kHz.wav,cm,220110_0731,0,raw
train,others,CR_lounge_220110_0731.s2100_chunk0.16kHz.wav,cp,220110_0731,0,raw
train,others,CR_lounge_220110_0731.s300_chunk0.16kHz.wav,cp,220110_0731,0,raw
train,others,CR_lounge_220110_0731.s3000_chunk0.16kHz.wav,cfp,220110_0731,0,raw
train,others,CR_lounge_220110_0731.s1200_chunk0.16kHz.wav,cp,220110_0731,0,raw
train,others,CR_lounge_220110_0731.s2400_chunk0.16kHz.wav,mo,220110_0731,0,raw
train,others,CR_lounge_220110_0731.s3300_chunk0.16kHz.wav,cp,220110_0731,0,raw
train,others,CR_lounge_220110_0731.s600_chunk0.16kHz.wav,cp,220110_0731,0,raw
train,others,CR_lounge_220110_0731.s900_chunk0.16kHz.wav,cp,220110_0731,0,raw
train,others,CR_lounge_220110_0731.s2700_chunk0.16kHz.wav,cmp,220110_0731,0,raw
train,others,CR_lounge_220110_0731.s600_chunk1.16kHz.wav,cp,220110_0731,1,refined
train,others,CR_lounge_220110_0731.s900_chunk1.16kHz.wav,cp,220110_0731,1,refined
train,others,CR_lounge_220110_0731.s0_chunk1.16kHz.wav,cf,220110_0731,1,raw
train,others,CR_lounge_220110_0731.s3600_chunk1.16kHz.wav,cm,220110_0731,1,raw
train,others,CR_lounge_220110_0731.s2100_chunk1.16kHz.wav,p,220110_0731,1,raw
train,others,CR_lounge_220110_0731.s300_chunk1.16kHz.wav,c,220110_0731,1,raw
train,others,CR_lounge_220110_0731.s3000_chunk1.16kHz.wav,cfm,220110_0731,1,raw
train,others,CR_lounge_220110_0731.s1200_chunk1.16kHz.wav,c,220110_0731,1,raw
train,others,CR_lounge_220110_0731.s2400_chunk1.16kHz.wav,mp,220110_0731,1,raw
train,others,CR_lounge_220110_0731.s3300_chunk1.16kHz.wav,cp,220110_0731,1,raw
train,others,CR_lounge_220110_0731.s2700_chunk1.16kHz.wav,c,220110_0731,1,raw
train,others,CR_lounge_220110_0731.s3000_chunk2.16kHz.wav,cm,220110_0731,2,refined
train,others,CR_lounge_220110_0731.s1200_chunk2.16kHz.wav,cfp,220110_0731,2,refined
train,others,CR_lounge_220110_0731.s600_chunk2.16kHz.wav,cp,220110_0731,2,refined
train,others,CR_lounge_220110_0731.s0_chunk2.16kHz.wav,c,220110_0731,2,raw
train,others,CR_lounge_220110_0731.s3600_chunk2.16kHz.wav,mp,220110_0731,2,raw
train,others,CR_lounge_220110_0731.s2100_chunk2.16kHz.wav,cp,220110_0731,2,raw
train,others,CR_lounge_220110_0731.s300_chunk2.16kHz.wav,c,220110_0731,2,raw
train,others,CR_lounge_220110_0731.s3300_chunk2.16kHz.wav,cp,220110_0731,2,raw
train,others,CR_lounge_220110_0731.s900_chunk2.16kHz.wav,c,220110_0731,2,raw
train,others,CR_lounge_220110_0731.s2700_chunk2.16kHz.wav,cmp,220110_0731,2,raw
train,others,CR_lounge_220110_0731.s3600_chunk3.16kHz.wav,cmop,220110_0731,3,refined
train,others,CR_lounge_220110_0731.s2100_chunk3.16kHz.wav,cop,220110_0731,3,refined
train,others,CR_lounge_220110_0731.s2700_chunk3.16kHz.wav,mp,220110_0731,3,refined
train,others,CR_lounge_220110_0731.s0_chunk3.16kHz.wav,cf,220110_0731,3,raw
train,others,CR_lounge_220110_0731.s300_chunk3.16kHz.wav,c,220110_0731,3,raw
train,others,CR_lounge_220110_0731.s3000_chunk3.16kHz.wav,cmo,220110_0731,3,raw
train,others,CR_lounge_220110_0731.s1200_chunk3.16kHz.wav,c,220110_0731,3,raw
train,others,CR_lounge_220110_0731.s2400_chunk3.16kHz.wav,cmp,220110_0731,3,raw
train,others,CR_lounge_220110_0731.s3300_chunk3.16kHz.wav,cp,220110_0731,3,raw
train,others,CR_lounge_220110_0731.s600_chunk3.16kHz.wav,cp,220110_0731,3,raw
train,others,CR_lounge_220110_0731.s900_chunk3.16kHz.wav,c,220110_0731,3,raw
train,others,CR_lounge_220110_0731.s2100_chunk4.16kHz.wav,cop,220110_0731,4,refined
train,others,CR_lounge_220110_0731.s300_chunk4.16kHz.wav,cop,220110_0731,4,refined
train,others,CR_lounge_220110_0731.s600_chunk4.16kHz.wav,cp,220110_0731,4,refined
train,others,CR_lounge_220110_0731.s2700_chunk4.16kHz.wav,cmp,220110_0731,4,refined
train,others,CR_lounge_220110_0731.s0_chunk4.16kHz.wav,fp,220110_0731,4,raw
train,others,CR_lounge_220110_0731.s3600_chunk4.16kHz.wav,cmo,220110_0731,4,raw
train,others,CR_lounge_220110_0731.s3000_chunk4.16kHz.wav,mo,220110_0731,4,raw
train,others,CR_lounge_220110_0731.s2400_chunk4.16kHz.wav,bm,220110_0731,4,raw
train,others,CR_lounge_220110_0731.s3300_chunk4.16kHz.wav,cp,220110_0731,4,raw
train,others,CR_lounge_220110_0731.s900_chunk4.16kHz.wav,co,220110_0731,4,raw
train,others,CR_lounge_220110_0731.s0_chunk5.16kHz.wav,cfp,220110_0731,5,refined
train,others,CR_lounge_220110_0731.s2100_chunk5.16kHz.wav,op,220110_0731,5,refined
train,others,CR_lounge_220110_0731.s300_chunk5.16kHz.wav,cop,220110_0731,5,refined
train,others,CR_lounge_220110_0731.s1200_chunk5.16kHz.wav,p,220110_0731,5,refined
train,others,CR_lounge_220110_0731.s3600_chunk5.16kHz.wav,cmp,220110_0731,5,raw
train,others,CR_lounge_220110_0731.s3000_chunk5.16kHz.wav,cf,220110_0731,5,raw
train,others,CR_lounge_220110_0731.s2400_chunk5.16kHz.wav,m,220110_0731,5,raw
train,others,CR_lounge_220110_0731.s3300_chunk5.16kHz.wav,cp,220110_0731,5,raw
train,others,CR_lounge_220110_0731.s600_chunk5.16kHz.wav,c,220110_0731,5,raw
train,others,CR_lounge_220110_0731.s900_chunk5.16kHz.wav,c,220110_0731,5,raw
train,others,CR_lounge_220110_0731.s2700_chunk5.16kHz.wav,cmp,220110_0731,5,raw
train,others,CR_lounge_220110_0731.s300_chunk6.16kHz.wav,cop,220110_0731,6,refined
train,others,CR_lounge_220110_0731.s600_chunk6.16kHz.wav,cp,220110_0731,6,refined
train,others,CR_lounge_220110_0731.s900_chunk6.16kHz.wav,c,220110_0731,6,refined
train,others,CR_lounge_220110_0731.s0_chunk6.16kHz.wav,cp,220110_0731,6,raw
train,others,CR_lounge_220110_0731.s3600_chunk6.16kHz.wav,cfmp,220110_0731,6,raw
train,others,CR_lounge_220110_0731.s2100_chunk6.16kHz.wav,p,220110_0731,6,raw
train,others,CR_lounge_220110_0731.s3000_chunk6.16kHz.wav,m,220110_0731,6,raw
train,others,CR_lounge_220110_0731.s1200_chunk6.16kHz.wav,cfo,220110_0731,6,raw
train,others,CR_lounge_220110_0731.s2400_chunk6.16kHz.wav,mo,220110_0731,6,raw
train,others,CR_lounge_220110_0731.s3300_chunk6.16kHz.wav,cp,220110_0731,6,raw
train,others,CR_lounge_220110_0731.s2700_chunk6.16kHz.wav,cm,220110_0731,6,raw
train,others,CR_lounge_220110_0731.s0_chunk7.16kHz.wav,cp,220110_0731,7,refined
train,others,CR_lounge_220110_0731.s2100_chunk7.16kHz.wav,op,220110_0731,7,refined
train,others,CR_lounge_220110_0731.s900_chunk7.16kHz.wav,c,220110_0731,7,refined
train,others,CR_lounge_220110_0731.s3600_chunk7.16kHz.wav,cmp,220110_0731,7,raw
train,others,CR_lounge_220110_0731.s300_chunk7.16kHz.wav,cp,220110_0731,7,raw
train,others,CR_lounge_220110_0731.s3000_chunk7.16kHz.wav,cm,220110_0731,7,raw
train,others,CR_lounge_220110_0731.s1200_chunk7.16kHz.wav,cp,220110_0731,7,raw
train,others,CR_lounge_220110_0731.s2400_chunk7.16kHz.wav,m,220110_0731,7,raw
train,others,CR_lounge_220110_0731.s3300_chunk7.16kHz.wav,c,220110_0731,7,raw
train,others,CR_lounge_220110_0731.s600_chunk7.16kHz.wav,cp,220110_0731,7,raw
train,others,CR_lounge_220110_0731.s2700_chunk7.16kHz.wav,cp,220110_0731,7,raw
train,others,CR_lounge_220110_0731.s3000_chunk8.16kHz.wav,cfm,220110_0731,8,refined
train,others,CR_lounge_220110_0731.s0_chunk8.16kHz.wav,cp,220110_0731,8,raw
train,others,CR_lounge_220110_0731.s3600_chunk8.16kHz.wav,cfp,220110_0731,8,raw
train,others,CR_lounge_220110_0731.s2100_chunk8.16kHz.wav,cp,220110_0731,8,raw
train,others,CR_lounge_220110_0731.s300_chunk8.16kHz.wav,cp,220110_0731,8,raw
train,others,CR_lounge_220110_0731.s1200_chunk8.16kHz.wav,c,220110_0731,8,raw
train,others,CR_lounge_220110_0731.s2400_chunk8.16kHz.wav,bcm,220110_0731,8,raw
train,others,CR_lounge_220110_0731.s3300_chunk8.16kHz.wav,c,220110_0731,8,raw
train,others,CR_lounge_220110_0731.s600_chunk8.16kHz.wav,cp,220110_0731,8,raw
train,others,CR_lounge_220110_0731.s900_chunk8.16kHz.wav,cp,220110_0731,8,raw
train,others,CR_lounge_220110_0731.s2700_chunk8.16kHz.wav,cmp,220110_0731,8,raw
train,others,CR_lounge_220110_0731.s0_chunk9.16kHz.wav,cop,220110_0731,9,refined
train,others,CR_lounge_220110_0731.s1200_chunk9.16kHz.wav,cfp,220110_0731,9,refined
train,others,CR_lounge_220110_0731.s3600_chunk9.16kHz.wav,cp,220110_0731,9,raw
train,others,CR_lounge_220110_0731.s2100_chunk9.16kHz.wav,o,220110_0731,9,raw
train,others,CR_lounge_220110_0731.s300_chunk9.16kHz.wav,cfp,220110_0731,9,raw
train,others,CR_lounge_220110_0731.s3000_chunk9.16kHz.wav,m,220110_0731,9,raw
train,others,CR_lounge_220110_0731.s2400_chunk9.16kHz.wav,mp,220110_0731,9,raw
train,others,CR_lounge_220110_0731.s3300_chunk9.16kHz.wav,cp,220110_0731,9,raw
train,others,CR_lounge_220110_0731.s600_chunk9.16kHz.wav,c,220110_0731,9,raw
train,others,CR_lounge_220110_0731.s900_chunk9.16kHz.wav,cp,220110_0731,9,raw
train,others,CR_lounge_220110_0731.s2700_chunk9.16kHz.wav,c,220110_0731,9,raw
train,others,CR_lounge_220110_0731.s2100_chunk10.16kHz.wav,o,220110_0731,10,refined
train,others,CR_lounge_220110_0731.s300_chunk10.16kHz.wav,cfop,220110_0731,10,refined
train,others,CR_lounge_220110_0731.s1200_chunk10.16kHz.wav,cfp,220110_0731,10,refined
train,others,CR_lounge_220110_0731.s600_chunk10.16kHz.wav,c,220110_0731,10,refined
train,others,CR_lounge_220110_0731.s2700_chunk10.16kHz.wav,cm,220110_0731,10,refined
train,others,CR_lounge_220110_0731.s0_chunk10.16kHz.wav,cp,220110_0731,10,raw
train,others,CR_lounge_220110_0731.s3600_chunk10.16kHz.wav,cfmp,220110_0731,10,raw
train,others,CR_lounge_220110_0731.s3000_chunk10.16kHz.wav,c,220110_0731,10,raw
train,others,CR_lounge_220110_0731.s2400_chunk10.16kHz.wav,cmp,220110_0731,10,raw
train,others,CR_lounge_220110_0731.s3300_chunk10.16kHz.wav,co,220110_0731,10,raw
train,others,CR_lounge_220110_0731.s900_chunk10.16kHz.wav,cp,220110_0731,10,raw
train,others,CR_lounge_220110_0731.s0_chunk11.16kHz.wav,cp,220110_0731,11,refined
train,others,CR_lounge_220110_0731.s3600_chunk11.16kHz.wav,cfmp,220110_0731,11,refined
train,others,CR_lounge_220110_0731.s2100_chunk11.16kHz.wav,co,220110_0731,11,raw
train,others,CR_lounge_220110_0731.s300_chunk11.16kHz.wav,fop,220110_0731,11,raw
train,others,CR_lounge_220110_0731.s3000_chunk11.16kHz.wav,cm,220110_0731,11,raw
train,others,CR_lounge_220110_0731.s1200_chunk11.16kHz.wav,p,220110_0731,11,raw
train,others,CR_lounge_220110_0731.s2400_chunk11.16kHz.wav,mo,220110_0731,11,raw
train,others,CR_lounge_220110_0731.s3300_chunk11.16kHz.wav,cf,220110_0731,11,raw
train,others,CR_lounge_220110_0731.s600_chunk11.16kHz.wav,cp,220110_0731,11,raw
train,others,CR_lounge_220110_0731.s900_chunk11.16kHz.wav,p,220110_0731,11,raw
train,others,CR_lounge_220110_0731.s2700_chunk11.16kHz.wav,cmp,220110_0731,11,raw
train,others,CR_lounge_220110_0731.s0_chunk12.16kHz.wav,c,220110_0731,12,refined
train,others,CR_lounge_220110_0731.s2100_chunk12.16kHz.wav,co,220110_0731,12,refined
train,others,CR_lounge_220110_0731.s2400_chunk12.16kHz.wav,cop,220110_0731,12,refined
train,others,CR_lounge_220110_0731.s2700_chunk12.16kHz.wav,cmp,220110_0731,12,refined
train,others,CR_lounge_220110_0731.s3600_chunk12.16kHz.wav,cp,220110_0731,12,raw
train,others,CR_lounge_220110_0731.s300_chunk12.16kHz.wav,cop,220110_0731,12,raw
train,others,CR_lounge_220110_0731.s3000_chunk12.16kHz.wav,cm,220110_0731,12,raw
train,others,CR_lounge_220110_0731.s1200_chunk12.16kHz.wav,c,220110_0731,12,raw
train,others,CR_lounge_220110_0731.s3300_chunk12.16kHz.wav,cf,220110_0731,12,raw
train,others,CR_lounge_220110_0731.s600_chunk12.16kHz.wav,c,220110_0731,12,raw
train,others,CR_lounge_220110_0731.s900_chunk12.16kHz.wav,p,220110_0731,12,raw
train,others,CR_lounge_220110_0731.s3600_chunk13.16kHz.wav,cp,220110_0731,13,refined
train,others,CR_lounge_220110_0731.s2700_chunk13.16kHz.wav,mo,220110_0731,13,refined
train,others,CR_lounge_220110_0731.s0_chunk13.16kHz.wav,cp,220110_0731,13,raw
train,others,CR_lounge_220110_0731.s2100_chunk13.16kHz.wav,co,220110_0731,13,raw
train,others,CR_lounge_220110_0731.s300_chunk13.16kHz.wav,p,220110_0731,13,raw
train,others,CR_lounge_220110_0731.s3000_chunk13.16kHz.wav,cm,220110_0731,13,raw
train,others,CR_lounge_220110_0731.s1200_chunk13.16kHz.wav,c,220110_0731,13,raw
train,others,CR_lounge_220110_0731.s2400_chunk13.16kHz.wav,cm,220110_0731,13,raw
train,others,CR_lounge_220110_0731.s3300_chunk13.16kHz.wav,cfp,220110_0731,13,raw
train,others,CR_lounge_220110_0731.s600_chunk13.16kHz.wav,c,220110_0731,13,raw
train,others,CR_lounge_220110_0731.s900_chunk13.16kHz.wav,p,220110_0731,13,raw
train,others,CR_lounge_220110_0731.s900_chunk14.16kHz.wav,fop,220110_0731,14,refined
train,others,CR_lounge_220110_0731.s0_chunk14.16kHz.wav,cp,220110_0731,14,raw
train,others,CR_lounge_220110_0731.s3600_chunk14.16kHz.wav,cfmp,220110_0731,14,raw
train,others,CR_lounge_220110_0731.s2100_chunk14.16kHz.wav,co,220110_0731,14,raw
train,others,CR_lounge_220110_0731.s300_chunk14.16kHz.wav,cp,220110_0731,14,raw
train,others,CR_lounge_220110_0731.s3000_chunk14.16kHz.wav,cp,220110_0731,14,raw
train,others,CR_lounge_220110_0731.s1200_chunk14.16kHz.wav,cp,220110_0731,14,raw
train,others,CR_lounge_220110_0731.s3300_chunk14.16kHz.wav,cp,220110_0731,14,raw
train,others,CR_lounge_220110_0731.s600_chunk14.16kHz.wav,c,220110_0731,14,raw
train,others,CR_lounge_220110_0731.s2700_chunk14.16kHz.wav,cm,220110_0731,14,raw
train,others,CR_lounge_220110_0731.s0_chunk15.16kHz.wav,cop,220110_0731,15,refined
train,others,CR_lounge_220110_0731.s2400_chunk15.16kHz.wav,cop,220110_0731,15,refined
train,others,CR_lounge_220110_0731.s3600_chunk15.16kHz.wav,cfmp,220110_0731,15,raw
train,others,CR_lounge_220110_0731.s2100_chunk15.16kHz.wav,cp,220110_0731,15,raw
train,others,CR_lounge_220110_0731.s300_chunk15.16kHz.wav,cp,220110_0731,15,raw
train,others,CR_lounge_220110_0731.s3000_chunk15.16kHz.wav,c,220110_0731,15,raw
train,others,CR_lounge_220110_0731.s1200_chunk15.16kHz.wav,cf,220110_0731,15,raw
train,others,CR_lounge_220110_0731.s3300_chunk15.16kHz.wav,cp,220110_0731,15,raw
train,others,CR_lounge_220110_0731.s600_chunk15.16kHz.wav,cp,220110_0731,15,raw
train,others,CR_lounge_220110_0731.s900_chunk15.16kHz.wav,f,220110_0731,15,raw
train,others,CR_lounge_220110_0731.s2700_chunk15.16kHz.wav,cm,220110_0731,15,raw
train,others,CR_lounge_220110_0731.s0_chunk16.16kHz.wav,cp,220110_0731,16,refined
train,others,CR_lounge_220110_0731.s3600_chunk16.16kHz.wav,cfmp,220110_0731,16,refined
train,others,CR_lounge_220110_0731.s300_chunk16.16kHz.wav,cop,220110_0731,16,refined
train,others,CR_lounge_220110_0731.s3000_chunk16.16kHz.wav,cm,220110_0731,16,refined
train,others,CR_lounge_220110_0731.s1200_chunk16.16kHz.wav,cfp,220110_0731,16,refined
train,others,CR_lounge_220110_0731.s900_chunk16.16kHz.wav,cfop,220110_0731,16,refined
train,others,CR_lounge_220110_0731.s2100_chunk16.16kHz.wav,co,220110_0731,16,raw
train,others,CR_lounge_220110_0731.s2400_chunk16.16kHz.wav,cm,220110_0731,16,raw
train,others,CR_lounge_220110_0731.s3300_chunk16.16kHz.wav,cfp,220110_0731,16,raw
train,others,CR_lounge_220110_0731.s600_chunk16.16kHz.wav,cp,220110_0731,16,raw
train,others,CR_lounge_220110_0731.s2700_chunk16.16kHz.wav,mp,220110_0731,16,raw
train,others,CR_lounge_220110_0731.s0_chunk17.16kHz.wav,cop,220110_0731,17,refined
train,others,CR_lounge_220110_0731.s900_chunk17.16kHz.wav,cfp,220110_0731,17,refined
train,others,CR_lounge_220110_0731.s2700_chunk17.16kHz.wav,cmp,220110_0731,17,refined
train,others,CR_lounge_220110_0731.s3600_chunk17.16kHz.wav,cm,220110_0731,17,raw
train,others,CR_lounge_220110_0731.s2100_chunk17.16kHz.wav,co,220110_0731,17,raw
train,others,CR_lounge_220110_0731.s300_chunk17.16kHz.wav,cp,220110_0731,17,raw
train,others,CR_lounge_220110_0731.s3000_chunk17.16kHz.wav,cm,220110_0731,17,raw
train,others,CR_lounge_220110_0731.s1200_chunk17.16kHz.wav,cf,220110_0731,17,raw
train,others,CR_lounge_220110_0731.s2400_chunk17.16kHz.wav,cmo,220110_0731,17,raw
train,others,CR_lounge_220110_0731.s3300_chunk17.16kHz.wav,cmp,220110_0731,17,raw
train,others,CR_lounge_220110_0731.s600_chunk17.16kHz.wav,c,220110_0731,17,raw
train,others,CR_lounge_220110_0731.s0_chunk18.16kHz.wav,cp,220110_0731,18,refined
train,others,CR_lounge_220110_0731.s2100_chunk18.16kHz.wav,co,220110_0731,18,refined
train,others,CR_lounge_220110_0731.s300_chunk18.16kHz.wav,cop,220110_0731,18,refined
train,others,CR_lounge_220110_0731.s3000_chunk18.16kHz.wav,cm,220110_0731,18,refined
train,others,CR_lounge_220110_0731.s2400_chunk18.16kHz.wav,mop,220110_0731,18,refined
train,others,CR_lounge_220110_0731.s3600_chunk18.16kHz.wav,cm,220110_0731,18,raw
train,others,CR_lounge_220110_0731.s1200_chunk18.16kHz.wav,cf,220110_0731,18,raw
train,others,CR_lounge_220110_0731.s3300_chunk18.16kHz.wav,cp,220110_0731,18,raw
train,others,CR_lounge_220110_0731.s600_chunk18.16kHz.wav,cp,220110_0731,18,raw
train,others,CR_lounge_220110_0731.s900_chunk18.16kHz.wav,c,220110_0731,18,raw
train,others,CR_lounge_220110_0731.s2700_chunk18.16kHz.wav,cm,220110_0731,18,raw
train,others,CR_lounge_220110_0731.s0_chunk19.16kHz.wav,cp,220110_0731,19,refined
train,others,CR_lounge_220110_0731.s300_chunk19.16kHz.wav,cop,220110_0731,19,refined
train,others,CR_lounge_220110_0731.s2400_chunk19.16kHz.wav,mop,220110_0731,19,refined
train,others,CR_lounge_220110_0731.s600_chunk19.16kHz.wav,c,220110_0731,19,refined
train,others,CR_lounge_220110_0731.s900_chunk19.16kHz.wav,cop,220110_0731,19,refined
train,others,CR_lounge_220110_0731.s2700_chunk19.16kHz.wav,cm,220110_0731,19,refined
train,others,CR_lounge_220110_0731.s3600_chunk19.16kHz.wav,cm,220110_0731,19,raw
train,others,CR_lounge_220110_0731.s2100_chunk19.16kHz.wav,co,220110_0731,19,raw
train,others,CR_lounge_220110_0731.s3000_chunk19.16kHz.wav,c,220110_0731,19,raw
train,others,CR_lounge_220110_0731.s1200_chunk19.16kHz.wav,c,220110_0731,19,raw
train,others,CR_lounge_220110_0731.s3300_chunk19.16kHz.wav,cp,220110_0731,19,raw
train,others,CR_lounge_220110_0731.s0_chunk20.16kHz.wav,cp,220110_0731,20,refined
train,others,CR_lounge_220110_0731.s3600_chunk20.16kHz.wav,cfm,220110_0731,20,refined
train,others,CR_lounge_220110_0731.s300_chunk20.16kHz.wav,cop,220110_0731,20,refined
train,others,CR_lounge_220110_0731.s2700_chunk20.16kHz.wav,cm,220110_0731,20,refined
train,others,CR_lounge_220110_0731.s2100_chunk20.16kHz.wav,co,220110_0731,20,raw
train,others,CR_lounge_220110_0731.s3000_chunk20.16kHz.wav,m,220110_0731,20,raw
train,others,CR_lounge_220110_0731.s1200_chunk20.16kHz.wav,cp,220110_0731,20,raw
train,others,CR_lounge_220110_0731.s2400_chunk20.16kHz.wav,mo,220110_0731,20,raw
train,others,CR_lounge_220110_0731.s3300_chunk20.16kHz.wav,cp,220110_0731,20,raw
train,others,CR_lounge_220110_0731.s600_chunk20.16kHz.wav,cp,220110_0731,20,raw
train,others,CR_lounge_220110_0731.s900_chunk20.16kHz.wav,c,220110_0731,20,raw
train,others,CR_lounge_220110_0731.s0_chunk21.16kHz.wav,cp,220110_0731,21,refined
train,others,CR_lounge_220110_0731.s3600_chunk21.16kHz.wav,cfmop,220110_0731,21,refined
train,others,CR_lounge_220110_0731.s2100_chunk21.16kHz.wav,cop,220110_0731,21,refined
train,others,CR_lounge_220110_0731.s600_chunk21.16kHz.wav,cop,220110_0731,21,refined
train,others,CR_lounge_220110_0731.s300_chunk21.16kHz.wav,cp,220110_0731,21,raw
train,others,CR_lounge_220110_0731.s3000_chunk21.16kHz.wav,m,220110_0731,21,raw
train,others,CR_lounge_220110_0731.s1200_chunk21.16kHz.wav,cp,220110_0731,21,raw
train,others,CR_lounge_220110_0731.s2400_chunk21.16kHz.wav,m,220110_0731,21,raw
train,others,CR_lounge_220110_0731.s3300_chunk21.16kHz.wav,cmp,220110_0731,21,raw
train,others,CR_lounge_220110_0731.s900_chunk21.16kHz.wav,c,220110_0731,21,raw
train,others,CR_lounge_220110_0731.s2700_chunk21.16kHz.wav,m,220110_0731,21,raw
train,others,CR_lounge_220110_0731.s0_chunk22.16kHz.wav,cp,220110_0731,22,refined
train,others,CR_lounge_220110_0731.s2100_chunk22.16kHz.wav,cop,220110_0731,22,refined
train,others,CR_lounge_220110_0731.s1200_chunk22.16kHz.wav,cp,220110_0731,22,refined
train,others,CR_lounge_220110_0731.s3300_chunk22.16kHz.wav,cop,220110_0731,22,refined
train,others,CR_lounge_220110_0731.s3600_chunk22.16kHz.wav,cfmp,220110_0731,22,raw
train,others,CR_lounge_220110_0731.s300_chunk22.16kHz.wav,cp,220110_0731,22,raw
train,others,CR_lounge_220110_0731.s3000_chunk22.16kHz.wav,cm,220110_0731,22,raw
train,others,CR_lounge_220110_0731.s2400_chunk22.16kHz.wav,m,220110_0731,22,raw
train,others,CR_lounge_220110_0731.s600_chunk22.16kHz.wav,cp,220110_0731,22,raw
train,others,CR_lounge_220110_0731.s900_chunk22.16kHz.wav,co,220110_0731,22,raw
train,others,CR_lounge_220110_0731.s2700_chunk22.16kHz.wav,cm,220110_0731,22,raw
train,others,CR_lounge_220110_0731.s2100_chunk23.16kHz.wav,cop,220110_0731,23,refined
train,others,CR_lounge_220110_0731.s300_chunk23.16kHz.wav,cop,220110_0731,23,refined
train,others,CR_lounge_220110_0731.s3300_chunk23.16kHz.wav,cfmop,220110_0731,23,refined
train,others,CR_lounge_220110_0731.s0_chunk23.16kHz.wav,cp,220110_0731,23,raw
train,others,CR_lounge_220110_0731.s3600_chunk23.16kHz.wav,cmp,220110_0731,23,raw
train,others,CR_lounge_220110_0731.s3000_chunk23.16kHz.wav,c,220110_0731,23,raw
train,others,CR_lounge_220110_0731.s1200_chunk23.16kHz.wav,cp,220110_0731,23,raw
train,others,CR_lounge_220110_0731.s2400_chunk23.16kHz.wav,c,220110_0731,23,raw
train,others,CR_lounge_220110_0731.s600_chunk23.16kHz.wav,cp,220110_0731,23,raw
train,others,CR_lounge_220110_0731.s900_chunk23.16kHz.wav,cp,220110_0731,23,raw
train,others,CR_lounge_220110_0731.s2700_chunk23.16kHz.wav,m,220110_0731,23,raw
train,others,CR_lounge_220110_0731.s0_chunk24.16kHz.wav,cop,220110_0731,24,refined
train,others,CR_lounge_220110_0731.s3600_chunk24.16kHz.wav,cmp,220110_0731,24,refined
train,others,CR_lounge_220110_0731.s2100_chunk24.16kHz.wav,cop,220110_0731,24,refined
train,others,CR_lounge_220110_0731.s3000_chunk24.16kHz.wav,cfm,220110_0731,24,refined
train,others,CR_lounge_220110_0731.s300_chunk24.16kHz.wav,cp,220110_0731,24,raw
train,others,CR_lounge_220110_0731.s1200_chunk24.16kHz.wav,c,220110_0731,24,raw
train,others,CR_lounge_220110_0731.s2400_chunk24.16kHz.wav,cm,220110_0731,24,raw
train,others,CR_lounge_220110_0731.s3300_chunk24.16kHz.wav,fmp,220110_0731,24,raw
train,others,CR_lounge_220110_0731.s600_chunk24.16kHz.wav,p,220110_0731,24,raw
train,others,CR_lounge_220110_0731.s900_chunk24.16kHz.wav,cp,220110_0731,24,raw
train,others,CR_lounge_220110_0731.s2700_chunk24.16kHz.wav,cmp,220110_0731,24,raw
train,others,CR_lounge_220110_0731.s2100_chunk25.16kHz.wav,co,220110_0731,25,refined
train,others,CR_lounge_220110_0731.s3000_chunk25.16kHz.wav,cfm,220110_0731,25,refined
train,others,CR_lounge_220110_0731.s600_chunk25.16kHz.wav,cop,220110_0731,25,refined
train,others,CR_lounge_220110_0731.s0_chunk25.16kHz.wav,cp,220110_0731,25,raw
train,others,CR_lounge_220110_0731.s3600_chunk25.16kHz.wav,cmp,220110_0731,25,raw
train,others,CR_lounge_220110_0731.s300_chunk25.16kHz.wav,cp,220110_0731,25,raw
train,others,CR_lounge_220110_0731.s1200_chunk25.16kHz.wav,cp,220110_0731,25,raw
train,others,CR_lounge_220110_0731.s2400_chunk25.16kHz.wav,mo,220110_0731,25,raw
train,others,CR_lounge_220110_0731.s3300_chunk25.16kHz.wav,cmp,220110_0731,25,raw
train,others,CR_lounge_220110_0731.s900_chunk25.16kHz.wav,co,220110_0731,25,raw
train,others,CR_lounge_220110_0731.s2700_chunk25.16kHz.wav,cmo,220110_0731,25,raw
train,others,CR_lounge_220110_0731.s0_chunk26.16kHz.wav,cop,220110_0731,26,refined
train,others,CR_lounge_220110_0731.s2100_chunk26.16kHz.wav,cop,220110_0731,26,refined
train,others,CR_lounge_220110_0731.s3600_chunk26.16kHz.wav,cmp,220110_0731,26,raw
train,others,CR_lounge_220110_0731.s300_chunk26.16kHz.wav,cp,220110_0731,26,raw
train,others,CR_lounge_220110_0731.s3000_chunk26.16kHz.wav,cf,220110_0731,26,raw
train,others,CR_lounge_220110_0731.s1200_chunk26.16kHz.wav,c,220110_0731,26,raw
train,others,CR_lounge_220110_0731.s2400_chunk26.16kHz.wav,m,220110_0731,26,raw
train,others,CR_lounge_220110_0731.s3300_chunk26.16kHz.wav,cmp,220110_0731,26,raw
train,others,CR_lounge_220110_0731.s600_chunk26.16kHz.wav,cp,220110_0731,26,raw
train,others,CR_lounge_220110_0731.s900_chunk26.16kHz.wav,co,220110_0731,26,raw
train,others,CR_lounge_220110_0731.s2700_chunk26.16kHz.wav,mo,220110_0731,26,raw
train,others,CR_lounge_220110_0731.s0_chunk27.16kHz.wav,cop,220110_0731,27,refined
train,others,CR_lounge_220110_0731.s3000_chunk27.16kHz.wav,cm,220110_0731,27,refined
train,others,CR_lounge_220110_0731.s1200_chunk27.16kHz.wav,cop,220110_0731,27,refined
train,others,CR_lounge_220110_0731.s3300_chunk27.16kHz.wav,cop,220110_0731,27,refined
train,others,CR_lounge_220110_0731.s900_chunk27.16kHz.wav,op,220110_0731,27,refined
train,others,CR_lounge_220110_0731.s3600_chunk27.16kHz.wav,cf,220110_0731,27,raw
train,others,CR_lounge_220110_0731.s2100_chunk27.16kHz.wav,c,220110_0731,27,raw
train,others,CR_lounge_220110_0731.s300_chunk27.16kHz.wav,cp,220110_0731,27,raw
train,others,CR_lounge_220110_0731.s2400_chunk27.16kHz.wav,mp,220110_0731,27,raw
train,others,CR_lounge_220110_0731.s600_chunk27.16kHz.wav,cfp,220110_0731,27,raw
train,others,CR_lounge_220110_0731.s2700_chunk27.16kHz.wav,cmp,220110_0731,27,raw
train,others,CR_lounge_220110_0731.s3600_chunk28.16kHz.wav,cf,220110_0731,28,refined
train,others,CR_lounge_220110_0731.s1200_chunk28.16kHz.wav,cp,220110_0731,28,refined
train,others,CR_lounge_220110_0731.s600_chunk28.16kHz.wav,p,220110_0731,28,refined
train,others,CR_lounge_220110_0731.s0_chunk28.16kHz.wav,cp,220110_0731,28,raw
train,others,CR_lounge_220110_0731.s2100_chunk28.16kHz.wav,c,220110_0731,28,raw
train,others,CR_lounge_220110_0731.s300_chunk28.16kHz.wav,cp,220110_0731,28,raw
train,others,CR_lounge_220110_0731.s3000_chunk28.16kHz.wav,c,220110_0731,28,raw
train,others,CR_lounge_220110_0731.s2400_chunk28.16kHz.wav,cm,220110_0731,28,raw
train,others,CR_lounge_220110_0731.s3300_chunk28.16kHz.wav,cp,220110_0731,28,raw
train,others,CR_lounge_220110_0731.s900_chunk28.16kHz.wav,p,220110_0731,28,raw
train,others,CR_lounge_220110_0731.s2700_chunk28.16kHz.wav,mo,220110_0731,28,raw
train,others,CR_lounge_220110_0731.s3000_chunk29.16kHz.wav,cm,220110_0731,29,refined
train,others,CR_lounge_220110_0731.s1200_chunk29.16kHz.wav,p,220110_0731,29,refined
train,others,CR_lounge_220110_0731.s600_chunk29.16kHz.wav,cfp,220110_0731,29,refined
train,others,CR_lounge_220110_0731.s0_chunk29.16kHz.wav,cfp,220110_0731,29,raw
train,others,CR_lounge_220110_0731.s3600_chunk29.16kHz.wav,cmp,220110_0731,29,raw
train,others,CR_lounge_220110_0731.s2100_chunk29.16kHz.wav,c,220110_0731,29,raw
train,others,CR_lounge_220110_0731.s300_chunk29.16kHz.wav,cp,220110_0731,29,raw
train,others,CR_lounge_220110_0731.s2400_chunk29.16kHz.wav,c,220110_0731,29,raw
train,others,CR_lounge_220110_0731.s3300_chunk29.16kHz.wav,cp,220110_0731,29,raw
train,others,CR_lounge_220110_0731.s900_chunk29.16kHz.wav,c,220110_0731,29,raw
train,others,CR_lounge_220110_0731.s2700_chunk29.16kHz.wav,cmp,220110_0731,29,raw
train,others,CR_lounge_220110_0731.s0_chunk30.16kHz.wav,cfop,220110_0731,30,refined
train,others,CR_lounge_220110_0731.s3600_chunk30.16kHz.wav,cfmp,220110_0731,30,refined
train,others,CR_lounge_220110_0731.s2400_chunk30.16kHz.wav,cop,220110_0731,30,refined
train,others,CR_lounge_220110_0731.s900_chunk30.16kHz.wav,cop,220110_0731,30,refined
train,others,CR_lounge_220110_0731.s2700_chunk30.16kHz.wav,cp,220110_0731,30,refined
train,others,CR_lounge_220110_0731.s2100_chunk30.16kHz.wav,c,220110_0731,30,raw
train,others,CR_lounge_220110_0731.s300_chunk30.16kHz.wav,cp,220110_0731,30,raw
train,others,CR_lounge_220110_0731.s3000_chunk30.16kHz.wav,cm,220110_0731,30,raw
train,others,CR_lounge_220110_0731.s1200_chunk30.16kHz.wav,p,220110_0731,30,raw
train,others,CR_lounge_220110_0731.s3300_chunk30.16kHz.wav,cmp,220110_0731,30,raw
train,others,CR_lounge_220110_0731.s600_chunk30.16kHz.wav,fp,220110_0731,30,raw
train,others,CR_lounge_220110_0731.s1200_chunk31.16kHz.wav,cp,220110_0731,31,refined
train,others,CR_lounge_220110_0731.s600_chunk31.16kHz.wav,cp,220110_0731,31,refined
train,others,CR_lounge_220110_0731.s0_chunk31.16kHz.wav,cp,220110_0731,31,raw
train,others,CR_lounge_220110_0731.s3600_chunk31.16kHz.wav,cf,220110_0731,31,raw
train,others,CR_lounge_220110_0731.s2100_chunk31.16kHz.wav,c,220110_0731,31,raw
train,others,CR_lounge_220110_0731.s300_chunk31.16kHz.wav,cp,220110_0731,31,raw
train,others,CR_lounge_220110_0731.s3000_chunk31.16kHz.wav,cmp,220110_0731,31,raw
train,others,CR_lounge_220110_0731.s2400_chunk31.16kHz.wav,cp,220110_0731,31,raw
train,others,CR_lounge_220110_0731.s3300_chunk31.16kHz.wav,cmp,220110_0731,31,raw
train,others,CR_lounge_220110_0731.s900_chunk31.16kHz.wav,cp,220110_0731,31,raw
train,others,CR_lounge_220110_0731.s2700_chunk31.16kHz.wav,co,220110_0731,31,raw
train,others,CR_lounge_220110_0731.s2100_chunk32.16kHz.wav,cop,220110_0731,32,refined
train,others,CR_lounge_220110_0731.s3000_chunk32.16kHz.wav,cm,220110_0731,32,refined
train,others,CR_lounge_220110_0731.s0_chunk32.16kHz.wav,cfp,220110_0731,32,raw
train,others,CR_lounge_220110_0731.s3600_chunk32.16kHz.wav,cfp,220110_0731,32,raw
train,others,CR_lounge_220110_0731.s300_chunk32.16kHz.wav,cp,220110_0731,32,raw
train,others,CR_lounge_220110_0731.s1200_chunk32.16kHz.wav,c,220110_0731,32,raw
train,others,CR_lounge_220110_0731.s2400_chunk32.16kHz.wav,cp,220110_0731,32,raw
train,others,CR_lounge_220110_0731.s3300_chunk32.16kHz.wav,cfmp,220110_0731,32,raw
train,others,CR_lounge_220110_0731.s600_chunk32.16kHz.wav,c,220110_0731,32,raw
train,others,CR_lounge_220110_0731.s900_chunk32.16kHz.wav,cp,220110_0731,32,raw
train,others,CR_lounge_220110_0731.s2700_chunk32.16kHz.wav,cmo,220110_0731,32,raw
train,others,CR_lounge_220110_0731.s3600_chunk33.16kHz.wav,cmop,220110_0731,33,refined
train,others,CR_lounge_220110_0731.s300_chunk33.16kHz.wav,op,220110_0731,33,refined
train,others,CR_lounge_220110_0731.s3300_chunk33.16kHz.wav,cmop,220110_0731,33,refined
train,others,CR_lounge_220110_0731.s900_chunk33.16kHz.wav,cp,220110_0731,33,refined
train,others,CR_lounge_220110_0731.s2700_chunk33.16kHz.wav,cmop,220110_0731,33,refined
train,others,CR_lounge_220110_0731.s0_chunk33.16kHz.wav,cp,220110_0731,33,raw
train,others,CR_lounge_220110_0731.s2100_chunk33.16kHz.wav,c,220110_0731,33,raw
train,others,CR_lounge_220110_0731.s3000_chunk33.16kHz.wav,cm,220110_0731,33,raw
train,others,CR_lounge_220110_0731.s1200_chunk33.16kHz.wav,cp,220110_0731,33,raw
train,others,CR_lounge_220110_0731.s2400_chunk33.16kHz.wav,p,220110_0731,33,raw
train,others,CR_lounge_220110_0731.s600_chunk33.16kHz.wav,c,220110_0731,33,raw
train,others,CR_lounge_220110_0731.s3600_chunk34.16kHz.wav,cmop,220110_0731,34,refined
train,others,CR_lounge_220110_0731.s2100_chunk34.16kHz.wav,c,220110_0731,34,refined
train,others,CR_lounge_220110_0731.s300_chunk34.16kHz.wav,op,220110_0731,34,refined
train,others,CR_lounge_220110_0731.s3000_chunk34.16kHz.wav,cm,220110_0731,34,refined
train,others,CR_lounge_220110_0731.s3300_chunk34.16kHz.wav,cmop,220110_0731,34,refined
train,others,CR_lounge_220110_0731.s0_chunk34.16kHz.wav,cp,220110_0731,34,raw
train,others,CR_lounge_220110_0731.s1200_chunk34.16kHz.wav,cp,220110_0731,34,raw
train,others,CR_lounge_220110_0731.s2400_chunk34.16kHz.wav,p,220110_0731,34,raw
train,others,CR_lounge_220110_0731.s600_chunk34.16kHz.wav,c,220110_0731,34,raw
train,others,CR_lounge_220110_0731.s900_chunk34.16kHz.wav,cp,220110_0731,34,raw
train,others,CR_lounge_220110_0731.s2700_chunk34.16kHz.wav,cmp,220110_0731,34,raw
train,others,CR_lounge_220110_0731.s0_chunk35.16kHz.wav,cfop,220110_0731,35,refined
train,others,CR_lounge_220110_0731.s3600_chunk35.16kHz.wav,cmp,220110_0731,35,refined
train,others,CR_lounge_220110_0731.s3000_chunk35.16kHz.wav,c,220110_0731,35,refined
train,others,CR_lounge_220110_0731.s2400_chunk35.16kHz.wav,cp,220110_0731,35,refined
train,others,CR_lounge_220110_0731.s600_chunk35.16kHz.wav,cp,220110_0731,35,refined
train,others,CR_lounge_220110_0731.s2700_chunk35.16kHz.wav,cmp,220110_0731,35,refined
train,others,CR_lounge_220110_0731.s2100_chunk35.16kHz.wav,c,220110_0731,35,raw
train,others,CR_lounge_220110_0731.s300_chunk35.16kHz.wav,co,220110_0731,35,raw
train,others,CR_lounge_220110_0731.s1200_chunk35.16kHz.wav,co,220110_0731,35,raw
train,others,CR_lounge_220110_0731.s3300_chunk35.16kHz.wav,cp,220110_0731,35,raw
train,others,CR_lounge_220110_0731.s900_chunk35.16kHz.wav,cp,220110_0731,35,raw
train,others,CR_lounge_220110_0731.s300_chunk36.16kHz.wav,cop,220110_0731,36,refined
train,others,CR_lounge_220110_0731.s1200_chunk36.16kHz.wav,cp,220110_0731,36,refined
train,others,CR_lounge_220110_0731.s2700_chunk36.16kHz.wav,mp,220110_0731,36,refined
train,others,CR_lounge_220110_0731.s0_chunk36.16kHz.wav,cfo,220110_0731,36,raw
train,others,CR_lounge_220110_0731.s3600_chunk36.16kHz.wav,cmp,220110_0731,36,raw
train,others,CR_lounge_220110_0731.s2100_chunk36.16kHz.wav,c,220110_0731,36,raw
train,others,CR_lounge_220110_0731.s3000_chunk36.16kHz.wav,cm,220110_0731,36,raw
train,others,CR_lounge_220110_0731.s2400_chunk36.16kHz.wav,c,220110_0731,36,raw
train,others,CR_lounge_220110_0731.s3300_chunk36.16kHz.wav,cp,220110_0731,36,raw
train,others,CR_lounge_220110_0731.s600_chunk36.16kHz.wav,cp,220110_0731,36,raw
train,others,CR_lounge_220110_0731.s900_chunk36.16kHz.wav,cp,220110_0731,36,raw
train,others,CR_lounge_220110_0731.s1800_chunk36.16kHz.wav,c,220110_0731,36,raw
train,others,CR_lounge_220110_0731.s2100_chunk37.16kHz.wav,cop,220110_0731,37,refined
train,others,CR_lounge_220110_0731.s300_chunk37.16kHz.wav,op,220110_0731,37,refined
train,others,CR_lounge_220110_0731.s3000_chunk37.16kHz.wav,c,220110_0731,37,refined
train,others,CR_lounge_220110_0731.s0_chunk37.16kHz.wav,cfo,220110_0731,37,raw
train,others,CR_lounge_220110_0731.s3600_chunk37.16kHz.wav,cmp,220110_0731,37,raw
train,others,CR_lounge_220110_0731.s2400_chunk37.16kHz.wav,c,220110_0731,37,raw
train,others,CR_lounge_220110_0731.s3300_chunk37.16kHz.wav,cp,220110_0731,37,raw
train,others,CR_lounge_220110_0731.s600_chunk37.16kHz.wav,cp,220110_0731,37,raw
train,others,CR_lounge_220110_0731.s900_chunk37.16kHz.wav,c,220110_0731,37,raw
train,others,CR_lounge_220110_0731.s2700_chunk37.16kHz.wav,cmp,220110_0731,37,raw
train,others,CR_lounge_220110_0731.s1800_chunk37.16kHz.wav,cf,220110_0731,37,raw
train,others,CR_lounge_220110_0731.s3600_chunk38.16kHz.wav,cmop,220110_0731,38,refined
train,others,CR_lounge_220110_0731.s300_chunk38.16kHz.wav,cop,220110_0731,38,refined
train,others,CR_lounge_220110_0731.s3300_chunk38.16kHz.wav,cfmop,220110_0731,38,refined
train,others,CR_lounge_220110_0731.s600_chunk38.16kHz.wav,cp,220110_0731,38,refined
train,others,CR_lounge_220110_0731.s2700_chunk38.16kHz.wav,cfmop,220110_0731,38,refined
train,others,CR_lounge_220110_0731.s0_chunk38.16kHz.wav,cfo,220110_0731,38,raw
train,others,CR_lounge_220110_0731.s2100_chunk38.16kHz.wav,co,220110_0731,38,raw
train,others,CR_lounge_220110_0731.s3000_chunk38.16kHz.wav,cm,220110_0731,38,raw
train,others,CR_lounge_220110_0731.s1200_chunk38.16kHz.wav,c,220110_0731,38,raw
train,others,CR_lounge_220110_0731.s2400_chunk38.16kHz.wav,cm,220110_0731,38,raw
train,others,CR_lounge_220110_0731.s900_chunk38.16kHz.wav,co,220110_0731,38,raw
train,others,CR_lounge_220110_0731.s1800_chunk38.16kHz.wav,cf,220110_0731,38,raw
train,others,CR_lounge_220110_0731.s0_chunk39.16kHz.wav,cop,220110_0731,39,refined
train,others,CR_lounge_220110_0731.s2100_chunk39.16kHz.wav,cop,220110_0731,39,refined
train,others,CR_lounge_220110_0731.s300_chunk39.16kHz.wav,cop,220110_0731,39,refined
train,others,CR_lounge_220110_0731.s1200_chunk39.16kHz.wav,cp,220110_0731,39,refined
train,others,CR_lounge_220110_0731.s3600_chunk39.16kHz.wav,cmp,220110_0731,39,raw
train,others,CR_lounge_220110_0731.s3000_chunk39.16kHz.wav,c,220110_0731,39,raw
train,others,CR_lounge_220110_0731.s3300_chunk39.16kHz.wav,cm,220110_0731,39,raw
train,others,CR_lounge_220110_0731.s600_chunk39.16kHz.wav,cop,220110_0731,39,raw
train,others,CR_lounge_220110_0731.s900_chunk39.16kHz.wav,cp,220110_0731,39,raw
train,others,CR_lounge_220110_0731.s2700_chunk39.16kHz.wav,cfmp,220110_0731,39,raw
train,others,CR_lounge_220110_0731.s0_chunk40.16kHz.wav,cop,220110_0731,40,refined
train,others,CR_lounge_220110_0731.s2100_chunk40.16kHz.wav,co,220110_0731,40,refined
train,others,CR_lounge_220110_0731.s300_chunk40.16kHz.wav,op,220110_0731,40,refined
train,others,CR_lounge_220110_0731.s1200_chunk40.16kHz.wav,cp,220110_0731,40,refined
train,others,CR_lounge_220110_0731.s900_chunk40.16kHz.wav,cp,220110_0731,40,refined
train,others,CR_lounge_220110_0731.s2700_chunk40.16kHz.wav,cmp,220110_0731,40,refined
train,others,CR_lounge_220110_0731.s1800_chunk40.16kHz.wav,cfp,220110_0731,40,refined
train,others,CR_lounge_220110_0731.s3600_chunk40.16kHz.wav,cmo,220110_0731,40,raw
train,others,CR_lounge_220110_0731.s3000_chunk40.16kHz.wav,cp,220110_0731,40,raw
train,others,CR_lounge_220110_0731.s2400_chunk40.16kHz.wav,c,220110_0731,40,raw
train,others,CR_lounge_220110_0731.s3300_chunk40.16kHz.wav,cfm,220110_0731,40,raw
train,others,CR_lounge_220110_0731.s600_chunk40.16kHz.wav,cf,220110_0731,40,raw
train,others,CR_lounge_220110_0731.s0_chunk41.16kHz.wav,cp,220110_0731,41,refined
train,others,CR_lounge_220110_0731.s300_chunk41.16kHz.wav,cop,220110_0731,41,refined
train,others,CR_lounge_220110_0731.s3000_chunk41.16kHz.wav,c,220110_0731,41,refined
train,others,CR_lounge_220110_0731.s2700_chunk41.16kHz.wav,cfp,220110_0731,41,refined
train,others,CR_lounge_220110_0731.s3600_chunk41.16kHz.wav,cfm,220110_0731,41,raw
train,others,CR_lounge_220110_0731.s2100_chunk41.16kHz.wav,cp,220110_0731,41,raw
train,others,CR_lounge_220110_0731.s1200_chunk41.16kHz.wav,c,220110_0731,41,raw
train,others,CR_lounge_220110_0731.s3300_chunk41.16kHz.wav,cmp,220110_0731,41,raw
train,others,CR_lounge_220110_0731.s600_chunk41.16kHz.wav,cp,220110_0731,41,raw
train,others,CR_lounge_220110_0731.s900_chunk41.16kHz.wav,c,220110_0731,41,raw
train,others,CR_lounge_220110_0731.s1800_chunk41.16kHz.wav,cp,220110_0731,41,raw
train,others,CR_lounge_220110_0731.s3600_chunk42.16kHz.wav,cmp,220110_0731,42,refined
train,others,CR_lounge_220110_0731.s300_chunk42.16kHz.wav,cop,220110_0731,42,refined
train,others,CR_lounge_220110_0731.s1200_chunk42.16kHz.wav,c,220110_0731,42,refined
train,others,CR_lounge_220110_0731.s0_chunk42.16kHz.wav,cp,220110_0731,42,raw
train,others,CR_lounge_220110_0731.s2100_chunk42.16kHz.wav,c,220110_0731,42,raw
train,others,CR_lounge_220110_0731.s3000_chunk42.16kHz.wav,cm,220110_0731,42,raw
train,others,CR_lounge_220110_0731.s2400_chunk42.16kHz.wav,c,220110_0731,42,raw
train,others,CR_lounge_220110_0731.s3300_chunk42.16kHz.wav,fmop,220110_0731,42,raw
train,others,CR_lounge_220110_0731.s600_chunk42.16kHz.wav,co,220110_0731,42,raw
train,others,CR_lounge_220110_0731.s900_chunk42.16kHz.wav,cfp,220110_0731,42,raw
train,others,CR_lounge_220110_0731.s2700_chunk42.16kHz.wav,cp,220110_0731,42,raw
train,others,CR_lounge_220110_0731.s1800_chunk42.16kHz.wav,cf,220110_0731,42,raw
train,others,CR_lounge_220110_0731.s2100_chunk43.16kHz.wav,co,220110_0731,43,refined
train,others,CR_lounge_220110_0731.s300_chunk43.16kHz.wav,cop,220110_0731,43,refined
train,others,CR_lounge_220110_0731.s3000_chunk43.16kHz.wav,cm,220110_0731,43,refined
train,others,CR_lounge_220110_0731.s600_chunk43.16kHz.wav,cp,220110_0731,43,refined
train,others,CR_lounge_220110_0731.s1800_chunk43.16kHz.wav,fo,220110_0731,43,refined
train,others,CR_lounge_220110_0731.s0_chunk43.16kHz.wav,cp,220110_0731,43,raw
train,others,CR_lounge_220110_0731.s3600_chunk43.16kHz.wav,cmp,220110_0731,43,raw
train,others,CR_lounge_220110_0731.s1200_chunk43.16kHz.wav,cp,220110_0731,43,raw
train,others,CR_lounge_220110_0731.s2400_chunk43.16kHz.wav,c,220110_0731,43,raw
train,others,CR_lounge_220110_0731.s3300_chunk43.16kHz.wav,cmp,220110_0731,43,raw
train,others,CR_lounge_220110_0731.s900_chunk43.16kHz.wav,cfp,220110_0731,43,raw
train,others,CR_lounge_220110_0731.s2700_chunk43.16kHz.wav,cf,220110_0731,43,raw
train,others,CR_lounge_220110_0731.s2100_chunk44.16kHz.wav,c,220110_0731,44,refined
train,others,CR_lounge_220110_0731.s1200_chunk44.16kHz.wav,cp,220110_0731,44,refined
train,others,CR_lounge_220110_0731.s3300_chunk44.16kHz.wav,cfop,220110_0731,44,refined
train,others,CR_lounge_220110_0731.s600_chunk44.16kHz.wav,cp,220110_0731,44,refined
train,others,CR_lounge_220110_0731.s900_chunk44.16kHz.wav,cf,220110_0731,44,refined
train,others,CR_lounge_220110_0731.s0_chunk44.16kHz.wav,c,220110_0731,44,raw
train,others,CR_lounge_220110_0731.s3600_chunk44.16kHz.wav,cfo,220110_0731,44,raw
train,others,CR_lounge_220110_0731.s300_chunk44.16kHz.wav,op,220110_0731,44,raw
train,others,CR_lounge_220110_0731.s3000_chunk44.16kHz.wav,cf,220110_0731,44,raw
train,others,CR_lounge_220110_0731.s2400_chunk44.16kHz.wav,c,220110_0731,44,raw
train,others,CR_lounge_220110_0731.s2700_chunk44.16kHz.wav,cf,220110_0731,44,raw
train,others,CR_lounge_220110_0731.s1800_chunk44.16kHz.wav,c,220110_0731,44,raw
train,others,CR_lounge_220110_0731.s0_chunk45.16kHz.wav,cop,220110_0731,45,refined
train,others,CR_lounge_220110_0731.s3600_chunk45.16kHz.wav,cfp,220110_0731,45,refined
train,others,CR_lounge_220110_0731.s300_chunk45.16kHz.wav,cop,220110_0731,45,refined
train,others,CR_lounge_220110_0731.s3000_chunk45.16kHz.wav,cfm,220110_0731,45,refined
train,others,CR_lounge_220110_0731.s1200_chunk45.16kHz.wav,cp,220110_0731,45,refined
train,others,CR_lounge_220110_0731.s900_chunk45.16kHz.wav,c,220110_0731,45,refined
train,others,CR_lounge_220110_0731.s1800_chunk45.16kHz.wav,cfo,220110_0731,45,refined
train,others,CR_lounge_220110_0731.s2100_chunk45.16kHz.wav,c,220110_0731,45,raw
train,others,CR_lounge_220110_0731.s2400_chunk45.16kHz.wav,m,220110_0731,45,raw
train,others,CR_lounge_220110_0731.s3300_chunk45.16kHz.wav,cfmp,220110_0731,45,raw
train,others,CR_lounge_220110_0731.s600_chunk45.16kHz.wav,c,220110_0731,45,raw
train,others,CR_lounge_220110_0731.s2700_chunk45.16kHz.wav,cfo,220110_0731,45,raw
train,others,CR_lounge_220110_0731.s0_chunk46.16kHz.wav,cop,220110_0731,46,refined
train,others,CR_lounge_220110_0731.s2100_chunk46.16kHz.wav,cop,220110_0731,46,refined
train,others,CR_lounge_220110_0731.s300_chunk46.16kHz.wav,cop,220110_0731,46,refined
train,others,CR_lounge_220110_0731.s1200_chunk46.16kHz.wav,cp,220110_0731,46,refined
train,others,CR_lounge_220110_0731.s3600_chunk46.16kHz.wav,co,220110_0731,46,raw
train,others,CR_lounge_220110_0731.s3000_chunk46.16kHz.wav,cfm,220110_0731,46,raw
train,others,CR_lounge_220110_0731.s2400_chunk46.16kHz.wav,m,220110_0731,46,raw
train,others,CR_lounge_220110_0731.s3300_chunk46.16kHz.wav,cf,220110_0731,46,raw
train,others,CR_lounge_220110_0731.s600_chunk46.16kHz.wav,cfp,220110_0731,46,raw
train,others,CR_lounge_220110_0731.s900_chunk46.16kHz.wav,cp,220110_0731,46,raw
train,others,CR_lounge_220110_0731.s2700_chunk46.16kHz.wav,co,220110_0731,46,raw
train,others,CR_lounge_220110_0731.s1800_chunk46.16kHz.wav,cf,220110_0731,46,raw
train,others,CR_lounge_220110_0731.s2100_chunk47.16kHz.wav,cp,220110_0731,47,refined
train,others,CR_lounge_220110_0731.s0_chunk47.16kHz.wav,cfp,220110_0731,47,raw
train,others,CR_lounge_220110_0731.s3600_chunk47.16kHz.wav,o,220110_0731,47,raw
train,others,CR_lounge_220110_0731.s300_chunk47.16kHz.wav,cop,220110_0731,47,raw
train,others,CR_lounge_220110_0731.s3000_chunk47.16kHz.wav,cm,220110_0731,47,raw
train,others,CR_lounge_220110_0731.s1200_chunk47.16kHz.wav,cp,220110_0731,47,raw
train,others,CR_lounge_220110_0731.s2400_chunk47.16kHz.wav,c,220110_0731,47,raw
train,others,CR_lounge_220110_0731.s3300_chunk47.16kHz.wav,cfp,220110_0731,47,raw
train,others,CR_lounge_220110_0731.s2700_chunk47.16kHz.wav,cp,220110_0731,47,raw
train,others,CR_lounge_220110_0731.s1800_chunk47.16kHz.wav,fp,220110_0731,47,raw
train,others,CR_lounge_220110_0731.s300_chunk48.16kHz.wav,cop,220110_0731,48,refined
train,others,CR_lounge_220110_0731.s3000_chunk48.16kHz.wav,cfm,220110_0731,48,refined
train,others,CR_lounge_220110_0731.s2700_chunk48.16kHz.wav,cfp,220110_0731,48,refined
train,others,CR_lounge_220110_0731.s1800_chunk48.16kHz.wav,p,220110_0731,48,refined
train,others,CR_lounge_220110_0731.s0_chunk48.16kHz.wav,cf,220110_0731,48,raw
train,others,CR_lounge_220110_0731.s3600_chunk48.16kHz.wav,cp,220110_0731,48,raw
train,others,CR_lounge_220110_0731.s2100_chunk48.16kHz.wav,cp,220110_0731,48,raw
train,others,CR_lounge_220110_0731.s1200_chunk48.16kHz.wav,cp,220110_0731,48,raw
train,others,CR_lounge_220110_0731.s2400_chunk48.16kHz.wav,c,220110_0731,48,raw
train,others,CR_lounge_220110_0731.s3300_chunk48.16kHz.wav,cmp,220110_0731,48,raw
train,others,CR_lounge_220110_0731.s600_chunk48.16kHz.wav,cfp,220110_0731,48,raw
train,others,CR_lounge_220110_0731.s900_chunk48.16kHz.wav,c,220110_0731,48,raw
train,others,CR_lounge_220110_0731.s2100_chunk49.16kHz.wav,cp,220110_0731,49,refined
train,others,CR_lounge_220110_0731.s300_chunk49.16kHz.wav,cop,220110_0731,49,refined
train,others,CR_lounge_220110_0731.s3000_chunk49.16kHz.wav,cf,220110_0731,49,refined
train,others,CR_lounge_220110_0731.s3300_chunk49.16kHz.wav,cfop,220110_0731,49,refined
train,others,CR_lounge_220110_0731.s600_chunk49.16kHz.wav,cfop,220110_0731,49,refined
train,others,CR_lounge_220110_0731.s900_chunk49.16kHz.wav,c,220110_0731,49,refined
train,others,CR_lounge_220110_0731.s0_chunk49.16kHz.wav,cf,220110_0731,49,raw
train,others,CR_lounge_220110_0731.s3600_chunk49.16kHz.wav,mop,220110_0731,49,raw
train,others,CR_lounge_220110_0731.s2400_chunk49.16kHz.wav,o,220110_0731,49,raw
train,others,CR_lounge_220110_0731.s2700_chunk49.16kHz.wav,cm,220110_0731,49,raw
train,others,CR_lounge_220110_0731.s3600_chunk50.16kHz.wav,cmop,220110_0731,50,refined
train,others,CR_lounge_220110_0731.s300_chunk50.16kHz.wav,cop,220110_0731,50,refined
train,others,CR_lounge_220110_0731.s1200_chunk50.16kHz.wav,cf,220110_0731,50,refined
train,others,CR_lounge_220110_0731.s3300_chunk50.16kHz.wav,cop,220110_0731,50,refined
train,others,CR_lounge_220110_0731.s2700_chunk50.16kHz.wav,cmp,220110_0731,50,refined
train,others,CR_lounge_220110_0731.s0_chunk50.16kHz.wav,fo,220110_0731,50,raw
train,others,CR_lounge_220110_0731.s2100_chunk50.16kHz.wav,cmp,220110_0731,50,raw
train,others,CR_lounge_220110_0731.s3000_chunk50.16kHz.wav,cf,220110_0731,50,raw
train,others,CR_lounge_220110_0731.s2400_chunk50.16kHz.wav,cm,220110_0731,50,raw
train,others,CR_lounge_220110_0731.s600_chunk50.16kHz.wav,fp,220110_0731,50,raw
train,others,CR_lounge_220110_0731.s900_chunk50.16kHz.wav,c,220110_0731,50,raw
train,others,CR_lounge_220110_0731.s1800_chunk50.16kHz.wav,p,220110_0731,50,raw
train,others,CR_lounge_220110_0731.s300_chunk51.16kHz.wav,cop,220110_0731,51,refined
train,others,CR_lounge_220110_0731.s3000_chunk51.16kHz.wav,cf,220110_0731,51,refined
train,others,CR_lounge_220110_0731.s900_chunk51.16kHz.wav,cop,220110_0731,51,refined
train,others,CR_lounge_220110_0731.s0_chunk51.16kHz.wav,c,220110_0731,51,raw
train,others,CR_lounge_220110_0731.s3600_chunk51.16kHz.wav,cf,220110_0731,51,raw
train,others,CR_lounge_220110_0731.s2100_chunk51.16kHz.wav,cmp,220110_0731,51,raw
train,others,CR_lounge_220110_0731.s2400_chunk51.16kHz.wav,cm,220110_0731,51,raw
train,others,CR_lounge_220110_0731.s3300_chunk51.16kHz.wav,co,220110_0731,51,raw
train,others,CR_lounge_220110_0731.s600_chunk51.16kHz.wav,fp,220110_0731,51,raw
train,others,CR_lounge_220110_0731.s2700_chunk51.16kHz.wav,cmp,220110_0731,51,raw
train,others,CR_lounge_220110_0731.s300_chunk52.16kHz.wav,cop,220110_0731,52,refined
train,others,CR_lounge_220110_0731.s3000_chunk52.16kHz.wav,cfmp,220110_0731,52,refined
train,others,CR_lounge_220110_0731.s900_chunk52.16kHz.wav,c,220110_0731,52,refined
train,others,CR_lounge_220110_0731.s2700_chunk52.16kHz.wav,cm,220110_0731,52,refined
train,others,CR_lounge_220110_0731.s0_chunk52.16kHz.wav,cf,220110_0731,52,raw
train,others,CR_lounge_220110_0731.s3600_chunk52.16kHz.wav,cfm,220110_0731,52,raw
train,others,CR_lounge_220110_0731.s2100_chunk52.16kHz.wav,o,220110_0731,52,raw
train,others,CR_lounge_220110_0731.s1200_chunk52.16kHz.wav,cfp,220110_0731,52,raw
train,others,CR_lounge_220110_0731.s2400_chunk52.16kHz.wav,mp,220110_0731,52,raw
train,others,CR_lounge_220110_0731.s3300_chunk52.16kHz.wav,cm,220110_0731,52,raw
train,others,CR_lounge_220110_0731.s600_chunk52.16kHz.wav,fp,220110_0731,52,raw
train,others,CR_lounge_220110_0731.s300_chunk53.16kHz.wav,cop,220110_0731,53,refined
train,others,CR_lounge_220110_0731.s3000_chunk53.16kHz.wav,cp,220110_0731,53,refined
train,others,CR_lounge_220110_0731.s1200_chunk53.16kHz.wav,cp,220110_0731,53,refined
train,others,CR_lounge_220110_0731.s2700_chunk53.16kHz.wav,cfmp,220110_0731,53,refined
train,others,CR_lounge_220110_0731.s0_chunk53.16kHz.wav,c,220110_0731,53,raw
train,others,CR_lounge_220110_0731.s3600_chunk53.16kHz.wav,cmp,220110_0731,53,raw
train,others,CR_lounge_220110_0731.s2400_chunk53.16kHz.wav,cmo,220110_0731,53,raw
train,others,CR_lounge_220110_0731.s3300_chunk53.16kHz.wav,cm,220110_0731,53,raw
train,others,CR_lounge_220110_0731.s600_chunk53.16kHz.wav,c,220110_0731,53,raw
train,others,CR_lounge_220110_0731.s900_chunk53.16kHz.wav,co,220110_0731,53,raw
train,others,CR_lounge_220110_0731.s3600_chunk54.16kHz.wav,cmp,220110_0731,54,refined
train,others,CR_lounge_220110_0731.s300_chunk54.16kHz.wav,cop,220110_0731,54,refined
train,others,CR_lounge_220110_0731.s600_chunk54.16kHz.wav,cf,220110_0731,54,refined
train,others,CR_lounge_220110_0731.s0_chunk54.16kHz.wav,c,220110_0731,54,raw
train,others,CR_lounge_220110_0731.s2100_chunk54.16kHz.wav,cp,220110_0731,54,raw
train,others,CR_lounge_220110_0731.s3000_chunk54.16kHz.wav,mp,220110_0731,54,raw
train,others,CR_lounge_220110_0731.s1200_chunk54.16kHz.wav,cp,220110_0731,54,raw
train,others,CR_lounge_220110_0731.s2400_chunk54.16kHz.wav,cmp,220110_0731,54,raw
train,others,CR_lounge_220110_0731.s3300_chunk54.16kHz.wav,cm,220110_0731,54,raw
train,others,CR_lounge_220110_0731.s900_chunk54.16kHz.wav,c,220110_0731,54,raw
train,others,CR_lounge_220110_0731.s2700_chunk54.16kHz.wav,cfm,220110_0731,54,raw
train,others,CR_lounge_220110_0731.s300_chunk55.16kHz.wav,cop,220110_0731,55,refined
train,others,CR_lounge_220110_0731.s2400_chunk55.16kHz.wav,cmp,220110_0731,55,refined
train,others,CR_lounge_220110_0731.s3300_chunk55.16kHz.wav,cop,220110_0731,55,refined
train,others,CR_lounge_220110_0731.s600_chunk55.16kHz.wav,cf,220110_0731,55,refined
train,others,CR_lounge_220110_0731.s0_chunk55.16kHz.wav,cp,220110_0731,55,raw
train,others,CR_lounge_220110_0731.s3600_chunk55.16kHz.wav,cmop,220110_0731,55,raw
train,others,CR_lounge_220110_0731.s2100_chunk55.16kHz.wav,o,220110_0731,55,raw
train,others,CR_lounge_220110_0731.s3000_chunk55.16kHz.wav,cmp,220110_0731,55,raw
train,others,CR_lounge_220110_0731.s900_chunk55.16kHz.wav,c,220110_0731,55,raw
train,others,CR_lounge_220110_0731.s2700_chunk55.16kHz.wav,cf,220110_0731,55,raw
train,others,CR_lounge_220110_0731.s1800_chunk55.16kHz.wav,f,220110_0731,55,raw
train,others,CR_lounge_220110_0731.s3600_chunk56.16kHz.wav,cmp,220110_0731,56,refined
train,others,CR_lounge_220110_0731.s2100_chunk56.16kHz.wav,mo,220110_0731,56,refined
train,others,CR_lounge_220110_0731.s300_chunk56.16kHz.wav,cop,220110_0731,56,refined
train,others,CR_lounge_220110_0731.s2400_chunk56.16kHz.wav,cmp,220110_0731,56,refined
train,others,CR_lounge_220110_0731.s900_chunk56.16kHz.wav,cop,220110_0731,56,refined
train,others,CR_lounge_220110_0731.s0_chunk56.16kHz.wav,co,220110_0731,56,raw
train,others,CR_lounge_220110_0731.s3000_chunk56.16kHz.wav,cmp,220110_0731,56,raw
train,others,CR_lounge_220110_0731.s1200_chunk56.16kHz.wav,cp,220110_0731,56,raw
train,others,CR_lounge_220110_0731.s3300_chunk56.16kHz.wav,cp,220110_0731,56,raw
train,others,CR_lounge_220110_0731.s600_chunk56.16kHz.wav,cf,220110_0731,56,raw
train,others,CR_lounge_220110_0731.s2700_chunk56.16kHz.wav,cfmp,220110_0731,56,raw
train,others,CR_lounge_220110_0731.s1800_chunk56.16kHz.wav,cfp,220110_0731,56,raw
train,others,CR_lounge_220110_0731.s300_chunk57.16kHz.wav,cop,220110_0731,57,refined
train,others,CR_lounge_220110_0731.s3000_chunk57.16kHz.wav,cfp,220110_0731,57,refined
train,others,CR_lounge_220110_0731.s600_chunk57.16kHz.wav,cf,220110_0731,57,refined
train,others,CR_lounge_220110_0731.s900_chunk57.16kHz.wav,p,220110_0731,57,refined
train,others,CR_lounge_220110_0731.s0_chunk57.16kHz.wav,co,220110_0731,57,raw
train,others,CR_lounge_220110_0731.s3600_chunk57.16kHz.wav,mp,220110_0731,57,raw
train,others,CR_lounge_220110_0731.s2100_chunk57.16kHz.wav,mo,220110_0731,57,raw
train,others,CR_lounge_220110_0731.s1200_chunk57.16kHz.wav,co,220110_0731,57,raw
train,others,CR_lounge_220110_0731.s2400_chunk57.16kHz.wav,mp,220110_0731,57,raw
train,others,CR_lounge_220110_0731.s3300_chunk57.16kHz.wav,cmp,220110_0731,57,raw
train,others,CR_lounge_220110_0731.s2700_chunk57.16kHz.wav,cfp,220110_0731,57,raw
train,others,CR_lounge_220110_0731.s1800_chunk57.16kHz.wav,o,220110_0731,57,raw
train,others,CR_lounge_220110_0731.s3600_chunk58.16kHz.wav,cmop,220110_0731,58,refined
train,others,CR_lounge_220110_0731.s300_chunk58.16kHz.wav,cop,220110_0731,58,refined
train,others,CR_lounge_220110_0731.s3300_chunk58.16kHz.wav,cop,220110_0731,58,refined
train,others,CR_lounge_220110_0731.s600_chunk58.16kHz.wav,cf,220110_0731,58,refined
train,others,CR_lounge_220110_0731.s2700_chunk58.16kHz.wav,cp,220110_0731,58,refined
train,others,CR_lounge_220110_0731.s0_chunk58.16kHz.wav,c,220110_0731,58,raw
train,others,CR_lounge_220110_0731.s3000_chunk58.16kHz.wav,cp,220110_0731,58,raw
train,others,CR_lounge_220110_0731.s1200_chunk58.16kHz.wav,c,220110_0731,58,raw
train,others,CR_lounge_220110_0731.s2400_chunk58.16kHz.wav,cm,220110_0731,58,raw
train,others,CR_lounge_220110_0731.s2100_chunk59.16kHz.wav,cmop,220110_0731,59,refined
train,others,CR_lounge_220110_0731.s300_chunk59.16kHz.wav,op,220110_0731,59,refined
train,others,CR_lounge_220110_0731.s3000_chunk59.16kHz.wav,cmp,220110_0731,59,refined
train,others,CR_lounge_220110_0731.s1200_chunk59.16kHz.wav,cp,220110_0731,59,refined
train,others,CR_lounge_220110_0731.s3300_chunk59.16kHz.wav,cmop,220110_0731,59,refined
train,others,CR_lounge_220110_0731.s2700_chunk59.16kHz.wav,cmp,220110_0731,59,refined
train,others,CR_lounge_220110_0731.s0_chunk59.16kHz.wav,co,220110_0731,59,raw
train,others,CR_lounge_220110_0731.s3600_chunk59.16kHz.wav,mp,220110_0731,59,raw
train,others,CR_lounge_220110_0731.s2400_chunk59.16kHz.wav,m,220110_0731,59,raw
train,others,CR_lounge_220110_0731.s600_chunk59.16kHz.wav,o,220110_0731,59,raw
train,others,CR_lounge_220110_0731.s900_chunk59.16kHz.wav,co,220110_0731,59,raw
train,others,CR_lounge_220110_0731.s1800_chunk59.16kHz.wav,p,220110_0731,59,raw
train,others,CR_lounge_220110_0731.s3300_chunk60.16kHz.wav,cmop,220110_0731,60,refined
train,others,CR_lounge_220110_0731.s1800_chunk60.16kHz.wav,op,220110_0731,60,refined
train,others,CR_lounge_220110_0731.s0_chunk60.16kHz.wav,cp,220110_0731,60,raw
train,others,CR_lounge_220110_0731.s3600_chunk60.16kHz.wav,p,220110_0731,60,raw
train,others,CR_lounge_220110_0731.s2100_chunk60.16kHz.wav,cmp,220110_0731,60,raw
train,others,CR_lounge_220110_0731.s300_chunk60.16kHz.wav,p,220110_0731,60,raw
train,others,CR_lounge_220110_0731.s3000_chunk60.16kHz.wav,cmp,220110_0731,60,raw
train,others,CR_lounge_220110_0731.s1200_chunk60.16kHz.wav,c,220110_0731,60,raw
train,others,CR_lounge_220110_0731.s2400_chunk60.16kHz.wav,cmo,220110_0731,60,raw
train,others,CR_lounge_220110_0731.s600_chunk60.16kHz.wav,o,220110_0731,60,raw
train,others,CR_lounge_220110_0731.s900_chunk60.16kHz.wav,cp,220110_0731,60,raw
train,others,CR_lounge_220110_0731.s2700_chunk60.16kHz.wav,cmp,220110_0731,60,raw
train,others,CR_lounge_220110_0731.s3600_chunk61.16kHz.wav,op,220110_0731,61,refined
train,others,CR_lounge_220110_0731.s2100_chunk61.16kHz.wav,cmop,220110_0731,61,refined
train,others,CR_lounge_220110_0731.s1200_chunk61.16kHz.wav,c,220110_0731,61,refined
train,others,CR_lounge_220110_0731.s600_chunk61.16kHz.wav,cfop,220110_0731,61,refined
train,others,CR_lounge_220110_0731.s900_chunk61.16kHz.wav,c,220110_0731,61,refined
train,others,CR_lounge_220110_0731.s0_chunk61.16kHz.wav,cp,220110_0731,61,raw
train,others,CR_lounge_220110_0731.s300_chunk61.16kHz.wav,p,220110_0731,61,raw
train,others,CR_lounge_220110_0731.s3000_chunk61.16kHz.wav,cp,220110_0731,61,raw
train,others,CR_lounge_220110_0731.s3300_chunk61.16kHz.wav,c,220110_0731,61,raw
train,others,CR_lounge_220110_0731.s2700_chunk61.16kHz.wav,cp,220110_0731,61,raw
train,others,CR_lounge_220110_0731.s1800_chunk61.16kHz.wav,p,220110_0731,61,raw
train,others,CR_lounge_220110_0731.s3600_chunk62.16kHz.wav,p,220110_0731,62,refined
train,others,CR_lounge_220110_0731.s2100_chunk62.16kHz.wav,cmop,220110_0731,62,refined
train,others,CR_lounge_220110_0731.s300_chunk62.16kHz.wav,op,220110_0731,62,refined
train,others,CR_lounge_220110_0731.s3000_chunk62.16kHz.wav,cp,220110_0731,62,refined
train,others,CR_lounge_220110_0731.s600_chunk62.16kHz.wav,cop,220110_0731,62,refined
train,others,CR_lounge_220110_0731.s0_chunk62.16kHz.wav,cp,220110_0731,62,raw
train,others,CR_lounge_220110_0731.s1200_chunk62.16kHz.wav,c,220110_0731,62,raw
train,others,CR_lounge_220110_0731.s2400_chunk62.16kHz.wav,cmp,220110_0731,62,raw
train,others,CR_lounge_220110_0731.s3300_chunk62.16kHz.wav,cmp,220110_0731,62,raw
train,others,CR_lounge_220110_0731.s900_chunk62.16kHz.wav,c,220110_0731,62,raw
train,others,CR_lounge_220110_0731.s2700_chunk62.16kHz.wav,cmp,220110_0731,62,raw
train,others,CR_lounge_220110_0731.s3000_chunk63.16kHz.wav,cp,220110_0731,63,refined
train,others,CR_lounge_220110_0731.s1200_chunk63.16kHz.wav,c,220110_0731,63,refined
train,others,CR_lounge_220110_0731.s3300_chunk63.16kHz.wav,cop,220110_0731,63,refined
train,others,CR_lounge_220110_0731.s600_chunk63.16kHz.wav,cop,220110_0731,63,refined
train,others,CR_lounge_220110_0731.s1800_chunk63.16kHz.wav,cop,220110_0731,63,refined
train,others,CR_lounge_220110_0731.s0_chunk63.16kHz.wav,cp,220110_0731,63,raw
train,others,CR_lounge_220110_0731.s2100_chunk63.16kHz.wav,cmp,220110_0731,63,raw
train,others,CR_lounge_220110_0731.s300_chunk63.16kHz.wav,cp,220110_0731,63,raw
train,others,CR_lounge_220110_0731.s2400_chunk63.16kHz.wav,cm,220110_0731,63,raw
train,others,CR_lounge_220110_0731.s900_chunk63.16kHz.wav,c,220110_0731,63,raw
train,others,CR_lounge_220110_0731.s2700_chunk63.16kHz.wav,cp,220110_0731,63,raw
train,others,CR_lounge_220110_0731.s3600_chunk64.16kHz.wav,op,220110_0731,64,refined
train,others,CR_lounge_220110_0731.s300_chunk64.16kHz.wav,cop,220110_0731,64,refined
train,others,CR_lounge_220110_0731.s3000_chunk64.16kHz.wav,cmp,220110_0731,64,refined
train,others,CR_lounge_220110_0731.s1200_chunk64.16kHz.wav,cp,220110_0731,64,refined
train,others,CR_lounge_220110_0731.s900_chunk64.16kHz.wav,c,220110_0731,64,refined
train,others,CR_lounge_220110_0731.s2700_chunk64.16kHz.wav,cmp,220110_0731,64,refined
train,others,CR_lounge_220110_0731.s0_chunk64.16kHz.wav,cp,220110_0731,64,raw
train,others,CR_lounge_220110_0731.s2100_chunk64.16kHz.wav,mop,220110_0731,64,raw
train,others,CR_lounge_220110_0731.s2400_chunk64.16kHz.wav,cm,220110_0731,64,raw
train,others,CR_lounge_220110_0731.s3300_chunk64.16kHz.wav,cm,220110_0731,64,raw
train,others,CR_lounge_220110_0731.s600_chunk64.16kHz.wav,c,220110_0731,64,raw
train,others,CR_lounge_220110_0731.s1800_chunk64.16kHz.wav,fp,220110_0731,64,raw
train,others,CR_lounge_220110_0731.s3600_chunk65.16kHz.wav,op,220110_0731,65,refined
train,others,CR_lounge_220110_0731.s1200_chunk65.16kHz.wav,cp,220110_0731,65,refined
train,others,CR_lounge_220110_0731.s3300_chunk65.16kHz.wav,cmop,220110_0731,65,refined
train,others,CR_lounge_220110_0731.s0_chunk65.16kHz.wav,co,220110_0731,65,raw
train,others,CR_lounge_220110_0731.s2100_chunk65.16kHz.wav,cmo,220110_0731,65,raw
train,others,CR_lounge_220110_0731.s300_chunk65.16kHz.wav,cp,220110_0731,65,raw
train,others,CR_lounge_220110_0731.s3000_chunk65.16kHz.wav,cp,220110_0731,65,raw
train,others,CR_lounge_220110_0731.s2400_chunk65.16kHz.wav,cm,220110_0731,65,raw
train,others,CR_lounge_220110_0731.s600_chunk65.16kHz.wav,c,220110_0731,65,raw
train,others,CR_lounge_220110_0731.s900_chunk65.16kHz.wav,co,220110_0731,65,raw
train,others,CR_lounge_220110_0731.s2700_chunk65.16kHz.wav,cmp,220110_0731,65,raw
train,others,CR_lounge_220110_0731.s1800_chunk65.16kHz.wav,co,220110_0731,65,raw
train,others,CR_lounge_220110_0731.s3000_chunk66.16kHz.wav,cfmop,220110_0731,66,refined
train,others,CR_lounge_220110_0731.s3300_chunk66.16kHz.wav,cmop,220110_0731,66,refined
train,others,CR_lounge_220110_0731.s600_chunk66.16kHz.wav,c,220110_0731,66,refined
train,others,CR_lounge_220110_0731.s2700_chunk66.16kHz.wav,cp,220110_0731,66,refined
train,others,CR_lounge_220110_0731.s0_chunk66.16kHz.wav,cp,220110_0731,66,raw
train,others,CR_lounge_220110_0731.s2100_chunk66.16kHz.wav,mop,220110_0731,66,raw
train,others,CR_lounge_220110_0731.s300_chunk66.16kHz.wav,cp,220110_0731,66,raw
train,others,CR_lounge_220110_0731.s1200_chunk66.16kHz.wav,c,220110_0731,66,raw
train,others,CR_lounge_220110_0731.s2400_chunk66.16kHz.wav,cm,220110_0731,66,raw
train,others,CR_lounge_220110_0731.s900_chunk66.16kHz.wav,co,220110_0731,66,raw
train,others,CR_lounge_220110_0731.s1800_chunk66.16kHz.wav,cf,220110_0731,66,raw
train,others,CR_lounge_220110_0731.s2100_chunk67.16kHz.wav,cmop,220110_0731,67,refined
train,others,CR_lounge_220110_0731.s300_chunk67.16kHz.wav,cop,220110_0731,67,refined
train,others,CR_lounge_220110_0731.s3300_chunk67.16kHz.wav,cmop,220110_0731,67,refined
train,others,CR_lounge_220110_0731.s0_chunk67.16kHz.wav,c,220110_0731,67,raw
train,others,CR_lounge_220110_0731.s3000_chunk67.16kHz.wav,cf,220110_0731,67,raw
train,others,CR_lounge_220110_0731.s1200_chunk67.16kHz.wav,c,220110_0731,67,raw
train,others,CR_lounge_220110_0731.s2400_chunk67.16kHz.wav,cm,220110_0731,67,raw
train,others,CR_lounge_220110_0731.s600_chunk67.16kHz.wav,c,220110_0731,67,raw
train,others,CR_lounge_220110_0731.s900_chunk67.16kHz.wav,c,220110_0731,67,raw
train,others,CR_lounge_220110_0731.s2700_chunk67.16kHz.wav,cp,220110_0731,67,raw
train,others,CR_lounge_220110_0731.s1800_chunk67.16kHz.wav,cf,220110_0731,67,raw
train,others,CR_lounge_220110_0731.s300_chunk68.16kHz.wav,cop,220110_0731,68,refined
train,others,CR_lounge_220110_0731.s2400_chunk68.16kHz.wav,c,220110_0731,68,refined
train,others,CR_lounge_220110_0731.s3300_chunk68.16kHz.wav,cmop,220110_0731,68,refined
train,others,CR_lounge_220110_0731.s0_chunk68.16kHz.wav,c,220110_0731,68,raw
train,others,CR_lounge_220110_0731.s2100_chunk68.16kHz.wav,cmp,220110_0731,68,raw
train,others,CR_lounge_220110_0731.s3000_chunk68.16kHz.wav,cfp,220110_0731,68,raw
train,others,CR_lounge_220110_0731.s1200_chunk68.16kHz.wav,c,220110_0731,68,raw
train,others,CR_lounge_220110_0731.s600_chunk68.16kHz.wav,p,220110_0731,68,raw
train,others,CR_lounge_220110_0731.s900_chunk68.16kHz.wav,c,220110_0731,68,raw
train,others,CR_lounge_220110_0731.s2700_chunk68.16kHz.wav,cmo,220110_0731,68,raw
train,others,CR_lounge_220110_0731.s0_chunk69.16kHz.wav,cp,220110_0731,69,refined
train,others,CR_lounge_220110_0731.s2100_chunk69.16kHz.wav,cmop,220110_0731,69,refined
train,others,CR_lounge_220110_0731.s300_chunk69.16kHz.wav,cop,220110_0731,69,refined
train,others,CR_lounge_220110_0731.s2400_chunk69.16kHz.wav,m,220110_0731,69,refined
train,others,CR_lounge_220110_0731.s3000_chunk69.16kHz.wav,cfp,220110_0731,69,raw
train,others,CR_lounge_220110_0731.s1200_chunk69.16kHz.wav,co,220110_0731,69,raw
train,others,CR_lounge_220110_0731.s3300_chunk69.16kHz.wav,cmp,220110_0731,69,raw
train,others,CR_lounge_220110_0731.s600_chunk69.16kHz.wav,cp,220110_0731,69,raw
train,others,CR_lounge_220110_0731.s900_chunk69.16kHz.wav,p,220110_0731,69,raw
train,others,CR_lounge_220110_0731.s2700_chunk69.16kHz.wav,cm,220110_0731,69,raw
train,others,CR_lounge_220110_0731.s1800_chunk69.16kHz.wav,cf,220110_0731,69,raw
train,others,CR_lounge_220110_0731.s0_chunk70.16kHz.wav,cp,220110_0731,70,refined
train,others,CR_lounge_220110_0731.s300_chunk70.16kHz.wav,cop,220110_0731,70,refined
train,others,CR_lounge_220110_0731.s1800_chunk70.16kHz.wav,fp,220110_0731,70,refined
train,others,CR_lounge_220110_0731.s2100_chunk70.16kHz.wav,cmo,220110_0731,70,raw
train,others,CR_lounge_220110_0731.s3000_chunk70.16kHz.wav,cfp,220110_0731,70,raw
train,others,CR_lounge_220110_0731.s2400_chunk70.16kHz.wav,m,220110_0731,70,raw
train,others,CR_lounge_220110_0731.s3300_chunk70.16kHz.wav,cm,220110_0731,70,raw
train,others,CR_lounge_220110_0731.s600_chunk70.16kHz.wav,c,220110_0731,70,raw
train,others,CR_lounge_220110_0731.s900_chunk70.16kHz.wav,co,220110_0731,70,raw
train,others,CR_lounge_220110_0731.s2700_chunk70.16kHz.wav,mp,220110_0731,70,raw
train,others,CR_lounge_220110_0731.s0_chunk71.16kHz.wav,cp,220110_0731,71,refined
train,others,CR_lounge_220110_0731.s2100_chunk71.16kHz.wav,cmo,220110_0731,71,raw
train,others,CR_lounge_220110_0731.s300_chunk71.16kHz.wav,cp,220110_0731,71,raw
train,others,CR_lounge_220110_0731.s3000_chunk71.16kHz.wav,cfmp,220110_0731,71,raw
train,others,CR_lounge_220110_0731.s1200_chunk71.16kHz.wav,c,220110_0731,71,raw
train,others,CR_lounge_220110_0731.s2400_chunk71.16kHz.wav,mo,220110_0731,71,raw
train,others,CR_lounge_220110_0731.s3300_chunk71.16kHz.wav,cmp,220110_0731,71,raw
train,others,CR_lounge_220110_0731.s600_chunk71.16kHz.wav,c,220110_0731,71,raw
train,others,CR_lounge_220110_0731.s900_chunk71.16kHz.wav,cp,220110_0731,71,raw
train,others,CR_lounge_220110_0731.s2700_chunk71.16kHz.wav,cfm,220110_0731,71,raw
train,others,CR_lounge_220110_0731.s1800_chunk71.16kHz.wav,cp,220110_0731,71,raw
train,others,CR_lounge_220110_0731.s0_chunk72.16kHz.wav,cp,220110_0731,72,refined
train,others,CR_lounge_220110_0731.s2100_chunk72.16kHz.wav,cmop,220110_0731,72,refined
train,others,CR_lounge_220110_0731.s300_chunk72.16kHz.wav,cop,220110_0731,72,refined
train,others,CR_lounge_220110_0731.s1200_chunk72.16kHz.wav,c,220110_0731,72,refined
train,others,CR_lounge_220110_0731.s600_chunk72.16kHz.wav,c,220110_0731,72,refined
train,others,CR_lounge_220110_0731.s900_chunk72.16kHz.wav,op,220110_0731,72,refined
train,others,CR_lounge_220110_0731.s2700_chunk72.16kHz.wav,cmp,220110_0731,72,refined
train,others,CR_lounge_220110_0731.s3000_chunk72.16kHz.wav,cp,220110_0731,72,raw
train,others,CR_lounge_220110_0731.s2400_chunk72.16kHz.wav,m,220110_0731,72,raw
train,others,CR_lounge_220110_0731.s3300_chunk72.16kHz.wav,cmp,220110_0731,72,raw
train,others,CR_lounge_220110_0731.s0_chunk73.16kHz.wav,cp,220110_0731,73,refined
train,others,CR_lounge_220110_0731.s1200_chunk73.16kHz.wav,cp,220110_0731,73,refined
train,others,CR_lounge_220110_0731.s600_chunk73.16kHz.wav,c,220110_0731,73,refined
train,others,CR_lounge_220110_0731.s2100_chunk73.16kHz.wav,cmo,220110_0731,73,raw
train,others,CR_lounge_220110_0731.s300_chunk73.16kHz.wav,op,220110_0731,73,raw
train,others,CR_lounge_220110_0731.s3000_chunk73.16kHz.wav,cp,220110_0731,73,raw
train,others,CR_lounge_220110_0731.s2400_chunk73.16kHz.wav,m,220110_0731,73,raw
train,others,CR_lounge_220110_0731.s3300_chunk73.16kHz.wav,cfmp,220110_0731,73,raw
train,others,CR_lounge_220110_0731.s900_chunk73.16kHz.wav,op,220110_0731,73,raw
train,others,CR_lounge_220110_0731.s2700_chunk73.16kHz.wav,cm,220110_0731,73,raw
train,others,CR_lounge_220110_0731.s1800_chunk73.16kHz.wav,cp,220110_0731,73,raw
train,others,CR_lounge_220110_0731.s0_chunk74.16kHz.wav,c,220110_0731,74,refined
train,others,CR_lounge_220110_0731.s2100_chunk74.16kHz.wav,mop,220110_0731,74,refined
train,others,CR_lounge_220110_0731.s300_chunk74.16kHz.wav,op,220110_0731,74,refined
train,others,CR_lounge_220110_0731.s3000_chunk74.16kHz.wav,cp,220110_0731,74,raw
train,others,CR_lounge_220110_0731.s1200_chunk74.16kHz.wav,cp,220110_0731,74,raw
train,others,CR_lounge_220110_0731.s2400_chunk74.16kHz.wav,m,220110_0731,74,raw
train,others,CR_lounge_220110_0731.s3300_chunk74.16kHz.wav,cp,220110_0731,74,raw
train,others,CR_lounge_220110_0731.s600_chunk74.16kHz.wav,cp,220110_0731,74,raw
train,others,CR_lounge_220110_0731.s900_chunk74.16kHz.wav,c,220110_0731,74,raw
train,others,CR_lounge_220110_0731.s2700_chunk74.16kHz.wav,cf,220110_0731,74,raw
train,others,CR_lounge_220110_0731.s1800_chunk74.16kHz.wav,cop,220110_0731,74,raw
train,others,CR_lounge_270110_1632.s3300_chunk0.16kHz.wav,cp,270110_1632,0,refined
train,others,CR_lounge_270110_1632.s3900_chunk0.16kHz.wav,cfop,270110_1632,0,refined
train,others,CR_lounge_270110_1632.s3600_chunk0.16kHz.wav,c,270110_1632,0,raw
train,others,CR_lounge_270110_1632.s4200_chunk0.16kHz.wav,cf,270110_1632,0,raw
train,others,CR_lounge_270110_1632.s3900_chunk1.16kHz.wav,cp,270110_1632,1,refined
train,others,CR_lounge_270110_1632.s4200_chunk1.16kHz.wav,cfp,270110_1632,1,refined
train,others,CR_lounge_270110_1632.s3300_chunk1.16kHz.wav,c,270110_1632,1,raw
train,others,CR_lounge_270110_1632.s3600_chunk1.16kHz.wav,fp,270110_1632,1,raw
train,others,CR_lounge_270110_1632.s3300_chunk2.16kHz.wav,cf,270110_1632,2,refined
train,others,CR_lounge_270110_1632.s3600_chunk2.16kHz.wav,fop,270110_1632,2,raw
train,others,CR_lounge_270110_1632.s3900_chunk2.16kHz.wav,c,270110_1632,2,raw
train,others,CR_lounge_270110_1632.s4200_chunk2.16kHz.wav,co,270110_1632,2,raw
train,others,CR_lounge_270110_1632.s3600_chunk3.16kHz.wav,cfop,270110_1632,3,refined
train,others,CR_lounge_270110_1632.s3900_chunk3.16kHz.wav,cf,270110_1632,3,refined
train,others,CR_lounge_270110_1632.s3300_chunk3.16kHz.wav,cp,270110_1632,3,raw
train,others,CR_lounge_270110_1632.s4200_chunk3.16kHz.wav,cfo,270110_1632,3,raw
train,others,CR_lounge_270110_1632.s3900_chunk4.16kHz.wav,cp,270110_1632,4,refined
train,others,CR_lounge_270110_1632.s3300_chunk4.16kHz.wav,cp,270110_1632,4,raw
train,others,CR_lounge_270110_1632.s3600_chunk4.16kHz.wav,cfp,270110_1632,4,raw
train,others,CR_lounge_270110_1632.s3300_chunk5.16kHz.wav,cfp,270110_1632,5,refined
train,others,CR_lounge_270110_1632.s3600_chunk5.16kHz.wav,cfp,270110_1632,5,refined
train,others,CR_lounge_270110_1632.s3900_chunk5.16kHz.wav,c,270110_1632,5,refined
train,others,CR_lounge_270110_1632.s3600_chunk6.16kHz.wav,cp,270110_1632,6,refined
train,others,CR_lounge_270110_1632.s3300_chunk6.16kHz.wav,cf,270110_1632,6,raw
train,others,CR_lounge_270110_1632.s3900_chunk6.16kHz.wav,c,270110_1632,6,raw
train,others,CR_lounge_270110_1632.s3600_chunk7.16kHz.wav,cfop,270110_1632,7,refined
train,others,CR_lounge_270110_1632.s3300_chunk7.16kHz.wav,cf,270110_1632,7,raw
train,others,CR_lounge_270110_1632.s3900_chunk7.16kHz.wav,cf,270110_1632,7,raw
train,others,CR_lounge_270110_1632.s3300_chunk8.16kHz.wav,c,270110_1632,8,refined
train,others,CR_lounge_270110_1632.s3600_chunk8.16kHz.wav,cfp,270110_1632,8,raw
train,others,CR_lounge_270110_1632.s3900_chunk8.16kHz.wav,f,270110_1632,8,raw
train,others,CR_lounge_270110_1632.s3900_chunk9.16kHz.wav,cf,270110_1632,9,refined
train,others,CR_lounge_270110_1632.s3300_chunk9.16kHz.wav,cp,270110_1632,9,raw
train,others,CR_lounge_270110_1632.s3600_chunk9.16kHz.wav,fp,270110_1632,9,raw
train,others,CR_lounge_270110_1632.s3900_chunk10.16kHz.wav,cf,270110_1632,10,refined
train,others,CR_lounge_270110_1632.s3300_chunk10.16kHz.wav,cfp,270110_1632,10,raw
train,others,CR_lounge_270110_1632.s3600_chunk10.16kHz.wav,fp,270110_1632,10,raw
train,others,CR_lounge_270110_1632.s3300_chunk11.16kHz.wav,cp,270110_1632,11,refined
train,others,CR_lounge_270110_1632.s3600_chunk11.16kHz.wav,cfop,270110_1632,11,refined
train,others,CR_lounge_270110_1632.s3900_chunk11.16kHz.wav,c,270110_1632,11,refined
train,others,CR_lounge_270110_1632.s3300_chunk12.16kHz.wav,cfp,270110_1632,12,refined
train,others,CR_lounge_270110_1632.s3900_chunk12.16kHz.wav,cp,270110_1632,12,raw
train,others,CR_lounge_270110_1632.s3300_chunk13.16kHz.wav,cp,270110_1632,13,refined
train,others,CR_lounge_270110_1632.s3900_chunk13.16kHz.wav,cfop,270110_1632,13,refined
train,others,CR_lounge_270110_1632.s3600_chunk13.16kHz.wav,cp,270110_1632,13,raw
train,others,CR_lounge_270110_1632.s3300_chunk14.16kHz.wav,cfp,270110_1632,14,raw
train,others,CR_lounge_270110_1632.s3600_chunk14.16kHz.wav,cp,270110_1632,14,raw
train,others,CR_lounge_270110_1632.s3900_chunk14.16kHz.wav,cf,270110_1632,14,raw
train,others,CR_lounge_270110_1632.s3300_chunk15.16kHz.wav,cfp,270110_1632,15,raw
train,others,CR_lounge_270110_1632.s3600_chunk15.16kHz.wav,cfp,270110_1632,15,raw
train,others,CR_lounge_270110_1632.s3900_chunk15.16kHz.wav,cfp,270110_1632,15,raw
train,others,CR_lounge_270110_1632.s3300_chunk16.16kHz.wav,cfp,270110_1632,16,raw
train,others,CR_lounge_270110_1632.s3900_chunk16.16kHz.wav,cp,270110_1632,16,raw
train,others,CR_lounge_270110_1632.s3600_chunk17.16kHz.wav,cfp,270110_1632,17,refined
train,others,CR_lounge_270110_1632.s3900_chunk17.16kHz.wav,cop,270110_1632,17,refined
train,others,CR_lounge_270110_1632.s3300_chunk17.16kHz.wav,p,270110_1632,17,raw
train,others,CR_lounge_270110_1632.s3600_chunk18.16kHz.wav,fop,270110_1632,18,refined
train,others,CR_lounge_270110_1632.s3900_chunk18.16kHz.wav,cp,270110_1632,18,refined
train,others,CR_lounge_270110_1632.s3300_chunk18.16kHz.wav,p,270110_1632,18,raw
train,others,CR_lounge_270110_1632.s3300_chunk19.16kHz.wav,p,270110_1632,19,refined
train,others,CR_lounge_270110_1632.s3600_chunk19.16kHz.wav,fop,270110_1632,19,refined
train,others,CR_lounge_270110_1632.s3900_chunk19.16kHz.wav,cfp,270110_1632,19,raw
train,others,CR_lounge_270110_1632.s3600_chunk20.16kHz.wav,o,270110_1632,20,refined
train,others,CR_lounge_270110_1632.s3900_chunk20.16kHz.wav,cf,270110_1632,20,refined
train,others,CR_lounge_270110_1632.s3300_chunk20.16kHz.wav,o,270110_1632,20,raw
train,others,CR_lounge_270110_1632.s3300_chunk21.16kHz.wav,op,270110_1632,21,refined
train,others,CR_lounge_270110_1632.s3600_chunk21.16kHz.wav,fop,270110_1632,21,refined
train,others,CR_lounge_270110_1632.s3900_chunk21.16kHz.wav,cp,270110_1632,21,raw
train,others,CR_lounge_270110_1632.s3600_chunk22.16kHz.wav,cp,270110_1632,22,refined
train,others,CR_lounge_270110_1632.s3900_chunk22.16kHz.wav,cfp,270110_1632,22,raw
train,others,CR_lounge_270110_1632.s3300_chunk23.16kHz.wav,o,270110_1632,23,raw
train,others,CR_lounge_270110_1632.s3600_chunk23.16kHz.wav,c,270110_1632,23,raw
train,others,CR_lounge_270110_1632.s3900_chunk23.16kHz.wav,cfo,270110_1632,23,raw
train,others,CR_lounge_270110_1632.s3600_chunk24.16kHz.wav,cfp,270110_1632,24,refined
train,others,CR_lounge_270110_1632.s3300_chunk24.16kHz.wav,o,270110_1632,24,raw
train,others,CR_lounge_270110_1632.s3900_chunk24.16kHz.wav,cf,270110_1632,24,raw
train,others,CR_lounge_270110_1632.s3600_chunk25.16kHz.wav,cp,270110_1632,25,refined
train,others,CR_lounge_270110_1632.s3900_chunk25.16kHz.wav,cf,270110_1632,25,raw
train,others,CR_lounge_270110_1632.s3300_chunk26.16kHz.wav,p,270110_1632,26,refined
train,others,CR_lounge_270110_1632.s3600_chunk26.16kHz.wav,cp,270110_1632,26,raw
train,others,CR_lounge_270110_1632.s3900_chunk26.16kHz.wav,cf,270110_1632,26,raw
train,others,CR_lounge_270110_1632.s3300_chunk27.16kHz.wav,op,270110_1632,27,refined
train,others,CR_lounge_270110_1632.s3900_chunk27.16kHz.wav,c,270110_1632,27,refined
train,others,CR_lounge_270110_1632.s3600_chunk27.16kHz.wav,p,270110_1632,27,raw
train,others,CR_lounge_270110_1632.s3300_chunk28.16kHz.wav,op,270110_1632,28,refined
train,others,CR_lounge_270110_1632.s3600_chunk28.16kHz.wav,cp,270110_1632,28,raw
train,others,CR_lounge_270110_1632.s3900_chunk28.16kHz.wav,c,270110_1632,28,raw
train,others,CR_lounge_270110_1632.s3300_chunk29.16kHz.wav,cp,270110_1632,29,refined
train,others,CR_lounge_270110_1632.s3600_chunk29.16kHz.wav,cop,270110_1632,29,refined
train,others,CR_lounge_270110_1632.s3900_chunk29.16kHz.wav,cf,270110_1632,29,raw
train,others,CR_lounge_270110_1632.s3600_chunk30.16kHz.wav,cop,270110_1632,30,refined
train,others,CR_lounge_270110_1632.s3900_chunk30.16kHz.wav,c,270110_1632,30,refined
train,others,CR_lounge_270110_1632.s3300_chunk30.16kHz.wav,cp,270110_1632,30,raw
train,others,CR_lounge_270110_1632.s3300_chunk31.16kHz.wav,cfo,270110_1632,31,raw
train,others,CR_lounge_270110_1632.s3600_chunk31.16kHz.wav,cp,270110_1632,31,raw
train,others,CR_lounge_270110_1632.s3900_chunk31.16kHz.wav,cf,270110_1632,31,raw
train,others,CR_lounge_270110_1632.s3600_chunk32.16kHz.wav,cop,270110_1632,32,refined
train,others,CR_lounge_270110_1632.s3900_chunk32.16kHz.wav,cfop,270110_1632,32,refined
train,others,CR_lounge_270110_1632.s3300_chunk32.16kHz.wav,cp,270110_1632,32,raw
train,others,CR_lounge_270110_1632.s3600_chunk33.16kHz.wav,cp,270110_1632,33,refined
train,others,CR_lounge_270110_1632.s3300_chunk33.16kHz.wav,cp,270110_1632,33,raw
train,others,CR_lounge_270110_1632.s3900_chunk33.16kHz.wav,cfo,270110_1632,33,raw
train,others,CR_lounge_270110_1632.s3300_chunk34.16kHz.wav,cfp,270110_1632,34,refined
train,others,CR_lounge_270110_1632.s3600_chunk34.16kHz.wav,cp,270110_1632,34,refined
train,others,CR_lounge_270110_1632.s3900_chunk34.16kHz.wav,cf,270110_1632,34,raw
train,others,CR_lounge_270110_1632.s3900_chunk35.16kHz.wav,cp,270110_1632,35,refined
train,others,CR_lounge_270110_1632.s3300_chunk35.16kHz.wav,f,270110_1632,35,raw
train,others,CR_lounge_270110_1632.s3300_chunk36.16kHz.wav,cfp,270110_1632,36,refined
train,others,CR_lounge_270110_1632.s3900_chunk36.16kHz.wav,cfop,270110_1632,36,refined
train,others,CR_lounge_270110_1632.s3600_chunk36.16kHz.wav,fp,270110_1632,36,raw
train,others,CR_lounge_270110_1632.s3300_chunk37.16kHz.wav,cfp,270110_1632,37,refined
train,others,CR_lounge_270110_1632.s3900_chunk37.16kHz.wav,cf,270110_1632,37,refined
train,others,CR_lounge_270110_1632.s3600_chunk37.16kHz.wav,cfp,270110_1632,37,raw
train,others,CR_lounge_270110_1632.s3300_chunk38.16kHz.wav,cfp,270110_1632,38,refined
train,others,CR_lounge_270110_1632.s3600_chunk38.16kHz.wav,c,270110_1632,38,raw
train,others,CR_lounge_270110_1632.s3900_chunk38.16kHz.wav,cf,270110_1632,38,raw
train,others,CR_lounge_270110_1632.s3300_chunk39.16kHz.wav,cfop,270110_1632,39,refined
train,others,CR_lounge_270110_1632.s3600_chunk39.16kHz.wav,cfp,270110_1632,39,refined
train,others,CR_lounge_270110_1632.s3900_chunk39.16kHz.wav,cf,270110_1632,39,refined
train,others,CR_lounge_270110_1632.s3300_chunk40.16kHz.wav,cfp,270110_1632,40,refined
train,others,CR_lounge_270110_1632.s3600_chunk40.16kHz.wav,cfp,270110_1632,40,refined
train,others,CR_lounge_270110_1632.s3900_chunk40.16kHz.wav,cf,270110_1632,40,refined
train,others,CR_lounge_270110_1632.s3600_chunk41.16kHz.wav,cp,270110_1632,41,refined
train,others,CR_lounge_270110_1632.s3900_chunk41.16kHz.wav,cf,270110_1632,41,refined
train,others,CR_lounge_270110_1632.s3300_chunk41.16kHz.wav,cfp,270110_1632,41,raw
train,others,CR_lounge_270110_1632.s3600_chunk42.16kHz.wav,cp,270110_1632,42,refined
train,others,CR_lounge_270110_1632.s3300_chunk42.16kHz.wav,cfp,270110_1632,42,raw
train,others,CR_lounge_270110_1632.s3900_chunk42.16kHz.wav,c,270110_1632,42,raw
train,others,CR_lounge_270110_1632.s3300_chunk43.16kHz.wav,cp,270110_1632,43,refined
train,others,CR_lounge_270110_1632.s3900_chunk43.16kHz.wav,cp,270110_1632,43,refined
train,others,CR_lounge_270110_1632.s3600_chunk43.16kHz.wav,co,270110_1632,43,raw
train,others,CR_lounge_270110_1632.s3300_chunk44.16kHz.wav,cfp,270110_1632,44,refined
train,others,CR_lounge_270110_1632.s3600_chunk44.16kHz.wav,cfop,270110_1632,44,refined
train,others,CR_lounge_270110_1632.s3900_chunk44.16kHz.wav,c,270110_1632,44,raw
train,others,CR_lounge_270110_1632.s3300_chunk45.16kHz.wav,cfp,270110_1632,45,refined
train,others,CR_lounge_270110_1632.s3600_chunk45.16kHz.wav,cfp,270110_1632,45,raw
train,others,CR_lounge_270110_1632.s3900_chunk45.16kHz.wav,c,270110_1632,45,raw
train,others,CR_lounge_270110_1632.s3300_chunk46.16kHz.wav,cfp,270110_1632,46,refined
train,others,CR_lounge_270110_1632.s3600_chunk46.16kHz.wav,cp,270110_1632,46,raw
train,others,CR_lounge_270110_1632.s3900_chunk46.16kHz.wav,c,270110_1632,46,raw
train,others,CR_lounge_270110_1632.s3300_chunk47.16kHz.wav,cfp,270110_1632,47,refined
train,others,CR_lounge_270110_1632.s3600_chunk47.16kHz.wav,cfp,270110_1632,47,raw
train,others,CR_lounge_270110_1632.s3900_chunk47.16kHz.wav,c,270110_1632,47,raw
train,others,CR_lounge_270110_1632.s3900_chunk48.16kHz.wav,cf,270110_1632,48,refined
train,others,CR_lounge_270110_1632.s3300_chunk48.16kHz.wav,fp,270110_1632,48,raw
train,others,CR_lounge_270110_1632.s3600_chunk48.16kHz.wav,cfp,270110_1632,48,raw
train,others,CR_lounge_270110_1632.s3300_chunk49.16kHz.wav,cfp,270110_1632,49,raw
train,others,CR_lounge_270110_1632.s3600_chunk49.16kHz.wav,co,270110_1632,49,raw
train,others,CR_lounge_270110_1632.s3900_chunk49.16kHz.wav,cf,270110_1632,49,raw
train,others,CR_lounge_270110_1632.s3300_chunk50.16kHz.wav,cfp,270110_1632,50,refined
train,others,CR_lounge_270110_1632.s3600_chunk50.16kHz.wav,cf,270110_1632,50,refined
train,others,CR_lounge_270110_1632.s3900_chunk50.16kHz.wav,cf,270110_1632,50,raw
train,others,CR_lounge_270110_1632.s3300_chunk51.16kHz.wav,cfop,270110_1632,51,refined
train,others,CR_lounge_270110_1632.s3600_chunk51.16kHz.wav,cfp,270110_1632,51,refined
train,others,CR_lounge_270110_1632.s3900_chunk51.16kHz.wav,f,270110_1632,51,raw
train,others,CR_lounge_270110_1632.s3300_chunk52.16kHz.wav,cp,270110_1632,52,raw
train,others,CR_lounge_270110_1632.s3600_chunk52.16kHz.wav,cf,270110_1632,52,raw
train,others,CR_lounge_270110_1632.s3900_chunk52.16kHz.wav,o,270110_1632,52,raw
train,others,CR_lounge_270110_1632.s3300_chunk53.16kHz.wav,cfp,270110_1632,53,raw
train,others,CR_lounge_270110_1632.s3600_chunk53.16kHz.wav,cp,270110_1632,53,raw
train,others,CR_lounge_270110_1632.s3900_chunk53.16kHz.wav,o,270110_1632,53,raw
train,others,CR_lounge_270110_1632.s3900_chunk54.16kHz.wav,f,270110_1632,54,refined
train,others,CR_lounge_270110_1632.s3300_chunk54.16kHz.wav,cfp,270110_1632,54,raw
train,others,CR_lounge_270110_1632.s3600_chunk54.16kHz.wav,c,270110_1632,54,raw
train,others,CR_lounge_270110_1632.s3300_chunk55.16kHz.wav,cp,270110_1632,55,raw
train,others,CR_lounge_270110_1632.s3600_chunk55.16kHz.wav,cp,270110_1632,55,raw
train,others,CR_lounge_270110_1632.s3900_chunk55.16kHz.wav,f,270110_1632,55,raw
train,others,CR_lounge_270110_1632.s3300_chunk56.16kHz.wav,cp,270110_1632,56,refined
train,others,CR_lounge_270110_1632.s3600_chunk56.16kHz.wav,cfp,270110_1632,56,raw
train,others,CR_lounge_270110_1632.s3900_chunk56.16kHz.wav,cf,270110_1632,56,raw
train,others,CR_lounge_270110_1632.s3300_chunk57.16kHz.wav,cop,270110_1632,57,refined
train,others,CR_lounge_270110_1632.s3600_chunk57.16kHz.wav,cfp,270110_1632,57,raw
train,others,CR_lounge_270110_1632.s3900_chunk57.16kHz.wav,c,270110_1632,57,raw
train,others,CR_lounge_270110_1632.s3600_chunk58.16kHz.wav,cfp,270110_1632,58,refined
train,others,CR_lounge_270110_1632.s3300_chunk58.16kHz.wav,fp,270110_1632,58,raw
train,others,CR_lounge_270110_1632.s3900_chunk58.16kHz.wav,cf,270110_1632,58,raw
train,others,CR_lounge_270110_1632.s3300_chunk59.16kHz.wav,cfop,270110_1632,59,refined
train,others,CR_lounge_270110_1632.s3900_chunk59.16kHz.wav,cfp,270110_1632,59,refined
train,others,CR_lounge_270110_1632.s3600_chunk59.16kHz.wav,co,270110_1632,59,raw
train,others,CR_lounge_270110_1632.s3300_chunk60.16kHz.wav,cp,270110_1632,60,raw
train,others,CR_lounge_270110_1632.s3600_chunk60.16kHz.wav,c,270110_1632,60,raw
train,others,CR_lounge_270110_1632.s3900_chunk60.16kHz.wav,cf,270110_1632,60,raw
train,others,CR_lounge_270110_1632.s3300_chunk61.16kHz.wav,cf,270110_1632,61,raw
train,others,CR_lounge_270110_1632.s3600_chunk61.16kHz.wav,cp,270110_1632,61,raw
train,others,CR_lounge_270110_1632.s3900_chunk61.16kHz.wav,c,270110_1632,61,raw
train,others,CR_lounge_270110_1632.s3300_chunk62.16kHz.wav,fop,270110_1632,62,refined
train,others,CR_lounge_270110_1632.s3600_chunk62.16kHz.wav,cf,270110_1632,62,raw
train,others,CR_lounge_270110_1632.s3900_chunk62.16kHz.wav,c,270110_1632,62,raw
train,others,CR_lounge_270110_1632.s3600_chunk63.16kHz.wav,cfp,270110_1632,63,refined
train,others,CR_lounge_270110_1632.s3300_chunk63.16kHz.wav,fp,270110_1632,63,raw
train,others,CR_lounge_270110_1632.s3900_chunk63.16kHz.wav,cf,270110_1632,63,raw
train,others,CR_lounge_270110_1632.s3900_chunk64.16kHz.wav,cf,270110_1632,64,refined
train,others,CR_lounge_270110_1632.s3300_chunk64.16kHz.wav,cp,270110_1632,64,raw
train,others,CR_lounge_270110_1632.s3600_chunk64.16kHz.wav,cfp,270110_1632,64,raw
train,others,CR_lounge_270110_1632.s600_chunk64.16kHz.wav,c,270110_1632,64,raw
train,others,CR_lounge_270110_1632.s3900_chunk65.16kHz.wav,cf,270110_1632,65,refined
train,others,CR_lounge_270110_1632.s3300_chunk65.16kHz.wav,cfp,270110_1632,65,raw
train,others,CR_lounge_270110_1632.s3600_chunk65.16kHz.wav,cp,270110_1632,65,raw
train,others,CR_lounge_270110_1632.s3900_chunk66.16kHz.wav,c,270110_1632,66,refined
train,others,CR_lounge_270110_1632.s3300_chunk66.16kHz.wav,cfp,270110_1632,66,raw
train,others,CR_lounge_270110_1632.s3600_chunk66.16kHz.wav,cfp,270110_1632,66,raw
train,others,CR_lounge_270110_1632.s3900_chunk67.16kHz.wav,cf,270110_1632,67,refined
train,others,CR_lounge_270110_1632.s3300_chunk67.16kHz.wav,c,270110_1632,67,raw
train,others,CR_lounge_270110_1632.s3600_chunk67.16kHz.wav,cfp,270110_1632,67,raw
train,others,CR_lounge_270110_1632.s3300_chunk68.16kHz.wav,cfp,270110_1632,68,refined
train,others,CR_lounge_270110_1632.s3600_chunk68.16kHz.wav,cp,270110_1632,68,raw
train,others,CR_lounge_270110_1632.s3900_chunk68.16kHz.wav,c,270110_1632,68,raw
train,others,CR_lounge_270110_1632.s3300_chunk69.16kHz.wav,op,270110_1632,69,refined
train,others,CR_lounge_270110_1632.s3600_chunk69.16kHz.wav,cp,270110_1632,69,refined
train,others,CR_lounge_270110_1632.s3000_chunk69.16kHz.wav,cfo,270110_1632,69,raw
train,others,CR_lounge_270110_1632.s3900_chunk69.16kHz.wav,c,270110_1632,69,raw
train,others,CR_lounge_270110_1632.s3600_chunk70.16kHz.wav,cp,270110_1632,70,refined
train,others,CR_lounge_270110_1632.s3300_chunk70.16kHz.wav,cfp,270110_1632,70,raw
train,others,CR_lounge_270110_1632.s3900_chunk70.16kHz.wav,cfp,270110_1632,70,raw
train,others,CR_lounge_270110_1632.s3000_chunk71.16kHz.wav,cfp,270110_1632,71,refined
train,others,CR_lounge_270110_1632.s3300_chunk71.16kHz.wav,co,270110_1632,71,raw
train,others,CR_lounge_270110_1632.s3900_chunk71.16kHz.wav,c,270110_1632,71,raw
train,others,CR_lounge_270110_1632.s3300_chunk72.16kHz.wav,op,270110_1632,72,refined
train,others,CR_lounge_270110_1632.s3000_chunk72.16kHz.wav,cp,270110_1632,72,raw
train,others,CR_lounge_270110_1632.s3600_chunk72.16kHz.wav,cp,270110_1632,72,raw
train,others,CR_lounge_270110_1632.s3900_chunk72.16kHz.wav,c,270110_1632,72,raw
train,others,CR_lounge_270110_1632.s3600_chunk73.16kHz.wav,cp,270110_1632,73,refined
train,others,CR_lounge_270110_1632.s3900_chunk73.16kHz.wav,cfo,270110_1632,73,refined
train,others,CR_lounge_270110_1632.s3300_chunk73.16kHz.wav,fp,270110_1632,73,raw
train,others,CR_lounge_270110_1632.s3000_chunk74.16kHz.wav,cp,270110_1632,74,refined
train,others,CR_lounge_270110_1632.s3300_chunk74.16kHz.wav,cfp,270110_1632,74,raw
train,others,CR_lounge_270110_1632.s3600_chunk74.16kHz.wav,cp,270110_1632,74,raw
train,others,CR_lounge_270110_1632.s3900_chunk74.16kHz.wav,cf,270110_1632,74,raw
train,target,CR_lounge_220110_0731.s1800_chunk1.16kHz.wav,v,220110_0731,1,raw
train,target,CR_lounge_220110_0731.s1800_chunk2.16kHz.wav,v,220110_0731,2,refined
train,target,CR_lounge_220110_0731.s1800_chunk3.16kHz.wav,v,220110_0731,3,refined
train,target,CR_lounge_220110_0731.s1800_chunk5.16kHz.wav,v,220110_0731,5,raw
train,target,CR_lounge_220110_0731.s1800_chunk7.16kHz.wav,v,220110_0731,7,refined
train,target,CR_lounge_220110_0731.s1800_chunk9.16kHz.wav,v,220110_0731,9,raw
train,target,CR_lounge_220110_0731.s1800_chunk10.16kHz.wav,v,220110_0731,10,refined
train,target,CR_lounge_220110_0731.s1800_chunk11.16kHz.wav,v,220110_0731,11,raw
train,target,CR_lounge_220110_0731.s1800_chunk12.16kHz.wav,v,220110_0731,12,raw
train,target,CR_lounge_220110_0731.s1800_chunk13.16kHz.wav,v,220110_0731,13,refined
train,target,CR_lounge_220110_0731.s1800_chunk14.16kHz.wav,v,220110_0731,14,refined
train,target,CR_lounge_220110_0731.s1800_chunk15.16kHz.wav,v,220110_0731,15,raw
train,target,CR_lounge_220110_0731.s1800_chunk16.16kHz.wav,v,220110_0731,16,refined
train,target,CR_lounge_220110_0731.s1800_chunk17.16kHz.wav,v,220110_0731,17,refined
train,target,CR_lounge_220110_0731.s1800_chunk18.16kHz.wav,v,220110_0731,18,raw
train,target,CR_lounge_220110_0731.s1500_chunk22.16kHz.wav,v,220110_0731,22,refined
train,target,CR_lounge_220110_0731.s1500_chunk37.16kHz.wav,v,220110_0731,37,refined
train,target,CR_lounge_220110_0731.s1500_chunk38.16kHz.wav,v,220110_0731,38,raw
train,target,CR_lounge_220110_0731.s1500_chunk39.16kHz.wav,v,220110_0731,39,raw
train,target,CR_lounge_220110_0731.s1500_chunk40.16kHz.wav,v,220110_0731,40,raw
train,target,CR_lounge_220110_0731.s1500_chunk41.16kHz.wav,v,220110_0731,41,refined
train,target,CR_lounge_220110_0731.s1500_chunk42.16kHz.wav,v,220110_0731,42,refined
train,target,CR_lounge_220110_0731.s1500_chunk43.16kHz.wav,v,220110_0731,43,refined
train,target,CR_lounge_220110_0731.s1500_chunk47.16kHz.wav,v,220110_0731,47,refined
train,target,CR_lounge_220110_0731.s1500_chunk48.16kHz.wav,v,220110_0731,48,raw
train,target,CR_lounge_220110_0731.s1500_chunk53.16kHz.wav,v,220110_0731,53,refined
train,target,CR_lounge_220110_0731.s1500_chunk66.16kHz.wav,v,220110_0731,66,refined
train,target,CR_lounge_220110_0731.s1500_chunk68.16kHz.wav,v,220110_0731,68,raw
train,target,CR_lounge_220110_0731.s1500_chunk69.16kHz.wav,v,220110_0731,69,refined
train,target,CR_lounge_270110_1632.s3000_chunk0.16kHz.wav,v,270110_1632,0,refined
train,target,CR_lounge_270110_1632.s900_chunk0.16kHz.wav,v,270110_1632,0,refined
train,target,CR_lounge_270110_1632.s1200_chunk0.16kHz.wav,v,270110_1632,0,refined
train,target,CR_lounge_270110_1632.s600_chunk0.16kHz.wav,v,270110_1632,0,refined
train,target,CR_lounge_270110_1632.s300_chunk0.16kHz.wav,v,270110_1632,0,refined
train,target,CR_lounge_270110_1632.s0_chunk0.16kHz.wav,v,270110_1632,0,raw
train,target,CR_lounge_270110_1632.s2100_chunk0.16kHz.wav,v,270110_1632,0,raw
train,target,CR_lounge_270110_1632.s1500_chunk0.16kHz.wav,v,270110_1632,0,raw
train,target,CR_lounge_270110_1632.s1800_chunk0.16kHz.wav,v,270110_1632,0,raw
train,target,CR_lounge_270110_1632.s2400_chunk0.16kHz.wav,v,270110_1632,0,raw
train,target,CR_lounge_270110_1632.s2700_chunk0.16kHz.wav,v,270110_1632,0,raw
train,target,CR_lounge_270110_1632.s600_chunk1.16kHz.wav,v,270110_1632,1,refined
train,target,CR_lounge_270110_1632.s300_chunk1.16kHz.wav,v,270110_1632,1,refined
train,target,CR_lounge_270110_1632.s3000_chunk1.16kHz.wav,v,270110_1632,1,raw
train,target,CR_lounge_270110_1632.s900_chunk1.16kHz.wav,v,270110_1632,1,raw
train,target,CR_lounge_270110_1632.s1500_chunk1.16kHz.wav,v,270110_1632,1,raw
train,target,CR_lounge_270110_1632.s2400_chunk1.16kHz.wav,v,270110_1632,1,raw
train,target,CR_lounge_270110_1632.s1200_chunk2.16kHz.wav,v,270110_1632,2,refined
train,target,CR_lounge_270110_1632.s600_chunk2.16kHz.wav,v,270110_1632,2,refined
train,target,CR_lounge_270110_1632.s3000_chunk2.16kHz.wav,v,270110_1632,2,raw
train,target,CR_lounge_270110_1632.s1500_chunk2.16kHz.wav,v,270110_1632,2,raw
train,target,CR_lounge_270110_1632.s2400_chunk2.16kHz.wav,v,270110_1632,2,raw
train,target,CR_lounge_270110_1632.s300_chunk2.16kHz.wav,v,270110_1632,2,raw
train,target,CR_lounge_270110_1632.s3000_chunk3.16kHz.wav,v,270110_1632,3,refined
train,target,CR_lounge_270110_1632.s0_chunk3.16kHz.wav,v,270110_1632,3,refined
train,target,CR_lounge_270110_1632.s1200_chunk3.16kHz.wav,v,270110_1632,3,refined
train,target,CR_lounge_270110_1632.s600_chunk3.16kHz.wav,v,270110_1632,3,refined
train,target,CR_lounge_270110_1632.s1500_chunk3.16kHz.wav,v,270110_1632,3,raw
train,target,CR_lounge_270110_1632.s2400_chunk3.16kHz.wav,v,270110_1632,3,raw
train,target,CR_lounge_270110_1632.s300_chunk3.16kHz.wav,v,270110_1632,3,raw
train,target,CR_lounge_270110_1632.s2700_chunk3.16kHz.wav,v,270110_1632,3,raw
train,target,CR_lounge_270110_1632.s0_chunk4.16kHz.wav,v,270110_1632,4,refined
train,target,CR_lounge_270110_1632.s1200_chunk4.16kHz.wav,v,270110_1632,4,refined
train,target,CR_lounge_270110_1632.s600_chunk4.16kHz.wav,v,270110_1632,4,refined
train,target,CR_lounge_270110_1632.s300_chunk4.16kHz.wav,v,270110_1632,4,refined
train,target,CR_lounge_270110_1632.s2400_chunk4.16kHz.wav,v,270110_1632,4,raw
train,target,CR_lounge_270110_1632.s2700_chunk4.16kHz.wav,v,270110_1632,4,raw
train,target,CR_lounge_270110_1632.s0_chunk5.16kHz.wav,v,270110_1632,5,refined
train,target,CR_lounge_270110_1632.s900_chunk5.16kHz.wav,v,270110_1632,5,refined
train,target,CR_lounge_270110_1632.s1200_chunk5.16kHz.wav,v,270110_1632,5,refined
train,target,CR_lounge_270110_1632.s600_chunk5.16kHz.wav,v,270110_1632,5,refined
train,target,CR_lounge_270110_1632.s2400_chunk5.16kHz.wav,v,270110_1632,5,refined
train,target,CR_lounge_270110_1632.s3000_chunk5.16kHz.wav,v,270110_1632,5,raw
train,target,CR_lounge_270110_1632.s1500_chunk5.16kHz.wav,v,270110_1632,5,raw
train,target,CR_lounge_270110_1632.s2700_chunk5.16kHz.wav,v,270110_1632,5,raw
train,target,CR_lounge_270110_1632.s1200_chunk6.16kHz.wav,v,270110_1632,6,refined
train,target,CR_lounge_270110_1632.s3000_chunk6.16kHz.wav,v,270110_1632,6,raw
train,target,CR_lounge_270110_1632.s0_chunk6.16kHz.wav,v,270110_1632,6,raw
train,target,CR_lounge_270110_1632.s1500_chunk6.16kHz.wav,v,270110_1632,6,raw
train,target,CR_lounge_270110_1632.s600_chunk6.16kHz.wav,v,270110_1632,6,raw
train,target,CR_lounge_270110_1632.s2400_chunk6.16kHz.wav,v,270110_1632,6,raw
train,target,CR_lounge_270110_1632.s0_chunk7.16kHz.wav,v,270110_1632,7,refined
train,target,CR_lounge_270110_1632.s1500_chunk7.16kHz.wav,v,270110_1632,7,refined
train,target,CR_lounge_270110_1632.s1200_chunk7.16kHz.wav,v,270110_1632,7,refined
train,target,CR_lounge_270110_1632.s2400_chunk7.16kHz.wav,v,270110_1632,7,refined
train,target,CR_lounge_270110_1632.s3000_chunk7.16kHz.wav,v,270110_1632,7,raw
train,target,CR_lounge_270110_1632.s2100_chunk7.16kHz.wav,v,270110_1632,7,raw
train,target,CR_lounge_270110_1632.s1800_chunk7.16kHz.wav,v,270110_1632,7,raw
train,target,CR_lounge_270110_1632.s600_chunk7.16kHz.wav,v,270110_1632,7,raw
train,target,CR_lounge_270110_1632.s0_chunk8.16kHz.wav,v,270110_1632,8,refined
train,target,CR_lounge_270110_1632.s1800_chunk8.16kHz.wav,v,270110_1632,8,refined
train,target,CR_lounge_270110_1632.s600_chunk8.16kHz.wav,v,270110_1632,8,refined
train,target,CR_lounge_270110_1632.s3000_chunk8.16kHz.wav,v,270110_1632,8,raw
train,target,CR_lounge_270110_1632.s2100_chunk8.16kHz.wav,v,270110_1632,8,raw
train,target,CR_lounge_270110_1632.s900_chunk8.16kHz.wav,v,270110_1632,8,raw
train,target,CR_lounge_270110_1632.s1500_chunk8.16kHz.wav,v,270110_1632,8,raw
train,target,CR_lounge_270110_1632.s1200_chunk8.16kHz.wav,v,270110_1632,8,raw
train,target,CR_lounge_270110_1632.s2400_chunk8.16kHz.wav,v,270110_1632,8,raw
train,target,CR_lounge_270110_1632.s0_chunk9.16kHz.wav,v,270110_1632,9,refined
train,target,CR_lounge_270110_1632.s1500_chunk9.16kHz.wav,v,270110_1632,9,refined
train,target,CR_lounge_270110_1632.s600_chunk9.16kHz.wav,v,270110_1632,9,refined
train,target,CR_lounge_270110_1632.s2100_chunk9.16kHz.wav,v,270110_1632,9,raw
train,target,CR_lounge_270110_1632.s1200_chunk9.16kHz.wav,v,270110_1632,9,raw
train,target,CR_lounge_270110_1632.s1800_chunk9.16kHz.wav,v,270110_1632,9,raw
train,target,CR_lounge_270110_1632.s2400_chunk9.16kHz.wav,v,270110_1632,9,raw
train,target,CR_lounge_270110_1632.s0_chunk10.16kHz.wav,v,270110_1632,10,refined
train,target,CR_lounge_270110_1632.s1500_chunk10.16kHz.wav,v,270110_1632,10,refined
train,target,CR_lounge_270110_1632.s600_chunk10.16kHz.wav,v,270110_1632,10,refined
train,target,CR_lounge_270110_1632.s2700_chunk10.16kHz.wav,v,270110_1632,10,refined
train,target,CR_lounge_270110_1632.s3000_chunk10.16kHz.wav,v,270110_1632,10,raw
train,target,CR_lounge_270110_1632.s1200_chunk10.16kHz.wav,v,270110_1632,10,raw
train,target,CR_lounge_270110_1632.s1800_chunk10.16kHz.wav,v,270110_1632,10,raw
train,target,CR_lounge_270110_1632.s2400_chunk10.16kHz.wav,v,270110_1632,10,raw
train,target,CR_lounge_270110_1632.s0_chunk11.16kHz.wav,v,270110_1632,11,refined
train,target,CR_lounge_270110_1632.s600_chunk11.16kHz.wav,v,270110_1632,11,refined
train,target,CR_lounge_270110_1632.s3000_chunk11.16kHz.wav,v,270110_1632,11,raw
train,target,CR_lounge_270110_1632.s2100_chunk11.16kHz.wav,v,270110_1632,11,raw
train,target,CR_lounge_270110_1632.s0_chunk12.16kHz.wav,v,270110_1632,12,refined
train,target,CR_lounge_270110_1632.s600_chunk12.16kHz.wav,v,270110_1632,12,refined
train,target,CR_lounge_270110_1632.s300_chunk12.16kHz.wav,v,270110_1632,12,refined
train,target,CR_lounge_270110_1632.s900_chunk12.16kHz.wav,v,270110_1632,12,raw
train,target,CR_lounge_270110_1632.s2700_chunk12.16kHz.wav,v,270110_1632,12,raw
train,target,CR_lounge_270110_1632.s0_chunk13.16kHz.wav,v,270110_1632,13,refined
train,target,CR_lounge_270110_1632.s1500_chunk13.16kHz.wav,v,270110_1632,13,refined
train,target,CR_lounge_270110_1632.s1200_chunk13.16kHz.wav,v,270110_1632,13,refined
train,target,CR_lounge_270110_1632.s600_chunk13.16kHz.wav,v,270110_1632,13,refined
train,target,CR_lounge_270110_1632.s300_chunk13.16kHz.wav,v,270110_1632,13,refined
train,target,CR_lounge_270110_1632.s3000_chunk13.16kHz.wav,v,270110_1632,13,raw
train,target,CR_lounge_270110_1632.s900_chunk13.16kHz.wav,v,270110_1632,13,raw
train,target,CR_lounge_270110_1632.s0_chunk14.16kHz.wav,v,270110_1632,14,refined
train,target,CR_lounge_270110_1632.s1500_chunk14.16kHz.wav,v,270110_1632,14,refined
train,target,CR_lounge_270110_1632.s1200_chunk14.16kHz.wav,v,270110_1632,14,refined
train,target,CR_lounge_270110_1632.s300_chunk14.16kHz.wav,v,270110_1632,14,refined
train,target,CR_lounge_270110_1632.s3000_chunk14.16kHz.wav,v,270110_1632,14,raw
train,target,CR_lounge_270110_1632.s2100_chunk14.16kHz.wav,v,270110_1632,14,raw
train,target,CR_lounge_270110_1632.s3000_chunk15.16kHz.wav,v,270110_1632,15,refined
train,target,CR_lounge_270110_1632.s0_chunk15.16kHz.wav,v,270110_1632,15,refined
train,target,CR_lounge_270110_1632.s1500_chunk15.16kHz.wav,v,270110_1632,15,refined
train,target,CR_lounge_270110_1632.s600_chunk15.16kHz.wav,v,270110_1632,15,refined
train,target,CR_lounge_270110_1632.s900_chunk15.16kHz.wav,v,270110_1632,15,raw
train,target,CR_lounge_270110_1632.s0_chunk16.16kHz.wav,v,270110_1632,16,refined
train,target,CR_lounge_270110_1632.s600_chunk16.16kHz.wav,v,270110_1632,16,refined
train,target,CR_lounge_270110_1632.s3000_chunk16.16kHz.wav,v,270110_1632,16,raw
train,target,CR_lounge_270110_1632.s2100_chunk16.16kHz.wav,v,270110_1632,16,raw
train,target,CR_lounge_270110_1632.s900_chunk16.16kHz.wav,v,270110_1632,16,raw
train,target,CR_lounge_270110_1632.s1500_chunk16.16kHz.wav,v,270110_1632,16,raw
train,target,CR_lounge_270110_1632.s300_chunk16.16kHz.wav,v,270110_1632,16,raw
train,target,CR_lounge_270110_1632.s3000_chunk17.16kHz.wav,v,270110_1632,17,refined
train,target,CR_lounge_270110_1632.s0_chunk17.16kHz.wav,v,270110_1632,17,refined
train,target,CR_lounge_270110_1632.s600_chunk17.16kHz.wav,v,270110_1632,17,refined
train,target,CR_lounge_270110_1632.s300_chunk17.16kHz.wav,v,270110_1632,17,refined
train,target,CR_lounge_270110_1632.s2100_chunk17.16kHz.wav,v,270110_1632,17,raw
train,target,CR_lounge_270110_1632.s900_chunk17.16kHz.wav,v,270110_1632,17,raw
train,target,CR_lounge_270110_1632.s3000_chunk18.16kHz.wav,v,270110_1632,18,refined
train,target,CR_lounge_270110_1632.s900_chunk18.16kHz.wav,v,270110_1632,18,refined
train,target,CR_lounge_270110_1632.s300_chunk18.16kHz.wav,v,270110_1632,18,refined
train,target,CR_lounge_270110_1632.s0_chunk18.16kHz.wav,v,270110_1632,18,raw
train,target,CR_lounge_270110_1632.s2100_chunk18.16kHz.wav,v,270110_1632,18,raw
train,target,CR_lounge_270110_1632.s1500_chunk18.16kHz.wav,v,270110_1632,18,raw
train,target,CR_lounge_270110_1632.s600_chunk18.16kHz.wav,v,270110_1632,18,raw
train,target,CR_lounge_270110_1632.s2700_chunk18.16kHz.wav,v,270110_1632,18,raw
train,target,CR_lounge_270110_1632.s3000_chunk19.16kHz.wav,v,270110_1632,19,refined
train,target,CR_lounge_270110_1632.s900_chunk19.16kHz.wav,v,270110_1632,19,refined
train,target,CR_lounge_270110_1632.s1500_chunk19.16kHz.wav,v,270110_1632,19,refined
train,target,CR_lounge_270110_1632.s600_chunk19.16kHz.wav,v,270110_1632,19,refined
train,target,CR_lounge_270110_1632.s300_chunk19.16kHz.wav,v,270110_1632,19,refined
train,target,CR_lounge_270110_1632.s0_chunk19.16kHz.wav,v,270110_1632,19,raw
train,target,CR_lounge_270110_1632.s2100_chunk19.16kHz.wav,v,270110_1632,19,raw
train,target,CR_lounge_270110_1632.s2400_chunk19.16kHz.wav,v,270110_1632,19,raw
train,target,CR_lounge_270110_1632.s2700_chunk19.16kHz.wav,v,270110_1632,19,raw
train,target,CR_lounge_270110_1632.s3000_chunk20.16kHz.wav,v,270110_1632,20,refined
train,target,CR_lounge_270110_1632.s1500_chunk20.16kHz.wav,v,270110_1632,20,refined
train,target,CR_lounge_270110_1632.s600_chunk20.16kHz.wav,v,270110_1632,20,refined
train,target,CR_lounge_270110_1632.s300_chunk20.16kHz.wav,v,270110_1632,20,refined
train,target,CR_lounge_270110_1632.s2100_chunk20.16kHz.wav,v,270110_1632,20,raw
train,target,CR_lounge_270110_1632.s900_chunk20.16kHz.wav,v,270110_1632,20,raw
train,target,CR_lounge_270110_1632.s3000_chunk21.16kHz.wav,v,270110_1632,21,refined
train,target,CR_lounge_270110_1632.s1500_chunk21.16kHz.wav,v,270110_1632,21,refined
train,target,CR_lounge_270110_1632.s600_chunk21.16kHz.wav,v,270110_1632,21,refined
train,target,CR_lounge_270110_1632.s300_chunk21.16kHz.wav,v,270110_1632,21,refined
train,target,CR_lounge_270110_1632.s0_chunk21.16kHz.wav,v,270110_1632,21,raw
train,target,CR_lounge_270110_1632.s2100_chunk21.16kHz.wav,v,270110_1632,21,raw
train,target,CR_lounge_270110_1632.s900_chunk21.16kHz.wav,v,270110_1632,21,raw
train,target,CR_lounge_270110_1632.s2100_chunk22.16kHz.wav,v,270110_1632,22,refined
train,target,CR_lounge_270110_1632.s900_chunk22.16kHz.wav,v,270110_1632,22,refined
train,target,CR_lounge_270110_1632.s1500_chunk22.16kHz.wav,v,270110_1632,22,refined
train,target,CR_lounge_270110_1632.s600_chunk22.16kHz.wav,v,270110_1632,22,refined
train,target,CR_lounge_270110_1632.s3000_chunk22.16kHz.wav,v,270110_1632,22,raw
train,target,CR_lounge_270110_1632.s0_chunk22.16kHz.wav,v,270110_1632,22,raw
train,target,CR_lounge_270110_1632.s300_chunk22.16kHz.wav,v,270110_1632,22,raw
train,target,CR_lounge_270110_1632.s2700_chunk22.16kHz.wav,v,270110_1632,22,raw
train,target,CR_lounge_270110_1632.s3000_chunk23.16kHz.wav,v,270110_1632,23,refined
train,target,CR_lounge_270110_1632.s1500_chunk23.16kHz.wav,v,270110_1632,23,refined
train,target,CR_lounge_270110_1632.s600_chunk23.16kHz.wav,v,270110_1632,23,refined
train,target,CR_lounge_270110_1632.s2100_chunk23.16kHz.wav,v,270110_1632,23,raw
train,target,CR_lounge_270110_1632.s2700_chunk23.16kHz.wav,v,270110_1632,23,raw
train,target,CR_lounge_270110_1632.s0_chunk24.16kHz.wav,v,270110_1632,24,refined
train,target,CR_lounge_270110_1632.s900_chunk24.16kHz.wav,v,270110_1632,24,refined
train,target,CR_lounge_270110_1632.s1500_chunk24.16kHz.wav,v,270110_1632,24,refined
train,target,CR_lounge_270110_1632.s600_chunk24.16kHz.wav,v,270110_1632,24,refined
train,target,CR_lounge_270110_1632.s2400_chunk24.16kHz.wav,v,270110_1632,24,refined
train,target,CR_lounge_270110_1632.s300_chunk24.16kHz.wav,v,270110_1632,24,refined
train,target,CR_lounge_270110_1632.s3000_chunk24.16kHz.wav,v,270110_1632,24,raw
train,target,CR_lounge_270110_1632.s2100_chunk24.16kHz.wav,v,270110_1632,24,raw
train,target,CR_lounge_270110_1632.s1200_chunk24.16kHz.wav,v,270110_1632,24,raw
train,target,CR_lounge_270110_1632.s2700_chunk24.16kHz.wav,v,270110_1632,24,raw
train,target,CR_lounge_270110_1632.s1200_chunk25.16kHz.wav,v,270110_1632,25,refined
train,target,CR_lounge_270110_1632.s600_chunk25.16kHz.wav,v,270110_1632,25,refined
train,target,CR_lounge_270110_1632.s300_chunk25.16kHz.wav,v,270110_1632,25,refined
train,target,CR_lounge_270110_1632.s3000_chunk25.16kHz.wav,v,270110_1632,25,raw
train,target,CR_lounge_270110_1632.s0_chunk25.16kHz.wav,v,270110_1632,25,raw
train,target,CR_lounge_270110_1632.s2100_chunk25.16kHz.wav,v,270110_1632,25,raw
train,target,CR_lounge_270110_1632.s900_chunk25.16kHz.wav,v,270110_1632,25,raw
train,target,CR_lounge_270110_1632.s1800_chunk25.16kHz.wav,v,270110_1632,25,raw
train,target,CR_lounge_270110_1632.s900_chunk26.16kHz.wav,v,270110_1632,26,refined
train,target,CR_lounge_270110_1632.s1500_chunk26.16kHz.wav,v,270110_1632,26,refined
train,target,CR_lounge_270110_1632.s1200_chunk26.16kHz.wav,v,270110_1632,26,refined
train,target,CR_lounge_270110_1632.s3000_chunk26.16kHz.wav,v,270110_1632,26,raw
train,target,CR_lounge_270110_1632.s0_chunk26.16kHz.wav,v,270110_1632,26,raw
train,target,CR_lounge_270110_1632.s600_chunk26.16kHz.wav,v,270110_1632,26,raw
train,target,CR_lounge_270110_1632.s300_chunk26.16kHz.wav,v,270110_1632,26,raw
train,target,CR_lounge_270110_1632.s2700_chunk26.16kHz.wav,v,270110_1632,26,raw
train,target,CR_lounge_270110_1632.s1500_chunk27.16kHz.wav,v,270110_1632,27,refined
train,target,CR_lounge_270110_1632.s600_chunk27.16kHz.wav,v,270110_1632,27,refined
train,target,CR_lounge_270110_1632.s3000_chunk27.16kHz.wav,v,270110_1632,27,raw
train,target,CR_lounge_270110_1632.s2100_chunk27.16kHz.wav,v,270110_1632,27,raw
train,target,CR_lounge_270110_1632.s900_chunk27.16kHz.wav,v,270110_1632,27,raw
train,target,CR_lounge_270110_1632.s300_chunk27.16kHz.wav,v,270110_1632,27,raw
train,target,CR_lounge_270110_1632.s900_chunk28.16kHz.wav,v,270110_1632,28,refined
train,target,CR_lounge_270110_1632.s600_chunk28.16kHz.wav,v,270110_1632,28,refined
train,target,CR_lounge_270110_1632.s2400_chunk28.16kHz.wav,v,270110_1632,28,refined
train,target,CR_lounge_270110_1632.s3000_chunk28.16kHz.wav,v,270110_1632,28,raw
train,target,CR_lounge_270110_1632.s0_chunk28.16kHz.wav,v,270110_1632,28,raw
train,target,CR_lounge_270110_1632.s2100_chunk28.16kHz.wav,v,270110_1632,28,raw
train,target,CR_lounge_270110_1632.s1500_chunk28.16kHz.wav,v,270110_1632,28,raw
train,target,CR_lounge_270110_1632.s300_chunk28.16kHz.wav,v,270110_1632,28,raw
train,target,CR_lounge_270110_1632.s1200_chunk29.16kHz.wav,v,270110_1632,29,refined
train,target,CR_lounge_270110_1632.s600_chunk29.16kHz.wav,v,270110_1632,29,refined
train,target,CR_lounge_270110_1632.s3000_chunk29.16kHz.wav,v,270110_1632,29,raw
train,target,CR_lounge_270110_1632.s0_chunk29.16kHz.wav,v,270110_1632,29,raw
train,target,CR_lounge_270110_1632.s900_chunk29.16kHz.wav,v,270110_1632,29,raw
train,target,CR_lounge_270110_1632.s300_chunk29.16kHz.wav,v,270110_1632,29,raw
train,target,CR_lounge_270110_1632.s900_chunk30.16kHz.wav,v,270110_1632,30,refined
train,target,CR_lounge_270110_1632.s1200_chunk30.16kHz.wav,v,270110_1632,30,refined
train,target,CR_lounge_270110_1632.s600_chunk30.16kHz.wav,v,270110_1632,30,refined
train,target,CR_lounge_270110_1632.s0_chunk30.16kHz.wav,v,270110_1632,30,raw
train,target,CR_lounge_270110_1632.s2100_chunk30.16kHz.wav,v,270110_1632,30,raw
train,target,CR_lounge_270110_1632.s2400_chunk30.16kHz.wav,v,270110_1632,30,raw
train,target,CR_lounge_270110_1632.s300_chunk30.16kHz.wav,v,270110_1632,30,raw
train,target,CR_lounge_270110_1632.s2700_chunk30.16kHz.wav,v,270110_1632,30,raw
train,target,CR_lounge_270110_1632.s900_chunk31.16kHz.wav,v,270110_1632,31,refined
train,target,CR_lounge_270110_1632.s1500_chunk31.16kHz.wav,v,270110_1632,31,refined
train,target,CR_lounge_270110_1632.s1200_chunk31.16kHz.wav,v,270110_1632,31,refined
train,target,CR_lounge_270110_1632.s300_chunk31.16kHz.wav,v,270110_1632,31,refined
train,target,CR_lounge_270110_1632.s3000_chunk31.16kHz.wav,v,270110_1632,31,raw
train,target,CR_lounge_270110_1632.s0_chunk31.16kHz.wav,v,270110_1632,31,raw
train,target,CR_lounge_270110_1632.s2100_chunk31.16kHz.wav,v,270110_1632,31,raw
train,target,CR_lounge_270110_1632.s2700_chunk31.16kHz.wav,v,270110_1632,31,raw
train,target,CR_lounge_270110_1632.s3000_chunk32.16kHz.wav,v,270110_1632,32,refined
train,target,CR_lounge_270110_1632.s0_chunk32.16kHz.wav,v,270110_1632,32,refined
train,target,CR_lounge_270110_1632.s900_chunk32.16kHz.wav,v,270110_1632,32,refined
train,target,CR_lounge_270110_1632.s1200_chunk32.16kHz.wav,v,270110_1632,32,refined
train,target,CR_lounge_270110_1632.s300_chunk32.16kHz.wav,v,270110_1632,32,refined
train,target,CR_lounge_270110_1632.s600_chunk32.16kHz.wav,v,270110_1632,32,raw
train,target,CR_lounge_270110_1632.s2700_chunk32.16kHz.wav,v,270110_1632,32,raw
train,target,CR_lounge_270110_1632.s900_chunk33.16kHz.wav,v,270110_1632,33,refined
train,target,CR_lounge_270110_1632.s1200_chunk33.16kHz.wav,v,270110_1632,33,refined
train,target,CR_lounge_270110_1632.s600_chunk33.16kHz.wav,v,270110_1632,33,refined
train,target,CR_lounge_270110_1632.s300_chunk33.16kHz.wav,v,270110_1632,33,refined
train,target,CR_lounge_270110_1632.s3000_chunk33.16kHz.wav,v,270110_1632,33,raw
train,target,CR_lounge_270110_1632.s2100_chunk33.16kHz.wav,v,270110_1632,33,raw
train,target,CR_lounge_270110_1632.s2700_chunk33.16kHz.wav,v,270110_1632,33,raw
train,target,CR_lounge_270110_1632.s900_chunk34.16kHz.wav,v,270110_1632,34,refined
train,target,CR_lounge_270110_1632.s1500_chunk34.16kHz.wav,v,270110_1632,34,refined
train,target,CR_lounge_270110_1632.s600_chunk34.16kHz.wav,v,270110_1632,34,refined
train,target,CR_lounge_270110_1632.s300_chunk34.16kHz.wav,v,270110_1632,34,refined
train,target,CR_lounge_270110_1632.s2100_chunk34.16kHz.wav,v,270110_1632,34,raw
train,target,CR_lounge_270110_1632.s1500_chunk35.16kHz.wav,v,270110_1632,35,refined
train,target,CR_lounge_270110_1632.s600_chunk35.16kHz.wav,v,270110_1632,35,refined
train,target,CR_lounge_270110_1632.s2400_chunk35.16kHz.wav,v,270110_1632,35,refined
train,target,CR_lounge_270110_1632.s300_chunk35.16kHz.wav,v,270110_1632,35,refined
train,target,CR_lounge_270110_1632.s2100_chunk35.16kHz.wav,v,270110_1632,35,raw
train,target,CR_lounge_270110_1632.s900_chunk35.16kHz.wav,v,270110_1632,35,raw
train,target,CR_lounge_270110_1632.s2700_chunk35.16kHz.wav,v,270110_1632,35,raw
train,target,CR_lounge_270110_1632.s600_chunk36.16kHz.wav,v,270110_1632,36,refined
train,target,CR_lounge_270110_1632.s3000_chunk36.16kHz.wav,v,270110_1632,36,raw
train,target,CR_lounge_270110_1632.s3000_chunk37.16kHz.wav,v,270110_1632,37,refined
train,target,CR_lounge_270110_1632.s1200_chunk37.16kHz.wav,v,270110_1632,37,refined
train,target,CR_lounge_270110_1632.s2100_chunk37.16kHz.wav,v,270110_1632,37,raw
train,target,CR_lounge_270110_1632.s900_chunk37.16kHz.wav,v,270110_1632,37,raw
train,target,CR_lounge_270110_1632.s600_chunk37.16kHz.wav,v,270110_1632,37,raw
train,target,CR_lounge_270110_1632.s2700_chunk37.16kHz.wav,v,270110_1632,37,raw
train,target,CR_lounge_270110_1632.s1200_chunk38.16kHz.wav,v,270110_1632,38,refined
train,target,CR_lounge_270110_1632.s3000_chunk38.16kHz.wav,v,270110_1632,38,raw
train,target,CR_lounge_270110_1632.s2100_chunk38.16kHz.wav,v,270110_1632,38,raw
train,target,CR_lounge_270110_1632.s900_chunk38.16kHz.wav,v,270110_1632,38,raw
train,target,CR_lounge_270110_1632.s2700_chunk38.16kHz.wav,v,270110_1632,38,raw
train,target,CR_lounge_270110_1632.s3000_chunk39.16kHz.wav,v,270110_1632,39,refined
train,target,CR_lounge_270110_1632.s1200_chunk39.16kHz.wav,v,270110_1632,39,refined
train,target,CR_lounge_270110_1632.s600_chunk39.16kHz.wav,v,270110_1632,39,refined
train,target,CR_lounge_270110_1632.s300_chunk39.16kHz.wav,v,270110_1632,39,refined
train,target,CR_lounge_270110_1632.s2100_chunk39.16kHz.wav,v,270110_1632,39,raw
train,target,CR_lounge_270110_1632.s900_chunk39.16kHz.wav,v,270110_1632,39,raw
train,target,CR_lounge_270110_1632.s2400_chunk39.16kHz.wav,v,270110_1632,39,raw
train,target,CR_lounge_270110_1632.s3000_chunk40.16kHz.wav,v,270110_1632,40,refined
train,target,CR_lounge_270110_1632.s0_chunk40.16kHz.wav,v,270110_1632,40,refined
train,target,CR_lounge_270110_1632.s900_chunk40.16kHz.wav,v,270110_1632,40,refined
train,target,CR_lounge_270110_1632.s1200_chunk40.16kHz.wav,v,270110_1632,40,refined
train,target,CR_lounge_270110_1632.s600_chunk40.16kHz.wav,v,270110_1632,40,refined
train,target,CR_lounge_270110_1632.s300_chunk40.16kHz.wav,v,270110_1632,40,refined
train,target,CR_lounge_270110_1632.s2100_chunk40.16kHz.wav,v,270110_1632,40,raw
train,target,CR_lounge_270110_1632.s2700_chunk40.16kHz.wav,v,270110_1632,40,raw
train,target,CR_lounge_270110_1632.s1200_chunk41.16kHz.wav,v,270110_1632,41,refined
train,target,CR_lounge_270110_1632.s600_chunk41.16kHz.wav,v,270110_1632,41,refined
train,target,CR_lounge_270110_1632.s300_chunk41.16kHz.wav,v,270110_1632,41,refined
train,target,CR_lounge_270110_1632.s3000_chunk41.16kHz.wav,v,270110_1632,41,raw
train,target,CR_lounge_270110_1632.s2100_chunk41.16kHz.wav,v,270110_1632,41,raw
train,target,CR_lounge_270110_1632.s900_chunk41.16kHz.wav,v,270110_1632,41,raw
train,target,CR_lounge_270110_1632.s3000_chunk42.16kHz.wav,v,270110_1632,42,refined
train,target,CR_lounge_270110_1632.s900_chunk42.16kHz.wav,v,270110_1632,42,refined
train,target,CR_lounge_270110_1632.s1200_chunk42.16kHz.wav,v,270110_1632,42,refined
train,target,CR_lounge_270110_1632.s600_chunk42.16kHz.wav,v,270110_1632,42,refined
train,target,CR_lounge_270110_1632.s300_chunk42.16kHz.wav,v,270110_1632,42,refined
train,target,CR_lounge_270110_1632.s3000_chunk43.16kHz.wav,v,270110_1632,43,refined
train,target,CR_lounge_270110_1632.s0_chunk43.16kHz.wav,v,270110_1632,43,refined
train,target,CR_lounge_270110_1632.s600_chunk43.16kHz.wav,v,270110_1632,43,refined
train,target,CR_lounge_270110_1632.s300_chunk43.16kHz.wav,v,270110_1632,43,refined
train,target,CR_lounge_270110_1632.s2100_chunk43.16kHz.wav,v,270110_1632,43,raw
train,target,CR_lounge_270110_1632.s900_chunk43.16kHz.wav,v,270110_1632,43,raw
train,target,CR_lounge_270110_1632.s2400_chunk43.16kHz.wav,v,270110_1632,43,raw
train,target,CR_lounge_270110_1632.s2700_chunk43.16kHz.wav,v,270110_1632,43,raw
train,target,CR_lounge_270110_1632.s0_chunk44.16kHz.wav,v,270110_1632,44,refined
train,target,CR_lounge_270110_1632.s1200_chunk44.16kHz.wav,v,270110_1632,44,refined
train,target,CR_lounge_270110_1632.s600_chunk44.16kHz.wav,v,270110_1632,44,refined
train,target,CR_lounge_270110_1632.s300_chunk44.16kHz.wav,v,270110_1632,44,refined
train,target,CR_lounge_270110_1632.s3000_chunk44.16kHz.wav,v,270110_1632,44,raw
train,target,CR_lounge_270110_1632.s2100_chunk44.16kHz.wav,v,270110_1632,44,raw
train,target,CR_lounge_270110_1632.s900_chunk44.16kHz.wav,v,270110_1632,44,raw
train,target,CR_lounge_270110_1632.s1500_chunk44.16kHz.wav,v,270110_1632,44,raw
train,target,CR_lounge_270110_1632.s0_chunk45.16kHz.wav,v,270110_1632,45,refined
train,target,CR_lounge_270110_1632.s1500_chunk45.16kHz.wav,v,270110_1632,45,refined
train,target,CR_lounge_270110_1632.s1200_chunk45.16kHz.wav,v,270110_1632,45,refined
train,target,CR_lounge_270110_1632.s600_chunk45.16kHz.wav,v,270110_1632,45,refined
train,target,CR_lounge_270110_1632.s300_chunk45.16kHz.wav,v,270110_1632,45,refined
train,target,CR_lounge_270110_1632.s3000_chunk45.16kHz.wav,v,270110_1632,45,raw
train,target,CR_lounge_270110_1632.s900_chunk45.16kHz.wav,v,270110_1632,45,raw
train,target,CR_lounge_270110_1632.s3000_chunk46.16kHz.wav,v,270110_1632,46,refined
train,target,CR_lounge_270110_1632.s0_chunk46.16kHz.wav,v,270110_1632,46,refined
train,target,CR_lounge_270110_1632.s1200_chunk46.16kHz.wav,v,270110_1632,46,refined
train,target,CR_lounge_270110_1632.s600_chunk46.16kHz.wav,v,270110_1632,46,refined
train,target,CR_lounge_270110_1632.s300_chunk46.16kHz.wav,v,270110_1632,46,refined
train,target,CR_lounge_270110_1632.s2100_chunk46.16kHz.wav,v,270110_1632,46,raw
train,target,CR_lounge_270110_1632.s900_chunk46.16kHz.wav,v,270110_1632,46,raw
train,target,CR_lounge_270110_1632.s3000_chunk47.16kHz.wav,v,270110_1632,47,refined
train,target,CR_lounge_270110_1632.s0_chunk47.16kHz.wav,v,270110_1632,47,refined
train,target,CR_lounge_270110_1632.s1500_chunk47.16kHz.wav,v,270110_1632,47,refined
train,target,CR_lounge_270110_1632.s1200_chunk47.16kHz.wav,v,270110_1632,47,refined
train,target,CR_lounge_270110_1632.s600_chunk47.16kHz.wav,v,270110_1632,47,refined
train,target,CR_lounge_270110_1632.s300_chunk47.16kHz.wav,v,270110_1632,47,refined
train,target,CR_lounge_270110_1632.s2100_chunk47.16kHz.wav,v,270110_1632,47,raw
train,target,CR_lounge_270110_1632.s900_chunk47.16kHz.wav,v,270110_1632,47,raw
train,target,CR_lounge_270110_1632.s2700_chunk47.16kHz.wav,v,270110_1632,47,raw
train,target,CR_lounge_270110_1632.s3000_chunk48.16kHz.wav,v,270110_1632,48,refined
train,target,CR_lounge_270110_1632.s0_chunk48.16kHz.wav,v,270110_1632,48,refined
train,target,CR_lounge_270110_1632.s900_chunk48.16kHz.wav,v,270110_1632,48,refined
train,target,CR_lounge_270110_1632.s1500_chunk48.16kHz.wav,v,270110_1632,48,refined
train,target,CR_lounge_270110_1632.s600_chunk48.16kHz.wav,v,270110_1632,48,refined
train,target,CR_lounge_270110_1632.s300_chunk48.16kHz.wav,v,270110_1632,48,refined
train,target,CR_lounge_270110_1632.s2100_chunk48.16kHz.wav,v,270110_1632,48,raw
train,target,CR_lounge_270110_1632.s1200_chunk48.16kHz.wav,v,270110_1632,48,raw
train,target,CR_lounge_270110_1632.s2700_chunk48.16kHz.wav,v,270110_1632,48,raw
train,target,CR_lounge_270110_1632.s300_chunk49.16kHz.wav,v,270110_1632,49,refined
train,target,CR_lounge_270110_1632.s3000_chunk49.16kHz.wav,v,270110_1632,49,raw
train,target,CR_lounge_270110_1632.s0_chunk49.16kHz.wav,v,270110_1632,49,raw
train,target,CR_lounge_270110_1632.s2100_chunk49.16kHz.wav,v,270110_1632,49,raw
train,target,CR_lounge_270110_1632.s900_chunk49.16kHz.wav,v,270110_1632,49,raw
train,target,CR_lounge_270110_1632.s3000_chunk50.16kHz.wav,v,270110_1632,50,refined
train,target,CR_lounge_270110_1632.s0_chunk50.16kHz.wav,v,270110_1632,50,refined
train,target,CR_lounge_270110_1632.s900_chunk50.16kHz.wav,v,270110_1632,50,refined
train,target,CR_lounge_270110_1632.s300_chunk50.16kHz.wav,v,270110_1632,50,refined
train,target,CR_lounge_270110_1632.s2100_chunk50.16kHz.wav,v,270110_1632,50,raw
train,target,CR_lounge_270110_1632.s2700_chunk50.16kHz.wav,v,270110_1632,50,raw
train,target,CR_lounge_270110_1632.s0_chunk51.16kHz.wav,v,270110_1632,51,refined
train,target,CR_lounge_270110_1632.s2100_chunk51.16kHz.wav,v,270110_1632,51,refined
train,target,CR_lounge_270110_1632.s300_chunk51.16kHz.wav,v,270110_1632,51,refined
train,target,CR_lounge_270110_1632.s3000_chunk51.16kHz.wav,v,270110_1632,51,raw
train,target,CR_lounge_270110_1632.s900_chunk51.16kHz.wav,v,270110_1632,51,raw
train,target,CR_lounge_270110_1632.s0_chunk52.16kHz.wav,v,270110_1632,52,refined
train,target,CR_lounge_270110_1632.s2100_chunk52.16kHz.wav,v,270110_1632,52,refined
train,target,CR_lounge_270110_1632.s3000_chunk52.16kHz.wav,v,270110_1632,52,raw
train,target,CR_lounge_270110_1632.s900_chunk52.16kHz.wav,v,270110_1632,52,raw
train,target,CR_lounge_270110_1632.s1200_chunk52.16kHz.wav,v,270110_1632,52,raw
train,target,CR_lounge_270110_1632.s600_chunk52.16kHz.wav,v,270110_1632,52,raw
train,target,CR_lounge_270110_1632.s0_chunk53.16kHz.wav,v,270110_1632,53,refined
train,target,CR_lounge_270110_1632.s3000_chunk53.16kHz.wav,v,270110_1632,53,raw
train,target,CR_lounge_270110_1632.s900_chunk53.16kHz.wav,v,270110_1632,53,raw
train,target,CR_lounge_270110_1632.s0_chunk54.16kHz.wav,v,270110_1632,54,refined
train,target,CR_lounge_270110_1632.s3000_chunk54.16kHz.wav,v,270110_1632,54,raw
train,target,CR_lounge_270110_1632.s1200_chunk54.16kHz.wav,v,270110_1632,54,raw
train,target,CR_lounge_270110_1632.s3000_chunk55.16kHz.wav,v,270110_1632,55,refined
train,target,CR_lounge_270110_1632.s0_chunk55.16kHz.wav,v,270110_1632,55,refined
train,target,CR_lounge_270110_1632.s300_chunk55.16kHz.wav,v,270110_1632,55,refined
train,target,CR_lounge_270110_1632.s1200_chunk55.16kHz.wav,v,270110_1632,55,raw
train,target,CR_lounge_270110_1632.s2400_chunk55.16kHz.wav,v,270110_1632,55,raw
train,target,CR_lounge_270110_1632.s3000_chunk56.16kHz.wav,v,270110_1632,56,refined
train,target,CR_lounge_270110_1632.s0_chunk56.16kHz.wav,v,270110_1632,56,refined
train,target,CR_lounge_270110_1632.s300_chunk56.16kHz.wav,v,270110_1632,56,refined
train,target,CR_lounge_270110_1632.s1200_chunk56.16kHz.wav,v,270110_1632,56,raw
train,target,CR_lounge_270110_1632.s1800_chunk56.16kHz.wav,v,270110_1632,56,raw
train,target,CR_lounge_270110_1632.s2400_chunk56.16kHz.wav,v,270110_1632,56,raw
train,target,CR_lounge_270110_1632.s2700_chunk56.16kHz.wav,v,270110_1632,56,raw
train,target,CR_lounge_270110_1632.s0_chunk57.16kHz.wav,v,270110_1632,57,refined
train,target,CR_lounge_270110_1632.s300_chunk57.16kHz.wav,v,270110_1632,57,refined
train,target,CR_lounge_270110_1632.s1200_chunk57.16kHz.wav,v,270110_1632,57,raw
train,target,CR_lounge_270110_1632.s2400_chunk57.16kHz.wav,v,270110_1632,57,raw
train,target,CR_lounge_270110_1632.s0_chunk58.16kHz.wav,v,270110_1632,58,refined
train,target,CR_lounge_270110_1632.s2400_chunk58.16kHz.wav,v,270110_1632,58,refined
train,target,CR_lounge_270110_1632.s300_chunk58.16kHz.wav,v,270110_1632,58,refined
train,target,CR_lounge_270110_1632.s3000_chunk58.16kHz.wav,v,270110_1632,58,raw
train,target,CR_lounge_270110_1632.s1200_chunk58.16kHz.wav,v,270110_1632,58,raw
train,target,CR_lounge_270110_1632.s2700_chunk58.16kHz.wav,v,270110_1632,58,raw
train,target,CR_lounge_270110_1632.s1200_chunk59.16kHz.wav,v,270110_1632,59,refined
train,target,CR_lounge_270110_1632.s300_chunk59.16kHz.wav,v,270110_1632,59,refined
train,target,CR_lounge_270110_1632.s3000_chunk59.16kHz.wav,v,270110_1632,59,raw
train,target,CR_lounge_270110_1632.s0_chunk59.16kHz.wav,v,270110_1632,59,raw
train,target,CR_lounge_270110_1632.s600_chunk59.16kHz.wav,v,270110_1632,59,raw
train,target,CR_lounge_270110_1632.s0_chunk60.16kHz.wav,v,270110_1632,60,refined
train,target,CR_lounge_270110_1632.s300_chunk60.16kHz.wav,v,270110_1632,60,refined
train,target,CR_lounge_270110_1632.s3000_chunk60.16kHz.wav,v,270110_1632,60,raw
train,target,CR_lounge_270110_1632.s1200_chunk60.16kHz.wav,v,270110_1632,60,raw
train,target,CR_lounge_270110_1632.s2400_chunk60.16kHz.wav,v,270110_1632,60,raw
train,target,CR_lounge_270110_1632.s0_chunk61.16kHz.wav,v,270110_1632,61,refined
train,target,CR_lounge_270110_1632.s300_chunk61.16kHz.wav,v,270110_1632,61,refined
train,target,CR_lounge_270110_1632.s0_chunk62.16kHz.wav,v,270110_1632,62,refined
train,target,CR_lounge_270110_1632.s1200_chunk62.16kHz.wav,v,270110_1632,62,refined
train,target,CR_lounge_270110_1632.s300_chunk62.16kHz.wav,v,270110_1632,62,refined
train,target,CR_lounge_270110_1632.s2400_chunk62.16kHz.wav,v,270110_1632,62,raw
train,target,CR_lounge_270110_1632.s2700_chunk62.16kHz.wav,v,270110_1632,62,raw
train,target,CR_lounge_270110_1632.s0_chunk63.16kHz.wav,v,270110_1632,63,refined
train,target,CR_lounge_270110_1632.s1200_chunk63.16kHz.wav,v,270110_1632,63,refined
train,target,CR_lounge_270110_1632.s300_chunk63.16kHz.wav,v,270110_1632,63,refined
train,target,CR_lounge_270110_1632.s2400_chunk63.16kHz.wav,v,270110_1632,63,raw
train,target,CR_lounge_270110_1632.s2700_chunk63.16kHz.wav,v,270110_1632,63,raw
train,target,CR_lounge_270110_1632.s0_chunk64.16kHz.wav,v,270110_1632,64,refined
train,target,CR_lounge_270110_1632.s1200_chunk64.16kHz.wav,v,270110_1632,64,refined
train,target,CR_lounge_270110_1632.s1800_chunk64.16kHz.wav,v,270110_1632,64,refined
train,target,CR_lounge_270110_1632.s300_chunk64.16kHz.wav,v,270110_1632,64,refined
train,target,CR_lounge_270110_1632.s2700_chunk64.16kHz.wav,v,270110_1632,64,refined
train,target,CR_lounge_270110_1632.s2400_chunk64.16kHz.wav,v,270110_1632,64,raw
train,target,CR_lounge_270110_1632.s0_chunk65.16kHz.wav,v,270110_1632,65,refined
train,target,CR_lounge_270110_1632.s1200_chunk65.16kHz.wav,v,270110_1632,65,refined
train,target,CR_lounge_270110_1632.s1800_chunk65.16kHz.wav,v,270110_1632,65,refined
train,target,CR_lounge_270110_1632.s300_chunk65.16kHz.wav,v,270110_1632,65,refined
train,target,CR_lounge_270110_1632.s900_chunk65.16kHz.wav,v,270110_1632,65,raw
train,target,CR_lounge_270110_1632.s2400_chunk65.16kHz.wav,v,270110_1632,65,raw
train,target,CR_lounge_270110_1632.s0_chunk66.16kHz.wav,v,270110_1632,66,refined
train,target,CR_lounge_270110_1632.s1200_chunk66.16kHz.wav,v,270110_1632,66,refined
train,target,CR_lounge_270110_1632.s300_chunk66.16kHz.wav,v,270110_1632,66,refined
train,target,CR_lounge_270110_1632.s3000_chunk66.16kHz.wav,v,270110_1632,66,raw
train,target,CR_lounge_270110_1632.s2400_chunk66.16kHz.wav,v,270110_1632,66,raw
train,target,CR_lounge_270110_1632.s0_chunk67.16kHz.wav,v,270110_1632,67,refined
train,target,CR_lounge_270110_1632.s1200_chunk67.16kHz.wav,v,270110_1632,67,refined
train,target,CR_lounge_270110_1632.s2400_chunk67.16kHz.wav,v,270110_1632,67,refined
train,target,CR_lounge_270110_1632.s300_chunk67.16kHz.wav,v,270110_1632,67,refined
train,target,CR_lounge_270110_1632.s900_chunk67.16kHz.wav,v,270110_1632,67,raw
train,target,CR_lounge_270110_1632.s1800_chunk67.16kHz.wav,v,270110_1632,67,raw
train,target,CR_lounge_270110_1632.s900_chunk68.16kHz.wav,v,270110_1632,68,refined
train,target,CR_lounge_270110_1632.s1200_chunk68.16kHz.wav,v,270110_1632,68,refined
train,target,CR_lounge_270110_1632.s2400_chunk68.16kHz.wav,v,270110_1632,68,refined
train,target,CR_lounge_270110_1632.s300_chunk68.16kHz.wav,v,270110_1632,68,refined
train,target,CR_lounge_270110_1632.s0_chunk68.16kHz.wav,v,270110_1632,68,raw
train,target,CR_lounge_270110_1632.s1500_chunk68.16kHz.wav,v,270110_1632,68,raw
train,target,CR_lounge_270110_1632.s2700_chunk68.16kHz.wav,v,270110_1632,68,raw
train,target,CR_lounge_270110_1632.s0_chunk69.16kHz.wav,v,270110_1632,69,refined
train,target,CR_lounge_270110_1632.s1200_chunk69.16kHz.wav,v,270110_1632,69,refined
train,target,CR_lounge_270110_1632.s900_chunk69.16kHz.wav,v,270110_1632,69,raw
train,target,CR_lounge_270110_1632.s1500_chunk69.16kHz.wav,v,270110_1632,69,raw
train,target,CR_lounge_270110_1632.s1800_chunk69.16kHz.wav,v,270110_1632,69,raw
train,target,CR_lounge_270110_1632.s300_chunk69.16kHz.wav,v,270110_1632,69,raw
train,target,CR_lounge_270110_1632.s2700_chunk69.16kHz.wav,v,270110_1632,69,raw
train,target,CR_lounge_270110_1632.s0_chunk70.16kHz.wav,v,270110_1632,70,refined
train,target,CR_lounge_270110_1632.s300_chunk70.16kHz.wav,v,270110_1632,70,refined
train,target,CR_lounge_270110_1632.s2100_chunk70.16kHz.wav,v,270110_1632,70,raw
train,target,CR_lounge_270110_1632.s900_chunk70.16kHz.wav,v,270110_1632,70,raw
train,target,CR_lounge_270110_1632.s1500_chunk70.16kHz.wav,v,270110_1632,70,raw
train,target,CR_lounge_270110_1632.s1800_chunk70.16kHz.wav,v,270110_1632,70,raw
train,target,CR_lounge_270110_1632.s2700_chunk70.16kHz.wav,v,270110_1632,70,raw
train,target,CR_lounge_270110_1632.s0_chunk71.16kHz.wav,v,270110_1632,71,refined
train,target,CR_lounge_270110_1632.s900_chunk71.16kHz.wav,v,270110_1632,71,refined
train,target,CR_lounge_270110_1632.s1200_chunk71.16kHz.wav,v,270110_1632,71,refined
train,target,CR_lounge_270110_1632.s300_chunk71.16kHz.wav,v,270110_1632,71,refined
train,target,CR_lounge_270110_1632.s1800_chunk71.16kHz.wav,v,270110_1632,71,raw
train,target,CR_lounge_270110_1632.s2700_chunk71.16kHz.wav,v,270110_1632,71,raw
train,target,CR_lounge_270110_1632.s0_chunk72.16kHz.wav,v,270110_1632,72,refined
train,target,CR_lounge_270110_1632.s900_chunk72.16kHz.wav,v,270110_1632,72,refined
train,target,CR_lounge_270110_1632.s1200_chunk72.16kHz.wav,v,270110_1632,72,refined
train,target,CR_lounge_270110_1632.s300_chunk72.16kHz.wav,v,270110_1632,72,refined
train,target,CR_lounge_270110_1632.s2100_chunk72.16kHz.wav,v,270110_1632,72,raw
train,target,CR_lounge_270110_1632.s0_chunk73.16kHz.wav,v,270110_1632,73,refined
train,target,CR_lounge_270110_1632.s900_chunk73.16kHz.wav,v,270110_1632,73,refined
train,target,CR_lounge_270110_1632.s1200_chunk73.16kHz.wav,v,270110_1632,73,refined
train,target,CR_lounge_270110_1632.s300_chunk73.16kHz.wav,v,270110_1632,73,refined
train,target,CR_lounge_270110_1632.s2100_chunk73.16kHz.wav,v,270110_1632,73,raw
train,target,CR_lounge_270110_1632.s1800_chunk73.16kHz.wav,v,270110_1632,73,raw
train,target,CR_lounge_270110_1632.s0_chunk74.16kHz.wav,v,270110_1632,74,refined
train,target,CR_lounge_270110_1632.s900_chunk74.16kHz.wav,v,270110_1632,74,refined
train,target,CR_lounge_270110_1632.s1200_chunk74.16kHz.wav,v,270110_1632,74,refined
train,target,CR_lounge_270110_1632.s2400_chunk74.16kHz.wav,v,270110_1632,74,refined
train,target,CR_lounge_270110_1632.s300_chunk74.16kHz.wav,v,270110_1632,74,refined
train,target,CR_lounge_270110_1632.s2100_chunk74.16kHz.wav,v,270110_1632,74,raw
train,target,CR_lounge_270110_1632.s1800_chunk74.16kHz.wav,v,270110_1632,74,raw
train,target,CR_lounge_270110_1632.s600_chunk74.16kHz.wav,v,270110_1632,74,raw
train,target,CR_lounge_270110_1632.s2700_chunk74.16kHz.wav,v,270110_1632,74,raw
val,others,CR_lounge_210110_0739.s300_chunk0.16kHz.wav,cp,210110_0739,0,refined
val,others,CR_lounge_210110_0739.s1800_chunk0.16kHz.wav,cmp,210110_0739,0,raw
val,others,CR_lounge_210110_0739.s2100_chunk0.16kHz.wav,o,210110_0739,0,raw
val,others,CR_lounge_210110_0739.s0_chunk0.16kHz.wav,f,210110_0739,0,raw
val,others,CR_lounge_210110_0739.s2400_chunk0.16kHz.wav,cfmo,210110_0739,0,raw
val,others,CR_lounge_210110_0739.s2100_chunk1.16kHz.wav,o,210110_0739,1,refined
val,others,CR_lounge_210110_0739.s300_chunk1.16kHz.wav,cp,210110_0739,1,refined
val,others,CR_lounge_210110_0739.s0_chunk1.16kHz.wav,op,210110_0739,1,refined
val,others,CR_lounge_210110_0739.s1800_chunk1.16kHz.wav,cp,210110_0739,1,raw
val,others,CR_lounge_210110_0739.s2400_chunk1.16kHz.wav,mp,210110_0739,1,raw
val,others,CR_lounge_210110_0739.s300_chunk2.16kHz.wav,cfp,210110_0739,2,refined
val,others,CR_lounge_210110_0739.s0_chunk2.16kHz.wav,fp,210110_0739,2,refined
val,others,CR_lounge_210110_0739.s1800_chunk2.16kHz.wav,cp,210110_0739,2,raw
val,others,CR_lounge_210110_0739.s2100_chunk2.16kHz.wav,f,210110_0739,2,raw
val,others,CR_lounge_210110_0739.s2400_chunk2.16kHz.wav,cmp,210110_0739,2,raw
val,others,CR_lounge_210110_0739.s300_chunk3.16kHz.wav,cfp,210110_0739,3,refined
val,others,CR_lounge_210110_0739.s0_chunk3.16kHz.wav,cp,210110_0739,3,refined
val,others,CR_lounge_210110_0739.s1800_chunk3.16kHz.wav,cp,210110_0739,3,raw
val,others,CR_lounge_210110_0739.s2100_chunk3.16kHz.wav,f,210110_0739,3,raw
val,others,CR_lounge_210110_0739.s2400_chunk3.16kHz.wav,cf,210110_0739,3,raw
val,others,CR_lounge_210110_0739.s300_chunk4.16kHz.wav,cfop,210110_0739,4,refined
val,others,CR_lounge_210110_0739.s0_chunk4.16kHz.wav,cp,210110_0739,4,refined
val,others,CR_lounge_210110_0739.s2400_chunk4.16kHz.wav,fp,210110_0739,4,refined
val,others,CR_lounge_210110_0739.s1800_chunk4.16kHz.wav,c,210110_0739,4,raw
val,others,CR_lounge_210110_0739.s2100_chunk4.16kHz.wav,cf,210110_0739,4,raw
val,others,CR_lounge_210110_0739.s300_chunk5.16kHz.wav,cfp,210110_0739,5,refined
val,others,CR_lounge_210110_0739.s2400_chunk5.16kHz.wav,cfp,210110_0739,5,refined
val,others,CR_lounge_210110_0739.s1800_chunk5.16kHz.wav,cop,210110_0739,5,raw
val,others,CR_lounge_210110_0739.s2100_chunk5.16kHz.wav,c,210110_0739,5,raw
val,others,CR_lounge_210110_0739.s0_chunk5.16kHz.wav,p,210110_0739,5,raw
val,others,CR_lounge_210110_0739.s300_chunk6.16kHz.wav,cfp,210110_0739,6,refined
val,others,CR_lounge_210110_0739.s1800_chunk6.16kHz.wav,cmp,210110_0739,6,raw
val,others,CR_lounge_210110_0739.s2100_chunk6.16kHz.wav,cf,210110_0739,6,raw
val,others,CR_lounge_210110_0739.s0_chunk6.16kHz.wav,p,210110_0739,6,raw
val,others,CR_lounge_210110_0739.s2400_chunk6.16kHz.wav,cfmp,210110_0739,6,raw
val,others,CR_lounge_210110_0739.s1800_chunk7.16kHz.wav,cp,210110_0739,7,refined
val,others,CR_lounge_210110_0739.s2100_chunk7.16kHz.wav,cp,210110_0739,7,refined
val,others,CR_lounge_210110_0739.s300_chunk7.16kHz.wav,f,210110_0739,7,refined
val,others,CR_lounge_210110_0739.s0_chunk7.16kHz.wav,p,210110_0739,7,raw
val,others,CR_lounge_210110_0739.s2400_chunk7.16kHz.wav,cmp,210110_0739,7,raw
val,others,CR_lounge_210110_0739.s1800_chunk8.16kHz.wav,cp,210110_0739,8,refined
val,others,CR_lounge_210110_0739.s2100_chunk8.16kHz.wav,cfp,210110_0739,8,refined
val,others,CR_lounge_210110_0739.s0_chunk8.16kHz.wav,p,210110_0739,8,refined
val,others,CR_lounge_210110_0739.s2400_chunk8.16kHz.wav,cfmp,210110_0739,8,refined
val,others,CR_lounge_210110_0739.s300_chunk8.16kHz.wav,cf,210110_0739,8,raw
val,others,CR_lounge_210110_0739.s2100_chunk9.16kHz.wav,cf,210110_0739,9,refined
val,others,CR_lounge_210110_0739.s300_chunk9.16kHz.wav,cp,210110_0739,9,refined
val,others,CR_lounge_210110_0739.s0_chunk9.16kHz.wav,p,210110_0739,9,refined
val,others,CR_lounge_210110_0739.s1800_chunk9.16kHz.wav,mp,210110_0739,9,raw
val,others,CR_lounge_210110_0739.s1500_chunk9.16kHz.wav,cfp,210110_0739,9,raw
val,others,CR_lounge_210110_0739.s1500_chunk10.16kHz.wav,cop,210110_0739,10,refined
val,others,CR_lounge_210110_0739.s300_chunk10.16kHz.wav,cp,210110_0739,10,refined
val,others,CR_lounge_210110_0739.s0_chunk10.16kHz.wav,op,210110_0739,10,refined
val,others,CR_lounge_210110_0739.s1800_chunk10.16kHz.wav,p,210110_0739,10,raw
val,others,CR_lounge_210110_0739.s2100_chunk10.16kHz.wav,cf,210110_0739,10,raw
val,others,CR_lounge_210110_0739.s2400_chunk10.16kHz.wav,cf,210110_0739,10,raw
val,others,CR_lounge_210110_0739.s0_chunk11.16kHz.wav,cop,210110_0739,11,refined
val,others,CR_lounge_210110_0739.s2400_chunk11.16kHz.wav,fmo,210110_0739,11,refined
val,others,CR_lounge_210110_0739.s2100_chunk11.16kHz.wav,cf,210110_0739,11,raw
val,others,CR_lounge_210110_0739.s1500_chunk11.16kHz.wav,cf,210110_0739,11,raw
val,others,CR_lounge_210110_0739.s300_chunk11.16kHz.wav,cp,210110_0739,11,raw
val,others,CR_lounge_210110_0739.s300_chunk12.16kHz.wav,cp,210110_0739,12,refined
val,others,CR_lounge_210110_0739.s1800_chunk12.16kHz.wav,p,210110_0739,12,raw
val,others,CR_lounge_210110_0739.s2100_chunk12.16kHz.wav,cf,210110_0739,12,raw
val,others,CR_lounge_210110_0739.s1500_chunk12.16kHz.wav,cf,210110_0739,12,raw
val,others,CR_lounge_210110_0739.s0_chunk12.16kHz.wav,cp,210110_0739,12,raw
val,others,CR_lounge_210110_0739.s2400_chunk12.16kHz.wav,fp,210110_0739,12,raw
val,others,CR_lounge_210110_0739.s2100_chunk13.16kHz.wav,c,210110_0739,13,raw
val,others,CR_lounge_210110_0739.s1500_chunk13.16kHz.wav,f,210110_0739,13,raw
val,others,CR_lounge_210110_0739.s300_chunk13.16kHz.wav,cp,210110_0739,13,raw
val,others,CR_lounge_210110_0739.s0_chunk13.16kHz.wav,p,210110_0739,13,raw
val,others,CR_lounge_210110_0739.s2400_chunk13.16kHz.wav,op,210110_0739,13,raw
val,others,CR_lounge_210110_0739.s0_chunk14.16kHz.wav,cop,210110_0739,14,refined
val,others,CR_lounge_210110_0739.s2400_chunk14.16kHz.wav,cp,210110_0739,14,refined
val,others,CR_lounge_210110_0739.s1800_chunk14.16kHz.wav,p,210110_0739,14,raw
val,others,CR_lounge_210110_0739.s2100_chunk14.16kHz.wav,cf,210110_0739,14,raw
val,others,CR_lounge_210110_0739.s1500_chunk14.16kHz.wav,cfp,210110_0739,14,raw
val,others,CR_lounge_210110_0739.s300_chunk14.16kHz.wav,c,210110_0739,14,raw
val,others,CR_lounge_210110_0739.s0_chunk15.16kHz.wav,p,210110_0739,15,refined
val,others,CR_lounge_210110_0739.s1800_chunk15.16kHz.wav,p,210110_0739,15,raw
val,others,CR_lounge_210110_0739.s2100_chunk15.16kHz.wav,c,210110_0739,15,raw
val,others,CR_lounge_210110_0739.s1500_chunk15.16kHz.wav,f,210110_0739,15,raw
val,others,CR_lounge_210110_0739.s300_chunk15.16kHz.wav,c,210110_0739,15,raw
val,others,CR_lounge_210110_0739.s2400_chunk15.16kHz.wav,cfmp,210110_0739,15,raw
val,others,CR_lounge_210110_0739.s1500_chunk16.16kHz.wav,cp,210110_0739,16,refined
val,others,CR_lounge_210110_0739.s0_chunk16.16kHz.wav,op,210110_0739,16,refined
val,others,CR_lounge_210110_0739.s2400_chunk16.16kHz.wav,cfmop,210110_0739,16,refined
val,others,CR_lounge_210110_0739.s2100_chunk16.16kHz.wav,cp,210110_0739,16,raw
val,others,CR_lounge_210110_0739.s300_chunk16.16kHz.wav,cp,210110_0739,16,raw
val,others,CR_lounge_210110_0739.s2100_chunk17.16kHz.wav,cfp,210110_0739,17,refined
val,others,CR_lounge_210110_0739.s0_chunk17.16kHz.wav,op,210110_0739,17,refined
val,others,CR_lounge_210110_0739.s1500_chunk17.16kHz.wav,cp,210110_0739,17,raw
val,others,CR_lounge_210110_0739.s300_chunk17.16kHz.wav,c,210110_0739,17,raw
val,others,CR_lounge_210110_0739.s2400_chunk17.16kHz.wav,cfp,210110_0739,17,raw
val,others,CR_lounge_210110_0739.s1500_chunk18.16kHz.wav,cfp,210110_0739,18,refined
val,others,CR_lounge_210110_0739.s1200_chunk18.16kHz.wav,c,210110_0739,18,refined
val,others,CR_lounge_210110_0739.s300_chunk18.16kHz.wav,cp,210110_0739,18,refined
val,others,CR_lounge_210110_0739.s2100_chunk18.16kHz.wav,cp,210110_0739,18,raw
val,others,CR_lounge_210110_0739.s0_chunk18.16kHz.wav,p,210110_0739,18,raw
val,others,CR_lounge_210110_0739.s2400_chunk18.16kHz.wav,cfmo,210110_0739,18,raw
val,others,CR_lounge_210110_0739.s2100_chunk19.16kHz.wav,cfp,210110_0739,19,refined
val,others,CR_lounge_210110_0739.s300_chunk19.16kHz.wav,cfp,210110_0739,19,refined
val,others,CR_lounge_210110_0739.s0_chunk19.16kHz.wav,op,210110_0739,19,refined
val,others,CR_lounge_210110_0739.s2400_chunk19.16kHz.wav,cp,210110_0739,19,raw
val,others,CR_lounge_210110_0739.s0_chunk20.16kHz.wav,op,210110_0739,20,refined
val,others,CR_lounge_210110_0739.s2100_chunk20.16kHz.wav,c,210110_0739,20,raw
val,others,CR_lounge_210110_0739.s1500_chunk20.16kHz.wav,op,210110_0739,20,raw
val,others,CR_lounge_210110_0739.s2400_chunk20.16kHz.wav,cmp,210110_0739,20,raw
val,others,CR_lounge_210110_0739.s1800_chunk21.16kHz.wav,op,210110_0739,21,refined
val,others,CR_lounge_210110_0739.s0_chunk21.16kHz.wav,op,210110_0739,21,refined
val,others,CR_lounge_210110_0739.s2400_chunk21.16kHz.wav,cop,210110_0739,21,refined
val,others,CR_lounge_210110_0739.s2100_chunk21.16kHz.wav,c,210110_0739,21,raw
val,others,CR_lounge_210110_0739.s1500_chunk21.16kHz.wav,cp,210110_0739,21,raw
val,others,CR_lounge_210110_0739.s300_chunk21.16kHz.wav,cf,210110_0739,21,raw
val,others,CR_lounge_210110_0739.s1500_chunk22.16kHz.wav,cp,210110_0739,22,refined
val,others,CR_lounge_210110_0739.s0_chunk22.16kHz.wav,op,210110_0739,22,refined
val,others,CR_lounge_210110_0739.s2400_chunk22.16kHz.wav,cfmop,210110_0739,22,refined
val,others,CR_lounge_210110_0739.s2100_chunk22.16kHz.wav,cp,210110_0739,22,raw
val,others,CR_lounge_210110_0739.s300_chunk22.16kHz.wav,c,210110_0739,22,raw
val,others,CR_lounge_210110_0739.s1800_chunk23.16kHz.wav,o,210110_0739,23,refined
val,others,CR_lounge_210110_0739.s2100_chunk23.16kHz.wav,c,210110_0739,23,raw
val,others,CR_lounge_210110_0739.s1500_chunk23.16kHz.wav,p,210110_0739,23,raw
val,others,CR_lounge_210110_0739.s300_chunk23.16kHz.wav,cf,210110_0739,23,raw
val,others,CR_lounge_210110_0739.s2400_chunk23.16kHz.wav,cm,210110_0739,23,raw
val,others,CR_lounge_210110_0739.s2400_chunk24.16kHz.wav,cfp,210110_0739,24,refined
val,others,CR_lounge_210110_0739.s2100_chunk24.16kHz.wav,c,210110_0739,24,raw
val,others,CR_lounge_210110_0739.s1500_chunk24.16kHz.wav,p,210110_0739,24,raw
val,others,CR_lounge_210110_0739.s300_chunk24.16kHz.wav,cf,210110_0739,24,raw
val,others,CR_lounge_210110_0739.s2100_chunk25.16kHz.wav,c,210110_0739,25,raw
val,others,CR_lounge_210110_0739.s300_chunk25.16kHz.wav,cfp,210110_0739,25,raw
val,others,CR_lounge_210110_0739.s0_chunk25.16kHz.wav,cp,210110_0739,25,raw
val,others,CR_lounge_210110_0739.s2400_chunk25.16kHz.wav,cfp,210110_0739,25,raw
val,others,CR_lounge_210110_0739.s300_chunk26.16kHz.wav,cf,210110_0739,26,refined
val,others,CR_lounge_210110_0739.s2400_chunk26.16kHz.wav,cfmp,210110_0739,26,refined
val,others,CR_lounge_210110_0739.s2100_chunk26.16kHz.wav,c,210110_0739,26,raw
val,others,CR_lounge_210110_0739.s0_chunk26.16kHz.wav,p,210110_0739,26,raw
val,others,CR_lounge_210110_0739.s2100_chunk27.16kHz.wav,cop,210110_0739,27,refined
val,others,CR_lounge_210110_0739.s0_chunk27.16kHz.wav,cp,210110_0739,27,refined
val,others,CR_lounge_210110_0739.s300_chunk27.16kHz.wav,cf,210110_0739,27,raw
val,others,CR_lounge_210110_0739.s2400_chunk27.16kHz.wav,cf,210110_0739,27,raw
val,others,CR_lounge_210110_0739.s0_chunk28.16kHz.wav,op,210110_0739,28,refined
val,others,CR_lounge_210110_0739.s1800_chunk28.16kHz.wav,op,210110_0739,28,raw
val,others,CR_lounge_210110_0739.s300_chunk28.16kHz.wav,cf,210110_0739,28,raw
val,others,CR_lounge_210110_0739.s2400_chunk28.16kHz.wav,fm,210110_0739,28,raw
val,others,CR_lounge_210110_0739.s2100_chunk29.16kHz.wav,cop,210110_0739,29,refined
val,others,CR_lounge_210110_0739.s1500_chunk29.16kHz.wav,op,210110_0739,29,refined
val,others,CR_lounge_210110_0739.s1800_chunk29.16kHz.wav,cp,210110_0739,29,raw
val,others,CR_lounge_210110_0739.s300_chunk29.16kHz.wav,co,210110_0739,29,raw
val,others,CR_lounge_210110_0739.s0_chunk29.16kHz.wav,c,210110_0739,29,raw
val,others,CR_lounge_210110_0739.s2400_chunk29.16kHz.wav,cfm,210110_0739,29,raw
val,others,CR_lounge_210110_0739.s2100_chunk30.16kHz.wav,cp,210110_0739,30,refined
val,others,CR_lounge_210110_0739.s0_chunk30.16kHz.wav,cp,210110_0739,30,refined
val,others,CR_lounge_210110_0739.s2400_chunk30.16kHz.wav,cfm,210110_0739,30,refined
val,others,CR_lounge_210110_0739.s1800_chunk30.16kHz.wav,p,210110_0739,30,raw
val,others,CR_lounge_210110_0739.s1500_chunk30.16kHz.wav,p,210110_0739,30,raw
val,others,CR_lounge_210110_0739.s300_chunk30.16kHz.wav,cp,210110_0739,30,raw
val,others,CR_lounge_210110_0739.s1800_chunk31.16kHz.wav,op,210110_0739,31,refined
val,others,CR_lounge_210110_0739.s2100_chunk31.16kHz.wav,co,210110_0739,31,raw
val,others,CR_lounge_210110_0739.s1500_chunk31.16kHz.wav,p,210110_0739,31,raw
val,others,CR_lounge_210110_0739.s300_chunk31.16kHz.wav,p,210110_0739,31,raw
val,others,CR_lounge_210110_0739.s0_chunk31.16kHz.wav,cp,210110_0739,31,raw
val,others,CR_lounge_210110_0739.s2400_chunk31.16kHz.wav,cfm,210110_0739,31,raw
val,others,CR_lounge_210110_0739.s300_chunk32.16kHz.wav,cp,210110_0739,32,refined
val,others,CR_lounge_210110_0739.s0_chunk32.16kHz.wav,cfop,210110_0739,32,refined
val,others,CR_lounge_210110_0739.s2400_chunk32.16kHz.wav,cfm,210110_0739,32,refined
val,others,CR_lounge_210110_0739.s1800_chunk32.16kHz.wav,p,210110_0739,32,raw
val,others,CR_lounge_210110_0739.s2100_chunk32.16kHz.wav,cp,210110_0739,32,raw
val,others,CR_lounge_210110_0739.s2100_chunk33.16kHz.wav,cp,210110_0739,33,refined
val,others,CR_lounge_210110_0739.s1500_chunk33.16kHz.wav,op,210110_0739,33,refined
val,others,CR_lounge_210110_0739.s2400_chunk33.16kHz.wav,cfm,210110_0739,33,refined
val,others,CR_lounge_210110_0739.s0_chunk33.16kHz.wav,cop,210110_0739,33,raw
val,others,CR_lounge_210110_0739.s0_chunk34.16kHz.wav,op,210110_0739,34,refined
val,others,CR_lounge_210110_0739.s2400_chunk34.16kHz.wav,cfm,210110_0739,34,refined
val,others,CR_lounge_210110_0739.s2100_chunk34.16kHz.wav,c,210110_0739,34,raw
val,others,CR_lounge_210110_0739.s1500_chunk34.16kHz.wav,p,210110_0739,34,raw
val,others,CR_lounge_210110_0739.s0_chunk35.16kHz.wav,cfop,210110_0739,35,refined
val,others,CR_lounge_210110_0739.s1800_chunk35.16kHz.wav,p,210110_0739,35,raw
val,others,CR_lounge_210110_0739.s2100_chunk35.16kHz.wav,cf,210110_0739,35,raw
val,others,CR_lounge_210110_0739.s1500_chunk35.16kHz.wav,o,210110_0739,35,raw
val,others,CR_lounge_210110_0739.s2400_chunk35.16kHz.wav,fm,210110_0739,35,raw
val,others,CR_lounge_210110_0739.s2400_chunk36.16kHz.wav,fm,210110_0739,36,refined
val,others,CR_lounge_210110_0739.s1800_chunk36.16kHz.wav,cp,210110_0739,36,raw
val,others,CR_lounge_210110_0739.s2100_chunk36.16kHz.wav,cf,210110_0739,36,raw
val,others,CR_lounge_210110_0739.s1500_chunk36.16kHz.wav,p,210110_0739,36,raw
val,others,CR_lounge_210110_0739.s0_chunk36.16kHz.wav,p,210110_0739,36,raw
val,others,CR_lounge_210110_0739.s1800_chunk37.16kHz.wav,co,210110_0739,37,refined
val,others,CR_lounge_210110_0739.s2100_chunk37.16kHz.wav,cfp,210110_0739,37,refined
val,others,CR_lounge_210110_0739.s2400_chunk37.16kHz.wav,fm,210110_0739,37,refined
val,others,CR_lounge_210110_0739.s0_chunk37.16kHz.wav,p,210110_0739,37,raw
val,others,CR_lounge_210110_0739.s1800_chunk38.16kHz.wav,co,210110_0739,38,refined
val,others,CR_lounge_210110_0739.s2100_chunk38.16kHz.wav,cfp,210110_0739,38,refined
val,others,CR_lounge_210110_0739.s1500_chunk38.16kHz.wav,p,210110_0739,38,raw
val,others,CR_lounge_210110_0739.s0_chunk38.16kHz.wav,p,210110_0739,38,raw
val,others,CR_lounge_210110_0739.s2400_chunk38.16kHz.wav,cfm,210110_0739,38,raw
val,others,CR_lounge_210110_0739.s0_chunk39.16kHz.wav,op,210110_0739,39,refined
val,others,CR_lounge_210110_0739.s1800_chunk39.16kHz.wav,cp,210110_0739,39,raw
val,others,CR_lounge_210110_0739.s2100_chunk39.16kHz.wav,fp,210110_0739,39,raw
val,others,CR_lounge_210110_0739.s2400_chunk39.16kHz.wav,fm,210110_0739,39,raw
val,others,CR_lounge_210110_0739.s2100_chunk40.16kHz.wav,fp,210110_0739,40,refined
val,others,CR_lounge_210110_0739.s0_chunk40.16kHz.wav,cop,210110_0739,40,refined
val,others,CR_lounge_210110_0739.s2400_chunk40.16kHz.wav,c,210110_0739,40,raw
val,others,CR_lounge_210110_0739.s2100_chunk41.16kHz.wav,fp,210110_0739,41,refined
val,others,CR_lounge_210110_0739.s0_chunk41.16kHz.wav,cp,210110_0739,41,raw
val,others,CR_lounge_210110_0739.s2400_chunk41.16kHz.wav,cf,210110_0739,41,raw
val,others,CR_lounge_210110_0739.s2400_chunk42.16kHz.wav,cfm,210110_0739,42,refined
val,others,CR_lounge_210110_0739.s2100_chunk42.16kHz.wav,f,210110_0739,42,raw
val,others,CR_lounge_210110_0739.s0_chunk42.16kHz.wav,cfp,210110_0739,42,raw
val,others,CR_lounge_210110_0739.s2400_chunk43.16kHz.wav,cfm,210110_0739,43,refined
val,others,CR_lounge_210110_0739.s2100_chunk43.16kHz.wav,cp,210110_0739,43,raw
val,others,CR_lounge_210110_0739.s0_chunk43.16kHz.wav,cfp,210110_0739,43,raw
val,others,CR_lounge_210110_0739.s2100_chunk44.16kHz.wav,cp,210110_0739,44,refined
val,others,CR_lounge_210110_0739.s0_chunk44.16kHz.wav,fop,210110_0739,44,refined
val,others,CR_lounge_210110_0739.s2400_chunk44.16kHz.wav,cf,210110_0739,44,raw
val,others,CR_lounge_210110_0739.s0_chunk45.16kHz.wav,cf,210110_0739,45,refined
val,others,CR_lounge_210110_0739.s2100_chunk45.16kHz.wav,cp,210110_0739,45,raw
val,others,CR_lounge_210110_0739.s2400_chunk45.16kHz.wav,cfmo,210110_0739,45,raw
val,others,CR_lounge_210110_0739.s1800_chunk46.16kHz.wav,cop,210110_0739,46,refined
val,others,CR_lounge_210110_0739.s2100_chunk46.16kHz.wav,cp,210110_0739,46,refined
val,others,CR_lounge_210110_0739.s0_chunk46.16kHz.wav,cfp,210110_0739,46,refined
val,others,CR_lounge_210110_0739.s2400_chunk46.16kHz.wav,cfm,210110_0739,46,refined
val,others,CR_lounge_210110_0739.s1800_chunk47.16kHz.wav,fp,210110_0739,47,raw
val,others,CR_lounge_210110_0739.s2100_chunk47.16kHz.wav,cf,210110_0739,47,raw
val,others,CR_lounge_210110_0739.s0_chunk47.16kHz.wav,f,210110_0739,47,raw
val,others,CR_lounge_210110_0739.s2400_chunk47.16kHz.wav,f,210110_0739,47,raw
val,others,CR_lounge_210110_0739.s2100_chunk48.16kHz.wav,cfp,210110_0739,48,refined
val,others,CR_lounge_210110_0739.s2400_chunk48.16kHz.wav,cfm,210110_0739,48,refined
val,others,CR_lounge_210110_0739.s1800_chunk48.16kHz.wav,cop,210110_0739,48,raw
val,others,CR_lounge_210110_0739.s0_chunk48.16kHz.wav,f,210110_0739,48,raw
val,others,CR_lounge_210110_0739.s0_chunk49.16kHz.wav,cf,210110_0739,49,refined
val,others,CR_lounge_210110_0739.s1800_chunk49.16kHz.wav,cp,210110_0739,49,raw
val,others,CR_lounge_210110_0739.s2100_chunk49.16kHz.wav,c,210110_0739,49,raw
val,others,CR_lounge_210110_0739.s2400_chunk49.16kHz.wav,cfm,210110_0739,49,raw
val,others,CR_lounge_210110_0739.s1800_chunk50.16kHz.wav,p,210110_0739,50,refined
val,others,CR_lounge_210110_0739.s2100_chunk50.16kHz.wav,cp,210110_0739,50,refined
val,others,CR_lounge_210110_0739.s0_chunk50.16kHz.wav,fp,210110_0739,50,refined
val,others,CR_lounge_210110_0739.s1500_chunk50.16kHz.wav,p,210110_0739,50,raw
val,others,CR_lounge_210110_0739.s2400_chunk50.16kHz.wav,f,210110_0739,50,raw
val,others,CR_lounge_210110_0739.s2100_chunk51.16kHz.wav,cp,210110_0739,51,refined
val,others,CR_lounge_210110_0739.s0_chunk51.16kHz.wav,fp,210110_0739,51,refined
val,others,CR_lounge_210110_0739.s1800_chunk51.16kHz.wav,p,210110_0739,51,raw
val,others,CR_lounge_210110_0739.s2400_chunk51.16kHz.wav,cf,210110_0739,51,raw
val,others,CR_lounge_210110_0739.s2100_chunk52.16kHz.wav,cp,210110_0739,52,refined
val,others,CR_lounge_210110_0739.s1800_chunk52.16kHz.wav,cfp,210110_0739,52,raw
val,others,CR_lounge_210110_0739.s1500_chunk52.16kHz.wav,p,210110_0739,52,raw
val,others,CR_lounge_210110_0739.s0_chunk52.16kHz.wav,p,210110_0739,52,raw
val,others,CR_lounge_210110_0739.s2400_chunk52.16kHz.wav,fm,210110_0739,52,raw
val,others,CR_lounge_210110_0739.s1800_chunk53.16kHz.wav,cf,210110_0739,53,raw
val,others,CR_lounge_210110_0739.s2100_chunk53.16kHz.wav,c,210110_0739,53,raw
val,others,CR_lounge_210110_0739.s1500_chunk53.16kHz.wav,p,210110_0739,53,raw
val,others,CR_lounge_210110_0739.s0_chunk53.16kHz.wav,fp,210110_0739,53,raw
val,others,CR_lounge_210110_0739.s2400_chunk53.16kHz.wav,fmp,210110_0739,53,raw
val,others,CR_lounge_210110_0739.s2100_chunk54.16kHz.wav,cp,210110_0739,54,refined
val,others,CR_lounge_210110_0739.s0_chunk54.16kHz.wav,cfp,210110_0739,54,refined
val,others,CR_lounge_210110_0739.s1800_chunk54.16kHz.wav,co,210110_0739,54,raw
val,others,CR_lounge_210110_0739.s1500_chunk54.16kHz.wav,p,210110_0739,54,raw
val,others,CR_lounge_210110_0739.s2400_chunk54.16kHz.wav,cp,210110_0739,54,raw
val,others,CR_lounge_210110_0739.s0_chunk55.16kHz.wav,cfp,210110_0739,55,refined
val,others,CR_lounge_210110_0739.s2400_chunk55.16kHz.wav,mp,210110_0739,55,refined
val,others,CR_lounge_210110_0739.s1800_chunk55.16kHz.wav,cfp,210110_0739,55,raw
val,others,CR_lounge_210110_0739.s2100_chunk55.16kHz.wav,cp,210110_0739,55,raw
val,others,CR_lounge_210110_0739.s1500_chunk55.16kHz.wav,p,210110_0739,55,raw
val,others,CR_lounge_210110_0739.s2100_chunk56.16kHz.wav,cp,210110_0739,56,refined
val,others,CR_lounge_210110_0739.s0_chunk56.16kHz.wav,cfp,210110_0739,56,refined
val,others,CR_lounge_210110_0739.s1800_chunk56.16kHz.wav,cf,210110_0739,56,raw
val,others,CR_lounge_210110_0739.s1500_chunk56.16kHz.wav,mp,210110_0739,56,raw
val,others,CR_lounge_210110_0739.s2400_chunk56.16kHz.wav,p,210110_0739,56,raw
val,others,CR_lounge_210110_0739.s2100_chunk57.16kHz.wav,p,210110_0739,57,refined
val,others,CR_lounge_210110_0739.s1800_chunk57.16kHz.wav,cf,210110_0739,57,raw
val,others,CR_lounge_210110_0739.s1500_chunk57.16kHz.wav,mp,210110_0739,57,raw
val,others,CR_lounge_210110_0739.s0_chunk57.16kHz.wav,cfp,210110_0739,57,raw
val,others,CR_lounge_210110_0739.s2400_chunk57.16kHz.wav,mp,210110_0739,57,raw
val,others,CR_lounge_210110_0739.s2100_chunk58.16kHz.wav,cfp,210110_0739,58,refined
val,others,CR_lounge_210110_0739.s1500_chunk58.16kHz.wav,cp,210110_0739,58,refined
val,others,CR_lounge_210110_0739.s1800_chunk58.16kHz.wav,cf,210110_0739,58,raw
val,others,CR_lounge_210110_0739.s0_chunk58.16kHz.wav,cp,210110_0739,58,raw
val,others,CR_lounge_210110_0739.s2400_chunk58.16kHz.wav,cp,210110_0739,58,raw
val,others,CR_lounge_210110_0739.s1500_chunk59.16kHz.wav,mop,210110_0739,59,refined
val,others,CR_lounge_210110_0739.s1800_chunk59.16kHz.wav,co,210110_0739,59,raw
val,others,CR_lounge_210110_0739.s2100_chunk59.16kHz.wav,cf,210110_0739,59,raw
val,others,CR_lounge_210110_0739.s0_chunk59.16kHz.wav,p,210110_0739,59,raw
val,others,CR_lounge_210110_0739.s2400_chunk59.16kHz.wav,cp,210110_0739,59,raw
val,others,CR_lounge_210110_0739.s2100_chunk60.16kHz.wav,cfp,210110_0739,60,refined
val,others,CR_lounge_210110_0739.s0_chunk60.16kHz.wav,cop,210110_0739,60,refined
val,others,CR_lounge_210110_0739.s1800_chunk60.16kHz.wav,cf,210110_0739,60,raw
val,others,CR_lounge_210110_0739.s1500_chunk60.16kHz.wav,cmo,210110_0739,60,raw
val,others,CR_lounge_210110_0739.s2400_chunk60.16kHz.wav,cmp,210110_0739,60,raw
val,others,CR_lounge_210110_0739.s0_chunk61.16kHz.wav,cfp,210110_0739,61,refined
val,others,CR_lounge_210110_0739.s1800_chunk61.16kHz.wav,cfo,210110_0739,61,raw
val,others,CR_lounge_210110_0739.s1500_chunk61.16kHz.wav,c,210110_0739,61,raw
val,others,CR_lounge_210110_0739.s2400_chunk61.16kHz.wav,cm,210110_0739,61,raw
val,others,CR_lounge_210110_0739.s1500_chunk62.16kHz.wav,cmp,210110_0739,62,refined
val,others,CR_lounge_210110_0739.s1800_chunk62.16kHz.wav,cf,210110_0739,62,raw
val,others,CR_lounge_210110_0739.s2100_chunk62.16kHz.wav,cp,210110_0739,62,raw
val,others,CR_lounge_210110_0739.s0_chunk62.16kHz.wav,cfp,210110_0739,62,raw
val,others,CR_lounge_210110_0739.s2400_chunk62.16kHz.wav,cm,210110_0739,62,raw
val,others,CR_lounge_210110_0739.s2100_chunk63.16kHz.wav,cmp,210110_0739,63,refined
val,others,CR_lounge_210110_0739.s1800_chunk63.16kHz.wav,cf,210110_0739,63,raw
val,others,CR_lounge_210110_0739.s1500_chunk63.16kHz.wav,mop,210110_0739,63,raw
val,others,CR_lounge_210110_0739.s0_chunk63.16kHz.wav,cp,210110_0739,63,raw
val,others,CR_lounge_210110_0739.s2400_chunk63.16kHz.wav,cm,210110_0739,63,raw
val,others,CR_lounge_210110_0739.s2400_chunk64.16kHz.wav,fmop,210110_0739,64,refined
val,others,CR_lounge_210110_0739.s2100_chunk64.16kHz.wav,cm,210110_0739,64,raw
val,others,CR_lounge_210110_0739.s1500_chunk64.16kHz.wav,cp,210110_0739,64,raw
val,others,CR_lounge_210110_0739.s0_chunk64.16kHz.wav,cp,210110_0739,64,raw
val,others,CR_lounge_210110_0739.s0_chunk65.16kHz.wav,cop,210110_0739,65,refined
val,others,CR_lounge_210110_0739.s1800_chunk65.16kHz.wav,p,210110_0739,65,raw
val,others,CR_lounge_210110_0739.s2100_chunk65.16kHz.wav,cm,210110_0739,65,raw
val,others,CR_lounge_210110_0739.s1500_chunk65.16kHz.wav,cp,210110_0739,65,raw
val,others,CR_lounge_210110_0739.s2400_chunk65.16kHz.wav,fmp,210110_0739,65,raw
val,others,CR_lounge_210110_0739.s2100_chunk66.16kHz.wav,cmp,210110_0739,66,refined
val,others,CR_lounge_210110_0739.s1500_chunk66.16kHz.wav,cp,210110_0739,66,refined
val,others,CR_lounge_210110_0739.s1800_chunk66.16kHz.wav,o,210110_0739,66,raw
val,others,CR_lounge_210110_0739.s0_chunk66.16kHz.wav,co,210110_0739,66,raw
val,others,CR_lounge_210110_0739.s1800_chunk67.16kHz.wav,cp,210110_0739,67,refined
val,others,CR_lounge_210110_0739.s1500_chunk67.16kHz.wav,cmp,210110_0739,67,refined
val,others,CR_lounge_210110_0739.s2100_chunk67.16kHz.wav,c,210110_0739,67,raw
val,others,CR_lounge_210110_0739.s0_chunk67.16kHz.wav,cp,210110_0739,67,raw
val,others,CR_lounge_210110_0739.s1500_chunk68.16kHz.wav,cp,210110_0739,68,refined
val,others,CR_lounge_210110_0739.s0_chunk68.16kHz.wav,cp,210110_0739,68,refined
val,others,CR_lounge_210110_0739.s1800_chunk68.16kHz.wav,c,210110_0739,68,raw
val,others,CR_lounge_210110_0739.s2100_chunk68.16kHz.wav,cm,210110_0739,68,raw
val,others,CR_lounge_210110_0739.s1500_chunk69.16kHz.wav,cp,210110_0739,69,refined
val,others,CR_lounge_210110_0739.s2100_chunk69.16kHz.wav,cp,210110_0739,69,raw
val,others,CR_lounge_210110_0739.s0_chunk69.16kHz.wav,cp,210110_0739,69,raw
val,others,CR_lounge_210110_0739.s2100_chunk70.16kHz.wav,cmp,210110_0739,70,refined
val,others,CR_lounge_210110_0739.s1500_chunk70.16kHz.wav,cp,210110_0739,70,refined
val,others,CR_lounge_210110_0739.s1800_chunk70.16kHz.wav,cf,210110_0739,70,raw
val,others,CR_lounge_210110_0739.s0_chunk70.16kHz.wav,cp,210110_0739,70,raw
val,others,CR_lounge_210110_0739.s2100_chunk71.16kHz.wav,op,210110_0739,71,refined
val,others,CR_lounge_210110_0739.s1500_chunk71.16kHz.wav,cop,210110_0739,71,refined
val,others,CR_lounge_210110_0739.s0_chunk71.16kHz.wav,cp,210110_0739,71,refined
val,others,CR_lounge_210110_0739.s1800_chunk71.16kHz.wav,cp,210110_0739,71,raw
val,others,CR_lounge_210110_0739.s1500_chunk72.16kHz.wav,cp,210110_0739,72,refined
val,others,CR_lounge_210110_0739.s1800_chunk72.16kHz.wav,cp,210110_0739,72,raw
val,others,CR_lounge_210110_0739.s2100_chunk72.16kHz.wav,cp,210110_0739,72,raw
val,others,CR_lounge_210110_0739.s0_chunk72.16kHz.wav,c,210110_0739,72,raw
val,others,CR_lounge_210110_0739.s0_chunk73.16kHz.wav,cp,210110_0739,73,refined
val,others,CR_lounge_210110_0739.s1800_chunk73.16kHz.wav,c,210110_0739,73,raw
val,others,CR_lounge_210110_0739.s2100_chunk73.16kHz.wav,cp,210110_0739,73,raw
val,others,CR_lounge_210110_0739.s1500_chunk73.16kHz.wav,cmp,210110_0739,73,raw
val,others,CR_lounge_210110_0739.s2100_chunk74.16kHz.wav,cmp,210110_0739,74,refined
val,others,CR_lounge_210110_0739.s0_chunk74.16kHz.wav,cop,210110_0739,74,refined
val,others,CR_lounge_210110_0739.s1500_chunk74.16kHz.wav,mp,210110_0739,74,raw
val,target,CR_lounge_210110_0739.s1200_chunk0.16kHz.wav,v,210110_0739,0,raw
val,target,CR_lounge_210110_0739.s900_chunk0.16kHz.wav,v,210110_0739,0,raw
val,target,CR_lounge_210110_0739.s900_chunk1.16kHz.wav,v,210110_0739,1,raw
val,target,CR_lounge_210110_0739.s1500_chunk2.16kHz.wav,v,210110_0739,2,refined
val,target,CR_lounge_210110_0739.s600_chunk2.16kHz.wav,v,210110_0739,2,raw
val,target,CR_lounge_210110_0739.s900_chunk2.16kHz.wav,v,210110_0739,2,raw
val,target,CR_lounge_210110_0739.s600_chunk3.16kHz.wav,v,210110_0739,3,raw
val,target,CR_lounge_210110_0739.s1200_chunk3.16kHz.wav,v,210110_0739,3,raw
val,target,CR_lounge_210110_0739.s1200_chunk4.16kHz.wav,v,210110_0739,4,refined
val,target,CR_lounge_210110_0739.s600_chunk5.16kHz.wav,v,210110_0739,5,raw
val,target,CR_lounge_210110_0739.s600_chunk6.16kHz.wav,v,210110_0739,6,raw
val,target,CR_lounge_210110_0739.s600_chunk8.16kHz.wav,v,210110_0739,8,raw
val,target,CR_lounge_210110_0739.s900_chunk8.16kHz.wav,v,210110_0739,8,raw
val,target,CR_lounge_210110_0739.s900_chunk9.16kHz.wav,v,210110_0739,9,raw
val,target,CR_lounge_210110_0739.s900_chunk10.16kHz.wav,v,210110_0739,10,raw
val,target,CR_lounge_210110_0739.s1200_chunk11.16kHz.wav,v,210110_0739,11,refined
val,target,CR_lounge_210110_0739.s600_chunk11.16kHz.wav,v,210110_0739,11,raw
val,target,CR_lounge_210110_0739.s900_chunk11.16kHz.wav,v,210110_0739,11,raw
val,target,CR_lounge_210110_0739.s600_chunk12.16kHz.wav,v,210110_0739,12,raw
val,target,CR_lounge_210110_0739.s1200_chunk12.16kHz.wav,v,210110_0739,12,raw
val,target,CR_lounge_210110_0739.s900_chunk12.16kHz.wav,v,210110_0739,12,raw
val,target,CR_lounge_210110_0739.s1200_chunk13.16kHz.wav,v,210110_0739,13,refined
val,target,CR_lounge_210110_0739.s900_chunk13.16kHz.wav,v,210110_0739,13,raw
val,target,CR_lounge_210110_0739.s1200_chunk14.16kHz.wav,v,210110_0739,14,refined
val,target,CR_lounge_210110_0739.s600_chunk14.16kHz.wav,v,210110_0739,14,raw
val,target,CR_lounge_210110_0739.s1200_chunk15.16kHz.wav,v,210110_0739,15,refined
val,target,CR_lounge_210110_0739.s900_chunk15.16kHz.wav,v,210110_0739,15,refined
val,target,CR_lounge_210110_0739.s600_chunk15.16kHz.wav,v,210110_0739,15,raw
val,target,CR_lounge_210110_0739.s1200_chunk16.16kHz.wav,v,210110_0739,16,refined
val,target,CR_lounge_210110_0739.s600_chunk16.16kHz.wav,v,210110_0739,16,raw
val,target,CR_lounge_210110_0739.s900_chunk16.16kHz.wav,v,210110_0739,16,raw
val,target,CR_lounge_210110_0739.s900_chunk17.16kHz.wav,v,210110_0739,17,refined
val,target,CR_lounge_210110_0739.s600_chunk17.16kHz.wav,v,210110_0739,17,raw
val,target,CR_lounge_210110_0739.s900_chunk18.16kHz.wav,v,210110_0739,18,refined
val,target,CR_lounge_210110_0739.s600_chunk18.16kHz.wav,v,210110_0739,18,raw
val,target,CR_lounge_210110_0739.s900_chunk19.16kHz.wav,v,210110_0739,19,refined
val,target,CR_lounge_210110_0739.s600_chunk19.16kHz.wav,v,210110_0739,19,raw
val,target,CR_lounge_210110_0739.s600_chunk20.16kHz.wav,v,210110_0739,20,raw
val,target,CR_lounge_210110_0739.s900_chunk20.16kHz.wav,v,210110_0739,20,raw
val,target,CR_lounge_210110_0739.s600_chunk21.16kHz.wav,v,210110_0739,21,raw
val,target,CR_lounge_210110_0739.s600_chunk22.16kHz.wav,v,210110_0739,22,raw
val,target,CR_lounge_210110_0739.s900_chunk23.16kHz.wav,v,210110_0739,23,raw
val,target,CR_lounge_210110_0739.s600_chunk24.16kHz.wav,v,210110_0739,24,raw
val,target,CR_lounge_210110_0739.s900_chunk24.16kHz.wav,v,210110_0739,24,raw
val,target,CR_lounge_210110_0739.s600_chunk25.16kHz.wav,v,210110_0739,25,raw
val,target,CR_lounge_210110_0739.s900_chunk25.16kHz.wav,v,210110_0739,25,raw
val,target,CR_lounge_210110_0739.s900_chunk26.16kHz.wav,v,210110_0739,26,refined
val,target,CR_lounge_210110_0739.s600_chunk26.16kHz.wav,v,210110_0739,26,raw
val,target,CR_lounge_210110_0739.s600_chunk27.16kHz.wav,v,210110_0739,27,raw
val,target,CR_lounge_210110_0739.s900_chunk27.16kHz.wav,v,210110_0739,27,raw
val,target,CR_lounge_210110_0739.s900_chunk28.16kHz.wav,v,210110_0739,28,refined
val,target,CR_lounge_210110_0739.s1200_chunk29.16kHz.wav,v,210110_0739,29,raw
val,target,CR_lounge_210110_0739.s900_chunk30.16kHz.wav,v,210110_0739,30,refined
val,target,CR_lounge_210110_0739.s600_chunk30.16kHz.wav,v,210110_0739,30,raw
val,target,CR_lounge_210110_0739.s1200_chunk30.16kHz.wav,v,210110_0739,30,raw
val,target,CR_lounge_210110_0739.s600_chunk31.16kHz.wav,v,210110_0739,31,raw
val,target,CR_lounge_210110_0739.s900_chunk31.16kHz.wav,v,210110_0739,31,raw
val,target,CR_lounge_210110_0739.s600_chunk32.16kHz.wav,v,210110_0739,32,raw
val,target,CR_lounge_210110_0739.s900_chunk32.16kHz.wav,v,210110_0739,32,raw
val,target,CR_lounge_210110_0739.s900_chunk33.16kHz.wav,v,210110_0739,33,refined
val,target,CR_lounge_210110_0739.s600_chunk33.16kHz.wav,v,210110_0739,33,raw
val,target,CR_lounge_210110_0739.s600_chunk34.16kHz.wav,v,210110_0739,34,raw
val,target,CR_lounge_210110_0739.s900_chunk34.16kHz.wav,v,210110_0739,34,raw
val,target,CR_lounge_210110_0739.s600_chunk35.16kHz.wav,v,210110_0739,35,raw
val,target,CR_lounge_210110_0739.s900_chunk35.16kHz.wav,v,210110_0739,35,raw
val,target,CR_lounge_210110_0739.s900_chunk36.16kHz.wav,v,210110_0739,36,raw
val,target,CR_lounge_210110_0739.s600_chunk37.16kHz.wav,v,210110_0739,37,raw
val,target,CR_lounge_210110_0739.s900_chunk37.16kHz.wav,v,210110_0739,37,raw
val,target,CR_lounge_210110_0739.s900_chunk38.16kHz.wav,v,210110_0739,38,refined
val,target,CR_lounge_210110_0739.s600_chunk38.16kHz.wav,v,210110_0739,38,raw
val,target,CR_lounge_210110_0739.s1200_chunk38.16kHz.wav,v,210110_0739,38,raw
val,target,CR_lounge_210110_0739.s600_chunk39.16kHz.wav,v,210110_0739,39,raw
val,target,CR_lounge_210110_0739.s1200_chunk39.16kHz.wav,v,210110_0739,39,raw
val,target,CR_lounge_210110_0739.s900_chunk40.16kHz.wav,v,210110_0739,40,refined
val,target,CR_lounge_210110_0739.s600_chunk40.16kHz.wav,v,210110_0739,40,raw
val,target,CR_lounge_210110_0739.s1200_chunk40.16kHz.wav,v,210110_0739,40,raw
val,target,CR_lounge_210110_0739.s600_chunk41.16kHz.wav,v,210110_0739,41,raw
val,target,CR_lounge_210110_0739.s900_chunk41.16kHz.wav,v,210110_0739,41,raw
val,target,CR_lounge_210110_0739.s600_chunk42.16kHz.wav,v,210110_0739,42,raw
val,target,CR_lounge_210110_0739.s900_chunk42.16kHz.wav,v,210110_0739,42,raw
val,target,CR_lounge_210110_0739.s1200_chunk43.16kHz.wav,v,210110_0739,43,refined
val,target,CR_lounge_210110_0739.s600_chunk43.16kHz.wav,v,210110_0739,43,raw
val,target,CR_lounge_210110_0739.s900_chunk43.16kHz.wav,v,210110_0739,43,raw
val,target,CR_lounge_210110_0739.s900_chunk44.16kHz.wav,v,210110_0739,44,refined
val,target,CR_lounge_210110_0739.s600_chunk44.16kHz.wav,v,210110_0739,44,raw
val,target,CR_lounge_210110_0739.s1200_chunk45.16kHz.wav,v,210110_0739,45,refined
val,target,CR_lounge_210110_0739.s600_chunk45.16kHz.wav,v,210110_0739,45,raw
val,target,CR_lounge_210110_0739.s900_chunk45.16kHz.wav,v,210110_0739,45,raw
val,target,CR_lounge_210110_0739.s900_chunk46.16kHz.wav,v,210110_0739,46,refined
val,target,CR_lounge_210110_0739.s600_chunk46.16kHz.wav,v,210110_0739,46,raw
val,target,CR_lounge_210110_0739.s1200_chunk46.16kHz.wav,v,210110_0739,46,raw
val,target,CR_lounge_210110_0739.s600_chunk47.16kHz.wav,v,210110_0739,47,raw
val,target,CR_lounge_210110_0739.s600_chunk48.16kHz.wav,v,210110_0739,48,raw
val,target,CR_lounge_210110_0739.s300_chunk48.16kHz.wav,v,210110_0739,48,raw
val,target,CR_lounge_210110_0739.s900_chunk48.16kHz.wav,v,210110_0739,48,raw
val,target,CR_lounge_210110_0739.s600_chunk49.16kHz.wav,v,210110_0739,49,raw
val,target,CR_lounge_210110_0739.s600_chunk50.16kHz.wav,v,210110_0739,50,raw
val,target,CR_lounge_210110_0739.s900_chunk50.16kHz.wav,v,210110_0739,50,raw
val,target,CR_lounge_210110_0739.s900_chunk51.16kHz.wav,v,210110_0739,51,refined
val,target,CR_lounge_210110_0739.s600_chunk51.16kHz.wav,v,210110_0739,51,raw
val,target,CR_lounge_210110_0739.s300_chunk51.16kHz.wav,v,210110_0739,51,raw
val,target,CR_lounge_210110_0739.s600_chunk52.16kHz.wav,v,210110_0739,52,raw
val,target,CR_lounge_210110_0739.s300_chunk52.16kHz.wav,v,210110_0739,52,raw
val,target,CR_lounge_210110_0739.s900_chunk52.16kHz.wav,v,210110_0739,52,raw
val,target,CR_lounge_210110_0739.s1200_chunk53.16kHz.wav,v,210110_0739,53,refined
val,target,CR_lounge_210110_0739.s300_chunk53.16kHz.wav,v,210110_0739,53,refined
val,target,CR_lounge_210110_0739.s900_chunk53.16kHz.wav,v,210110_0739,53,refined
val,target,CR_lounge_210110_0739.s600_chunk53.16kHz.wav,v,210110_0739,53,raw
val,target,CR_lounge_210110_0739.s300_chunk54.16kHz.wav,v,210110_0739,54,raw
val,target,CR_lounge_210110_0739.s900_chunk54.16kHz.wav,v,210110_0739,54,raw
val,target,CR_lounge_210110_0739.s300_chunk55.16kHz.wav,v,210110_0739,55,refined
val,target,CR_lounge_210110_0739.s900_chunk55.16kHz.wav,v,210110_0739,55,refined
val,target,CR_lounge_210110_0739.s600_chunk55.16kHz.wav,v,210110_0739,55,raw
val,target,CR_lounge_210110_0739.s1200_chunk55.16kHz.wav,v,210110_0739,55,raw
val,target,CR_lounge_210110_0739.s1200_chunk56.16kHz.wav,v,210110_0739,56,refined
val,target,CR_lounge_210110_0739.s900_chunk56.16kHz.wav,v,210110_0739,56,refined
val,target,CR_lounge_210110_0739.s600_chunk56.16kHz.wav,v,210110_0739,56,raw
val,target,CR_lounge_210110_0739.s300_chunk56.16kHz.wav,v,210110_0739,56,raw
val,target,CR_lounge_210110_0739.s1200_chunk57.16kHz.wav,v,210110_0739,57,refined
val,target,CR_lounge_210110_0739.s300_chunk57.16kHz.wav,v,210110_0739,57,refined
val,target,CR_lounge_210110_0739.s900_chunk57.16kHz.wav,v,210110_0739,57,refined
val,target,CR_lounge_210110_0739.s600_chunk57.16kHz.wav,v,210110_0739,57,raw
val,target,CR_lounge_210110_0739.s1200_chunk58.16kHz.wav,v,210110_0739,58,refined
val,target,CR_lounge_210110_0739.s300_chunk58.16kHz.wav,v,210110_0739,58,raw
val,target,CR_lounge_210110_0739.s900_chunk58.16kHz.wav,v,210110_0739,58,raw
val,target,CR_lounge_210110_0739.s300_chunk59.16kHz.wav,v,210110_0739,59,refined
val,target,CR_lounge_210110_0739.s600_chunk59.16kHz.wav,v,210110_0739,59,raw
val,target,CR_lounge_210110_0739.s900_chunk59.16kHz.wav,v,210110_0739,59,raw
val,target,CR_lounge_210110_0739.s900_chunk60.16kHz.wav,v,210110_0739,60,refined
val,target,CR_lounge_210110_0739.s600_chunk60.16kHz.wav,v,210110_0739,60,raw
val,target,CR_lounge_210110_0739.s300_chunk60.16kHz.wav,v,210110_0739,60,raw
val,target,CR_lounge_210110_0739.s900_chunk61.16kHz.wav,v,210110_0739,61,refined
val,target,CR_lounge_210110_0739.s900_chunk62.16kHz.wav,v,210110_0739,62,refined
val,target,CR_lounge_210110_0739.s300_chunk62.16kHz.wav,v,210110_0739,62,raw
val,target,CR_lounge_210110_0739.s300_chunk63.16kHz.wav,v,210110_0739,63,refined
val,target,CR_lounge_210110_0739.s900_chunk63.16kHz.wav,v,210110_0739,63,raw
val,target,CR_lounge_210110_0739.s1200_chunk64.16kHz.wav,v,210110_0739,64,refined
val,target,CR_lounge_210110_0739.s900_chunk64.16kHz.wav,v,210110_0739,64,raw
val,target,CR_lounge_210110_0739.s1200_chunk65.16kHz.wav,v,210110_0739,65,refined
val,target,CR_lounge_210110_0739.s600_chunk65.16kHz.wav,v,210110_0739,65,raw
val,target,CR_lounge_210110_0739.s900_chunk65.16kHz.wav,v,210110_0739,65,raw
val,target,CR_lounge_210110_0739.s600_chunk66.16kHz.wav,v,210110_0739,66,raw
val,target,CR_lounge_210110_0739.s300_chunk66.16kHz.wav,v,210110_0739,66,raw
val,target,CR_lounge_210110_0739.s300_chunk67.16kHz.wav,v,210110_0739,67,raw
val,target,CR_lounge_210110_0739.s600_chunk68.16kHz.wav,v,210110_0739,68,raw
val,target,CR_lounge_210110_0739.s300_chunk68.16kHz.wav,v,210110_0739,68,raw
val,target,CR_lounge_210110_0739.s1200_chunk69.16kHz.wav,v,210110_0739,69,refined
val,target,CR_lounge_210110_0739.s600_chunk69.16kHz.wav,v,210110_0739,69,raw
val,target,CR_lounge_210110_0739.s300_chunk69.16kHz.wav,v,210110_0739,69,raw
val,target,CR_lounge_210110_0739.s900_chunk69.16kHz.wav,v,210110_0739,69,raw
val,target,CR_lounge_210110_0739.s600_chunk70.16kHz.wav,v,210110_0739,70,raw
val,target,CR_lounge_210110_0739.s1200_chunk70.16kHz.wav,v,210110_0739,70,raw
val,target,CR_lounge_210110_0739.s300_chunk70.16kHz.wav,v,210110_0739,70,raw
val,target,CR_lounge_210110_0739.s900_chunk70.16kHz.wav,v,210110_0739,70,raw
val,target,CR_lounge_210110_0739.s900_chunk71.16kHz.wav,v,210110_0739,71,refined
val,target,CR_lounge_210110_0739.s600_chunk71.16kHz.wav,v,210110_0739,71,raw
val,target,CR_lounge_210110_0739.s300_chunk71.16kHz.wav,v,210110_0739,71,raw
val,target,CR_lounge_210110_0739.s900_chunk72.16kHz.wav,v,210110_0739,72,refined
val,target,CR_lounge_210110_0739.s600_chunk72.16kHz.wav,v,210110_0739,72,raw
val,target,CR_lounge_210110_0739.s300_chunk72.16kHz.wav,v,210110_0739,72,raw
val,target,CR_lounge_210110_0739.s300_chunk73.16kHz.wav,v,210110_0739,73,refined
val,target,CR_lounge_210110_0739.s600_chunk73.16kHz.wav,v,210110_0739,73,raw
val,target,CR_lounge_210110_0739.s900_chunk73.16kHz.wav,v,210110_0739,73,raw
val,target,CR_lounge_210110_0739.s300_chunk74.16kHz.wav,v,210110_0739,74,raw
val,target,CR_lounge_210110_0739.s900_chunk74.16kHz.wav,v,210110_0739,74,raw
