split,role,wav,activity,sess,idx,node
train,target,DevNode1_ex227_1.wav,watching_tv,227,1,1
train,target,DevNode2_ex227_6.wav,watching_tv,227,6,2
train,target,DevNode3_ex227_11.wav,watching_tv,227,11,3
train,target,DevNode4_ex227_16.wav,watching_tv,227,16,4
train,target,DevNode1_ex227_21.wav,watching_tv,227,21,1
train,target,DevNode2_ex227_26.wav,watching_tv,227,26,2
train,target,DevNode3_ex227_31.wav,watching_tv,227,31,3
train,target,DevNode4_ex227_36.wav,watching_tv,227,36,4
train,target,DevNode1_ex227_41.wav,watching_tv,227,41,1
train,target,DevNode2_ex227_47.wav,watching_tv,227,47,2
train,target,DevNode3_ex227_52.wav,watching_tv,227,52,3
train,target,DevNode4_ex227_57.wav,watching_tv,227,57,4
train,target,DevNode1_ex227_62.wav,watching_tv,227,62,1
train,target,DevNode2_ex227_67.wav,watching_tv,227,67,2
train,target,DevNode3_ex227_72.wav,watching_tv,227,72,3
train,target,DevNode4_ex227_77.wav,watching_tv,227,77,4
train,target,DevNode1_ex227_82.wav,watching_tv,227,82,1
train,target,DevNode2_ex227_88.wav,watching_tv,227,88,2
train,target,DevNode3_ex227_93.wav,watching_tv,227,93,3
train,target,DevNode4_ex227_98.wav,watching_tv,227,98,4
train,target,DevNode1_ex227_103.wav,watching_tv,227,103,1
train,target,DevNode2_ex227_108.wav,watching_tv,227,108,2
train,target,DevNode3_ex227_113.wav,watching_tv,227,113,3
train,target,DevNode4_ex227_118.wav,watching_tv,227,118,4
train,target,DevNode1_ex227_123.wav,watching_tv,227,123,1
train,target,DevNode2_ex227_129.wav,watching_tv,227,129,2
train,target,DevNode3_ex227_134.wav,watching_tv,227,134,3
train,target,DevNode4_ex227_139.wav,watching_tv,227,139,4
train,target,DevNode1_ex227_144.wav,watching_tv,227,144,1
train,target,DevNode2_ex227_149.wav,watching_tv,227,149,2
train,target,DevNode3_ex227_154.wav,watching_tv,227,154,3
train,target,DevNode4_ex227_159.wav,watching_tv,227,159,4
train,target,DevNode1_ex227_164.wav,watching_tv,227,164,1
train,target,DevNode2_ex227_170.wav,watching_tv,227,170,2
train,target,DevNode3_ex227_175.wav,watching_tv,227,175,3
train,target,DevNode4_ex227_180.wav,watching_tv,227,180,4
train,target,DevNode1_ex227_185.wav,watching_tv,227,185,1
train,target,DevNode2_ex227_190.wav,watching_tv,227,190,2
train,target,DevNode3_ex227_195.wav,watching_tv,227,195,3
train,target,DevNode4_ex227_200.wav,watching_tv,227,200,4
train,target,DevNode1_ex227_205.wav,watching_tv,227,205,1
train,target,DevNode2_ex227_211.wav,watching_tv,227,211,2
train,target,DevNode3_ex227_216.wav,watching_tv,227,216,3
train,target,DevNode4_ex227_221.wav,watching_tv,227,221,4
train,target,DevNode1_ex227_226.wav,watching_tv,227,226,1
train,target,DevNode2_ex227_231.wav,watching_tv,227,231,2
train,target,DevNode3_ex227_236.wav,watching_tv,227,236,3
train,target,DevNode4_ex227_241.wav,watching_tv,227,241,4
train,target,DevNode1_ex227_246.wav,watching_tv,227,246,1
train,target,DevNode2_ex227_252.wav,watching_tv,227,252,2
train,target,DevNode3_ex227_257.wav,watching_tv,227,257,3
train,target,DevNode4_ex227_262.wav,watching_tv,227,262,4
train,target,DevNode1_ex227_267.wav,watching_tv,227,267,1
train,target,DevNode2_ex227_272.wav,watching_tv,227,272,2
train,target,DevNode3_ex227_277.wav,watching_tv,227,277,3
train,target,DevNode4_ex227_282.wav,watching_tv,227,282,4
train,target,DevNode1_ex227_287.wav,watching_tv,227,287,1
train,target,DevNode2_ex227_293.wav,watching_tv,227,293,2
train,target,DevNode3_ex227_298.wav,watching_tv,227,298,3
train,target,DevNode4_ex227_303.wav,watching_tv,227,303,4
train,target,DevNode1_ex227_308.wav,watching_tv,227,308,1
train,target,DevNode2_ex227_313.wav,watching_tv,227,313,2
train,target,DevNode3_ex227_318.wav,watching_tv,227,318,3
train,target,DevNode4_ex227_323.wav,watching_tv,227,323,4
train,target,DevNode1_ex227_328.wav,watching_tv,227,328,1
train,target,DevNode2_ex227_334.wav,watching_tv,227,334,2
train,target,DevNode3_ex227_339.wav,watching_tv,227,339,3
train,target,DevNode4_ex227_344.wav,watching_tv,227,344,4
train,target,DevNode1_ex227_349.wav,watching_tv,227,349,1
train,target,DevNode2_ex227_354.wav,watching_tv,227,354,2
train,target,DevNode3_ex227_359.wav,watching_tv,227,359,3
train,target,DevNode4_ex227_364.wav,watching_tv,227,364,4
train,target,DevNode1_ex227_369.wav,watching_tv,227,369,1
train,target,DevNode2_ex227_375.wav,watching_tv,227,375,2
train,target,DevNode3_ex227_380.wav,watching_tv,227,380,3
train,target,DevNode4_ex227_385.wav,watching_tv,227,385,4
train,target,DevNode1_ex227_390.wav,watching_tv,227,390,1
train,target,DevNode2_ex227_395.wav,watching_tv,227,395,2
train,target,DevNode3_ex227_400.wav,watching_tv,227,400,3
train,target,DevNode4_ex227_405.wav,watching_tv,227,405,4
train,target,DevNode1_ex227_410.wav,watching_tv,227,410,1
train,target,DevNode2_ex227_416.wav,watching_tv,227,416,2
train,target,DevNode3_ex227_421.wav,watching_tv,227,421,3
train,target,DevNode4_ex227_426.wav,watching_tv,227,426,4
train,target,DevNode1_ex227_431.wav,watching_tv,227,431,1
train,target,DevNode2_ex227_436.wav,watching_tv,227,436,2
train,target,DevNode3_ex227_441.wav,watching_tv,227,441,3
train,target,DevNode4_ex227_446.wav,watching_tv,227,446,4
train,target,DevNode1_ex227_451.wav,watching_tv,227,451,1
train,target,DevNode2_ex227_457.wav,watching_tv,227,457,2
train,target,DevNode3_ex227_462.wav,watching_tv,227,462,3
train,target,DevNode4_ex227_467.wav,watching_tv,227,467,4
train,target,DevNode1_ex227_472.wav,watching_tv,227,472,1
train,target,DevNode2_ex227_477.wav,watching_tv,227,477,2
train,target,DevNode3_ex227_482.wav,watching_tv,227,482,3
train,target,DevNode4_ex227_487.wav,watching_tv,227,487,4
train,target,DevNode1_ex227_492.wav,watching_tv,227,492,1
train,target,DevNode2_ex227_498.wav,watching_tv,227,498,2
train,target,DevNode3_ex227_503.wav,watching_tv,227,503,3
train,target,DevNode4_ex227_508.wav,watching_tv,227,508,4
train,target,DevNode1_ex227_513.wav,watching_tv,227,513,1
train,target,DevNode2_ex227_518.wav,watching_tv,227,518,2
train,target,DevNode3_ex227_523.wav,watching_tv,227,523,3
train,target,DevNode4_ex227_528.wav,watching_tv,227,528,4
train,target,DevNode1_ex227_533.wav,watching_tv,227,533,1
train,target,DevNode2_ex227_539.wav,watching_tv,227,539,2
train,target,DevNode3_ex227_544.wav,watching_tv,227,544,3
train,target,DevNode4_ex227_549.wav,watching_tv,227,549,4
train,target,DevNode1_ex227_554.wav,watching_tv,227,554,1
train,target,DevNode2_ex227_559.wav,watching_tv,227,559,2
train,target,DevNode3_ex227_564.wav,watching_tv,227,564,3
train,target,DevNode4_ex227_569.wav,watching_tv,227,569,4
train,target,DevNode1_ex227_574.wav,watching_tv,227,574,1
train,target,DevNode2_ex227_580.wav,watching_tv,227,580,2
train,target,DevNode3_ex227_585.wav,watching_tv,227,585,3
train,target,DevNode4_ex227_590.wav,watching_tv,227,590,4
train,target,DevNode1_ex227_595.wav,watching_tv,227,595,1
train,target,DevNode2_ex227_600.wav,watching_tv,227,600,2
train,target,DevNode3_ex227_605.wav,watching_tv,227,605,3
train,target,DevNode4_ex227_610.wav,watching_tv,227,610,4
train,target,DevNode1_ex227_615.wav,watching_tv,227,615,1
train,target,DevNode2_ex227_621.wav,watching_tv,227,621,2
train,target,DevNode3_ex227_626.wav,watching_tv,227,626,3
train,target,DevNode4_ex227_631.wav,watching_tv,227,631,4
train,target,DevNode1_ex227_636.wav,watching_tv,227,636,1
train,target,DevNode2_ex227_641.wav,watching_tv,227,641,2
train,target,DevNode3_ex227_646.wav,watching_tv,227,646,3
train,target,DevNode4_ex227_651.wav,watching_tv,227,651,4
train,target,DevNode1_ex227_656.wav,watching_tv,227,656,1
train,target,DevNode2_ex227_662.wav,watching_tv,227,662,2
train,target,DevNode3_ex227_667.wav,watching_tv,227,667,3
train,target,DevNode4_ex227_672.wav,watching_tv,227,672,4
train,target,DevNode1_ex227_677.wav,watching_tv,227,677,1
train,target,DevNode2_ex227_682.wav,watching_tv,227,682,2
train,target,DevNode3_ex227_687.wav,watching_tv,227,687,3
train,target,DevNode4_ex227_692.wav,watching_tv,227,692,4
train,target,DevNode1_ex227_697.wav,watching_tv,227,697,1
train,target,DevNode2_ex227_703.wav,watching_tv,227,703,2
train,target,DevNode3_ex227_708.wav,watching_tv,227,708,3
train,target,DevNode4_ex227_713.wav,watching_tv,227,713,4
train,target,DevNode1_ex227_718.wav,watching_tv,227,718,1
train,target,DevNode2_ex227_723.wav,watching_tv,227,723,2
train,target,DevNode3_ex227_728.wav,watching_tv,227,728,3
train,target,DevNode4_ex227_733.wav,watching_tv,227,733,4
train,target,DevNode1_ex227_738.wav,watching_tv,227,738,1
train,target,DevNode2_ex227_744.wav,watching_tv,227,744,2
train,target,DevNode3_ex227_749.wav,watching_tv,227,749,3
train,target,DevNode4_ex227_754.wav,watching_tv,227,754,4
train,target,DevNode1_ex227_759.wav,watching_tv,227,759,1
train,target,DevNode2_ex227_764.wav,watching_tv,227,764,2
train,target,DevNode3_ex227_769.wav,watching_tv,227,769,3
train,target,DevNode4_ex227_774.wav,watching_tv,227,774,4
train,target,DevNode1_ex227_779.wav,watching_tv,227,779,1
train,target,DevNode2_ex227_785.wav,watching_tv,227,785,2
train,target,DevNode3_ex227_790.wav,watching_tv,227,790,3
train,target,DevNode4_ex227_795.wav,watching_tv,227,795,4
train,target,DevNode1_ex227_800.wav,watching_tv,227,800,1
train,target,DevNode2_ex227_805.wav,watching_tv,227,805,2
train,target,DevNode3_ex227_810.wav,watching_tv,227,810,3
train,target,DevNode4_ex227_815.wav,watching_tv,227,815,4
train,target,DevNode1_ex227_820.wav,watching_tv,227,820,1
train,target,DevNode2_ex227_826.wav,watching_tv,227,826,2
train,target,DevNode3_ex227_831.wav,watching_tv,227,831,3
train,target,DevNode4_ex227_836.wav,watching_tv,227,836,4
train,target,DevNode1_ex227_841.wav,watching_tv,227,841,1
train,target,DevNode2_ex228_1.wav,watching_tv,228,1,2
train,target,DevNode3_ex228_6.wav,watching_tv,228,6,3
train,target,DevNode4_ex228_11.wav,watching_tv,228,11,4
train,target,DevNode1_ex228_16.wav,watching_tv,228,16,1
train,target,DevNode2_ex228_22.wav,watching_tv,228,22,2
train,target,DevNode3_ex228_27.wav,watching_tv,228,27,3
train,target,DevNode4_ex228_32.wav,watching_tv,228,32,4
train,target,DevNode1_ex228_37.wav,watching_tv,228,37,1
train,target,DevNode2_ex228_42.wav,watching_tv,228,42,2
train,target,DevNode3_ex228_47.wav,watching_tv,228,47,3
train,target,DevNode4_ex228_52.wav,watching_tv,228,52,4
train,target,DevNode1_ex228_57.wav,watching_tv,228,57,1
train,target,DevNode2_ex228_63.wav,watching_tv,228,63,2
train,target,DevNode3_ex228_68.wav,watching_tv,228,68,3
train,target,DevNode4_ex228_73.wav,watching_tv,228,73,4
train,target,DevNode1_ex228_78.wav,watching_tv,228,78,1
train,target,DevNode2_ex228_83.wav,watching_tv,228,83,2
train,target,DevNode3_ex228_88.wav,watching_tv,228,88,3
train,target,DevNode4_ex228_93.wav,watching_tv,228,93,4
train,target,DevNode1_ex228_98.wav,watching_tv,228,98,1
train,target,DevNode2_ex228_104.wav,watching_tv,228,104,2
train,target,DevNode3_ex228_109.wav,watching_tv,228,109,3
train,target,DevNode4_ex228_114.wav,watching_tv,228,114,4
train,target,DevNode1_ex228_119.wav,watching_tv,228,119,1
train,target,DevNode2_ex228_124.wav,watching_tv,228,124,2
train,target,DevNode3_ex228_129.wav,watching_tv,228,129,3
train,target,DevNode4_ex228_134.wav,watching_tv,228,134,4
train,target,DevNode1_ex228_139.wav,watching_tv,228,139,1
train,target,DevNode2_ex228_145.wav,watching_tv,228,145,2
train,target,DevNode3_ex228_150.wav,watching_tv,228,150,3
train,target,DevNode4_ex228_155.wav,watching_tv,228,155,4
train,target,DevNode1_ex228_160.wav,watching_tv,228,160,1
train,target,DevNode2_ex228_165.wav,watching_tv,228,165,2
train,target,DevNode3_ex228_170.wav,watching_tv,228,170,3
train,target,DevNode4_ex228_175.wav,watching_tv,228,175,4
train,target,DevNode1_ex228_180.wav,watching_tv,228,180,1
train,target,DevNode2_ex228_186.wav,watching_tv,228,186,2
train,target,DevNode3_ex228_191.wav,watching_tv,228,191,3
train,target,DevNode4_ex228_196.wav,watching_tv,228,196,4
train,target,DevNode1_ex228_201.wav,watching_tv,228,201,1
train,target,DevNode2_ex228_206.wav,watching_tv,228,206,2
train,target,DevNode3_ex228_211.wav,watching_tv,228,211,3
train,target,DevNode4_ex228_216.wav,watching_tv,228,216,4
train,target,DevNode1_ex228_221.wav,watching_tv,228,221,1
train,target,DevNode2_ex228_227.wav,watching_tv,228,227,2
train,target,DevNode3_ex228_232.wav,watching_tv,228,232,3
train,target,DevNode4_ex228_237.wav,watching_tv,228,237,4
train,target,DevNode1_ex228_242.wav,watching_tv,228,242,1
train,target,DevNode2_ex228_247.wav,watching_tv,228,247,2
train,target,DevNode3_ex228_252.wav,watching_tv,228,252,3
train,target,DevNode4_ex228_257.wav,watching_tv,228,257,4
train,target,DevNode1_ex228_262.wav,watching_tv,228,262,1
train,target,DevNode2_ex228_268.wav,watching_tv,228,268,2
train,target,DevNode3_ex228_273.wav,watching_tv,228,273,3
train,target,DevNode4_ex228_278.wav,watching_tv,228,278,4
train,target,DevNode1_ex228_283.wav,watching_tv,228,283,1
train,target,DevNode2_ex228_288.wav,watching_tv,228,288,2
train,target,DevNode3_ex228_293.wav,watching_tv,228,293,3
train,target,DevNode4_ex228_298.wav,watching_tv,228,298,4
train,target,DevNode1_ex228_303.wav,watching_tv,228,303,1
train,target,DevNode2_ex228_309.wav,watching_tv,228,309,2
train,target,DevNode3_ex228_314.wav,watching_tv,228,314,3
train,target,DevNode4_ex228_319.wav,watching_tv,228,319,4
train,target,DevNode1_ex228_324.wav,watching_tv,228,324,1
train,target,DevNode2_ex228_329.wav,watching_tv,228,329,2
train,target,DevNode3_ex228_334.wav,watching_tv,228,334,3
train,target,DevNode4_ex228_339.wav,watching_tv,228,339,4
train,target,DevNode1_ex228_344.wav,watching_tv,228,344,1
train,target,DevNode2_ex228_350.wav,watching_tv,228,350,2
train,target,DevNode3_ex228_355.wav,watching_tv,228,355,3
train,target,DevNode4_ex228_360.wav,watching_tv,228,360,4
train,target,DevNode1_ex228_365.wav,watching_tv,228,365,1
train,target,DevNode2_ex228_370.wav,watching_tv,228,370,2
train,target,DevNode3_ex228_375.wav,watching_tv,228,375,3
train,target,DevNode4_ex228_380.wav,watching_tv,228,380,4
train,target,DevNode1_ex228_385.wav,watching_tv,228,385,1
train,target,DevNode2_ex230_2.wav,watching_tv,230,2,2
train,target,DevNode3_ex230_7.wav,watching_tv,230,7,3
train,target,DevNode4_ex230_12.wav,watching_tv,230,12,4
train,target,DevNode1_ex230_17.wav,watching_tv,230,17,1
train,target,DevNode2_ex230_22.wav,watching_tv,230,22,2
train,target,DevNode3_ex230_27.wav,watching_tv,230,27,3
train,target,DevNode4_ex230_32.wav,watching_tv,230,32,4
train,target,DevNode1_ex230_37.wav,watching_tv,230,37,1
train,target,DevNode2_ex230_43.wav,watching_tv,230,43,2
train,target,DevNode3_ex230_48.wav,watching_tv,230,48,3
train,target,DevNode4_ex230_53.wav,watching_tv,230,53,4
train,target,DevNode1_ex230_58.wav,watching_tv,230,58,1
train,target,DevNode2_ex230_63.wav,watching_tv,230,63,2
train,target,DevNode3_ex230_68.wav,watching_tv,230,68,3
train,target,DevNode4_ex230_73.wav,watching_tv,230,73,4
train,target,DevNode1_ex230_78.wav,watching_tv,230,78,1
train,target,DevNode2_ex230_84.wav,watching_tv,230,84,2
train,target,DevNode3_ex230_89.wav,watching_tv,230,89,3
train,target,DevNode4_ex230_94.wav,watching_tv,230,94,4
train,target,DevNode1_ex230_99.wav,watching_tv,230,99,1
train,target,DevNode2_ex230_104.wav,watching_tv,230,104,2
train,target,DevNode3_ex230_109.wav,watching_tv,230,109,3
train,target,DevNode4_ex230_114.wav,watching_tv,230,114,4
train,target,DevNode1_ex230_119.wav,watching_tv,230,119,1
train,target,DevNode2_ex230_125.wav,watching_tv,230,125,2
train,target,DevNode3_ex230_130.wav,watching_tv,230,130,3
train,target,DevNode4_ex230_135.wav,watching_tv,230,135,4
train,target,DevNode1_ex230_140.wav,watching_tv,230,140,1
train,target,DevNode2_ex230_145.wav,watching_tv,230,145,2
train,target,DevNode3_ex230_150.wav,watching_tv,230,150,3
train,target,DevNode4_ex230_155.wav,watching_tv,230,155,4
train,target,DevNode1_ex230_160.wav,watching_tv,230,160,1
train,target,DevNode2_ex230_166.wav,watching_tv,230,166,2
train,target,DevNode3_ex230_171.wav,watching_tv,230,171,3
train,target,DevNode4_ex230_176.wav,watching_tv,230,176,4
train,target,DevNode1_ex230_181.wav,watching_tv,230,181,1
train,target,DevNode2_ex230_186.wav,watching_tv,230,186,2
train,target,DevNode3_ex230_191.wav,watching_tv,230,191,3
train,target,DevNode4_ex230_196.wav,watching_tv,230,196,4
train,target,DevNode1_ex230_201.wav,watching_tv,230,201,1
train,target,DevNode2_ex230_207.wav,watching_tv,230,207,2
train,target,DevNode3_ex230_212.wav,watching_tv,230,212,3
train,target,DevNode4_ex230_217.wav,watching_tv,230,217,4
train,target,DevNode1_ex230_222.wav,watching_tv,230,222,1
train,target,DevNode2_ex230_227.wav,watching_tv,230,227,2
train,target,DevNode3_ex230_232.wav,watching_tv,230,232,3
train,target,DevNode4_ex230_237.wav,watching_tv,230,237,4
train,target,DevNode1_ex230_242.wav,watching_tv,230,242,1
train,target,DevNode2_ex230_248.wav,watching_tv,230,248,2
train,target,DevNode3_ex230_253.wav,watching_tv,230,253,3
train,target,DevNode4_ex230_258.wav,watching_tv,230,258,4
train,target,DevNode1_ex230_263.wav,watching_tv,230,263,1
train,target,DevNode2_ex230_268.wav,watching_tv,230,268,2
train,target,DevNode3_ex230_273.wav,watching_tv,230,273,3
train,target,DevNode4_ex230_278.wav,watching_tv,230,278,4
train,target,DevNode1_ex230_283.wav,watching_tv,230,283,1
train,target,DevNode2_ex230_289.wav,watching_tv,230,289,2
train,target,DevNode3_ex230_294.wav,watching_tv,230,294,3
train,target,DevNode4_ex230_299.wav,watching_tv,230,299,4
train,target,DevNode1_ex230_304.wav,watching_tv,230,304,1
train,target,DevNode2_ex230_309.wav,watching_tv,230,309,2
train,target,DevNode3_ex230_314.wav,watching_tv,230,314,3
train,target,DevNode4_ex230_319.wav,watching_tv,230,319,4
train,target,DevNode1_ex230_324.wav,watching_tv,230,324,1
train,target,DevNode2_ex230_330.wav,watching_tv,230,330,2
train,target,DevNode3_ex230_335.wav,watching_tv,230,335,3
train,target,DevNode4_ex230_340.wav,watching_tv,230,340,4
train,target,DevNode1_ex230_345.wav,watching_tv,230,345,1
train,target,DevNode2_ex230_350.wav,watching_tv,230,350,2
train,target,DevNode3_ex230_355.wav,watching_tv,230,355,3
train,target,DevNode4_ex230_360.wav,watching_tv,230,360,4
train,target,DevNode1_ex230_365.wav,watching_tv,230,365,1
train,target,DevNode2_ex230_371.wav,watching_tv,230,371,2
train,target,DevNode3_ex230_376.wav,watching_tv,230,376,3
train,target,DevNode4_ex230_381.wav,watching_tv,230,381,4
train,target,DevNode1_ex230_386.wav,watching_tv,230,386,1
train,target,DevNode2_ex230_391.wav,watching_tv,230,391,2
train,target,DevNode3_ex230_396.wav,watching_tv,230,396,3
train,target,DevNode4_ex230_401.wav,watching_tv,230,401,4
train,target,DevNode1_ex230_406.wav,watching_tv,230,406,1
train,target,DevNode2_ex230_412.wav,watching_tv,230,412,2
train,target,DevNode3_ex230_417.wav,watching_tv,230,417,3
train,target,DevNode4_ex230_422.wav,watching_tv,230,422,4
train,target,DevNode1_ex230_427.wav,watching_tv,230,427,1
train,target,DevNode2_ex230_432.wav,watching_tv,230,432,2
train,target,DevNode3_ex230_437.wav,watching_tv,230,437,3
train,target,DevNode4_ex230_442.wav,watching_tv,230,442,4
train,target,DevNode1_ex230_447.wav,watching_tv,230,447,1
train,target,DevNode2_ex230_452.wav,watching_tv,230,452,2
train,target,DevNode3_ex230_458.wav,watching_tv,230,458,3
train,target,DevNode4_ex230_463.wav,watching_tv,230,463,4
train,target,DevNode1_ex230_468.wav,watching_tv,230,468,1
train,target,DevNode2_ex230_473.wav,watching_tv,230,473,2
train,target,DevNode3_ex230_478.wav,watching_tv,230,478,3
train,target,DevNode4_ex230_483.wav,watching_tv,230,483,4
train,target,DevNode1_ex230_488.wav,watching_tv,230,488,1
train,target,DevNode2_ex230_493.wav,watching_tv,230,493,2
train,target,DevNode3_ex230_499.wav,watching_tv,230,499,3
train,target,DevNode4_ex230_504.wav,watching_tv,230,504,4
train,target,DevNode1_ex230_509.wav,watching_tv,230,509,1
train,target,DevNode2_ex230_514.wav,watching_tv,230,514,2
train,target,DevNode3_ex230_519.wav,watching_tv,230,519,3
train,target,DevNode4_ex230_524.wav,watching_tv,230,524,4
train,target,DevNode1_ex230_529.wav,watching_tv,230,529,1
train,target,DevNode2_ex230_534.wav,watching_tv,230,534,2
train,target,DevNode3_ex230_540.wav,watching_tv,230,540,3
train,target,DevNode4_ex230_545.wav,watching_tv,230,545,4
train,target,DevNode1_ex230_550.wav,watching_tv,230,550,1
train,target,DevNode2_ex230_555.wav,watching_tv,230,555,2
train,target,DevNode3_ex230_560.wav,watching_tv,230,560,3
train,target,DevNode4_ex230_565.wav,watching_tv,230,565,4
train,target,DevNode1_ex230_570.wav,watching_tv,230,570,1
train,target,DevNode2_ex230_575.wav,watching_tv,230,575,2
train,target,DevNode3_ex230_581.wav,watching_tv,230,581,3
train,target,DevNode4_ex230_586.wav,watching_tv,230,586,4
train,target,DevNode1_ex230_591.wav,watching_tv,230,591,1
train,target,DevNode2_ex230_596.wav,watching_tv,230,596,2
train,target,DevNode3_ex230_601.wav,watching_tv,230,601,3
train,target,DevNode4_ex230_606.wav,watching_tv,230,606,4
train,target,DevNode1_ex230_611.wav,watching_tv,230,611,1
train,target,DevNode2_ex230_616.wav,watching_tv,230,616,2
train,target,DevNode3_ex230_622.wav,watching_tv,230,622,3
train,target,DevNode4_ex230_627.wav,watching_tv,230,627,4
train,target,DevNode1_ex230_632.wav,watching_tv,230,632,1
train,target,DevNode2_ex230_637.wav,watching_tv,230,637,2
train,target,DevNode3_ex230_642.wav,watching_tv,230,642,3
train,target,DevNode4_ex230_647.wav,watching_tv,230,647,4
train,target,DevNode1_ex230_652.wav,watching_tv,230,652,1
train,target,DevNode2_ex230_657.wav,watching_tv,230,657,2
train,target,DevNode3_ex230_663.wav,watching_tv,230,663,3
train,target,DevNode4_ex230_668.wav,watching_tv,230,668,4
train,target,DevNode1_ex230_673.wav,watching_tv,230,673,1
train,target,DevNode2_ex230_678.wav,watching_tv,230,678,2
train,target,DevNode3_ex230_683.wav,watching_tv,230,683,3
train,target,DevNode4_ex230_688.wav,watching_tv,230,688,4
train,target,DevNode1_ex230_693.wav,watching_tv,230,693,1
train,target,DevNode2_ex230_698.wav,watching_tv,230,698,2
train,target,DevNode3_ex234_4.wav,watching_tv,234,4,3
train,target,DevNode4_ex234_9.wav,watching_tv,234,9,4
train,target,DevNode1_ex234_14.wav,watching_tv,234,14,1
train,target,DevNode2_ex234_19.wav,watching_tv,234,19,2
train,target,DevNode3_ex234_24.wav,watching_tv,234,24,3
train,target,DevNode4_ex234_29.wav,watching_tv,234,29,4
train,target,DevNode1_ex234_34.wav,watching_tv,234,34,1
train,target,DevNode2_ex234_39.wav,watching_tv,234,39,2
train,target,DevNode3_ex234_45.wav,watching_tv,234,45,3
train,target,DevNode4_ex234_50.wav,watching_tv,234,50,4
train,target,DevNode1_ex234_55.wav,watching_tv,234,55,1
train,target,DevNode2_ex234_60.wav,watching_tv,234,60,2
train,target,DevNode3_ex234_65.wav,watching_tv,234,65,3
train,target,DevNode4_ex234_70.wav,watching_tv,234,70,4
train,target,DevNode1_ex234_75.wav,watching_tv,234,75,1
train,target,DevNode2_ex234_80.wav,watching_tv,234,80,2
train,target,DevNode3_ex234_86.wav,watching_tv,234,86,3
train,target,DevNode4_ex234_91.wav,watching_tv,234,91,4
train,target,DevNode1_ex234_96.wav,watching_tv,234,96,1
train,target,DevNode2_ex234_101.wav,watching_tv,234,101,2
train,target,DevNode3_ex234_106.wav,watching_tv,234,106,3
train,target,DevNode4_ex234_111.wav,watching_tv,234,111,4
train,target,DevNode1_ex234_116.wav,watching_tv,234,116,1
train,target,DevNode2_ex234_121.wav,watching_tv,234,121,2
train,target,DevNode3_ex234_127.wav,watching_tv,234,127,3
train,target,DevNode4_ex234_132.wav,watching_tv,234,132,4
train,target,DevNode1_ex234_137.wav,watching_tv,234,137,1
train,target,DevNode2_ex234_142.wav,watching_tv,234,142,2
train,target,DevNode3_ex234_147.wav,watching_tv,234,147,3
train,target,DevNode4_ex234_152.wav,watching_tv,234,152,4
train,target,DevNode1_ex234_157.wav,watching_tv,234,157,1
train,target,DevNode2_ex234_162.wav,watching_tv,234,162,2
train,target,DevNode3_ex234_168.wav,watching_tv,234,168,3
train,target,DevNode4_ex234_173.wav,watching_tv,234,173,4
train,target,DevNode1_ex234_178.wav,watching_tv,234,178,1
train,target,DevNode2_ex234_183.wav,watching_tv,234,183,2
train,target,DevNode3_ex234_188.wav,watching_tv,234,188,3
train,target,DevNode4_ex234_193.wav,watching_tv,234,193,4
train,target,DevNode1_ex234_198.wav,watching_tv,234,198,1
train,target,DevNode2_ex234_203.wav,watching_tv,234,203,2
train,target,DevNode3_ex234_209.wav,watching_tv,234,209,3
train,target,DevNode4_ex234_214.wav,watching_tv,234,214,4
train,target,DevNode1_ex234_219.wav,watching_tv,234,219,1
train,target,DevNode2_ex234_224.wav,watching_tv,234,224,2
train,target,DevNode3_ex234_229.wav,watching_tv,234,229,3
train,target,DevNode4_ex234_234.wav,watching_tv,234,234,4
train,target,DevNode1_ex234_239.wav,watching_tv,234,239,1
train,target,DevNode2_ex234_244.wav,watching_tv,234,244,2
train,target,DevNode3_ex234_250.wav,watching_tv,234,250,3
train,target,DevNode4_ex234_255.wav,watching_tv,234,255,4
train,target,DevNode1_ex234_260.wav,watching_tv,234,260,1
train,target,DevNode2_ex234_265.wav,watching_tv,234,265,2
train,target,DevNode3_ex234_270.wav,watching_tv,234,270,3
train,target,DevNode4_ex234_275.wav,watching_tv,234,275,4
train,target,DevNode1_ex234_280.wav,watching_tv,234,280,1
train,target,DevNode2_ex234_285.wav,watching_tv,234,285,2
train,target,DevNode3_ex234_291.wav,watching_tv,234,291,3
train,target,DevNode4_ex234_296.wav,watching_tv,234,296,4
train,target,DevNode1_ex234_301.wav,watching_tv,234,301,1
train,target,DevNode2_ex234_306.wav,watching_tv,234,306,2
train,target,DevNode3_ex234_311.wav,watching_tv,234,311,3
train,target,DevNode4_ex234_316.wav,watching_tv,234,316,4
train,target,DevNode1_ex234_321.wav,watching_tv,234,321,1
train,target,DevNode2_ex234_326.wav,watching_tv,234,326,2
train,target,DevNode3_ex234_332.wav,watching_tv,234,332,3
train,target,DevNode4_ex234_337.wav,watching_tv,234,337,4
train,target,DevNode1_ex234_342.wav,watching_tv,234,342,1
train,target,DevNode2_ex234_347.wav,watching_tv,234,347,2
train,target,DevNode3_ex234_352.wav,watching_tv,234,352,3
train,target,DevNode4_ex234_357.wav,watching_tv,234,357,4
train,target,DevNode1_ex234_362.wav,watching_tv,234,362,1
train,target,DevNode2_ex234_367.wav,watching_tv,234,367,2
train,target,DevNode3_ex234_373.wav,watching_tv,234,373,3
train,target,DevNode4_ex234_378.wav,watching_tv,234,378,4
train,target,DevNode1_ex234_383.wav,watching_tv,234,383,1
train,target,DevNode2_ex234_388.wav,watching_tv,234,388,2
train,target,DevNode3_ex234_393.wav,watching_tv,234,393,3
train,target,DevNode4_ex234_398.wav,watching_tv,234,398,4
train,target,DevNode1_ex234_403.wav,watching_tv,234,403,1
train,target,DevNode2_ex234_408.wav,watching_tv,234,408,2
train,target,DevNode3_ex234_414.wav,watching_tv,234,414,3
train,target,DevNode4_ex234_419.wav,watching_tv,234,419,4
train,target,DevNode1_ex234_424.wav,watching_tv,234,424,1
train,target,DevNode2_ex234_429.wav,watching_tv,234,429,2
train,target,DevNode3_ex234_434.wav,watching_tv,234,434,3
train,target,DevNode4_ex234_439.wav,watching_tv,234,439,4
train,target,DevNode1_ex234_444.wav,watching_tv,234,444,1
train,target,DevNode2_ex234_449.wav,watching_tv,234,449,2
train,target,DevNode3_ex234_455.wav,watching_tv,234,455,3
train,target,DevNode4_ex234_460.wav,watching_tv,234,460,4
train,target,DevNode1_ex234_465.wav,watching_tv,234,465,1
train,target,DevNode2_ex234_470.wav,watching_tv,234,470,2
train,target,DevNode3_ex234_475.wav,watching_tv,234,475,3
train,target,DevNode4_ex234_480.wav,watching_tv,234,480,4
train,target,DevNode1_ex234_485.wav,watching_tv,234,485,1
train,target,DevNode2_ex234_490.wav,watching_tv,234,490,2
train,target,DevNode3_ex234_496.wav,watching_tv,234,496,3
train,target,DevNode4_ex234_501.wav,watching_tv,234,501,4
train,target,DevNode1_ex234_506.wav,watching_tv,234,506,1
train,target,DevNode2_ex234_511.wav,watching_tv,234,511,2
train,target,DevNode3_ex234_516.wav,watching_tv,234,516,3
train,target,DevNode4_ex234_521.wav,watching_tv,234,521,4
train,target,DevNode1_ex234_526.wav,watching_tv,234,526,1
train,target,DevNode2_ex234_531.wav,watching_tv,234,531,2
train,target,DevNode3_ex234_537.wav,watching_tv,234,537,3
train,target,DevNode4_ex234_542.wav,watching_tv,234,542,4
train,target,DevNode1_ex234_547.wav,watching_tv,234,547,1
train,target,DevNode2_ex234_552.wav,watching_tv,234,552,2
train,target,DevNode3_ex234_557.wav,watching_tv,234,557,3
train,target,DevNode4_ex234_562.wav,watching_tv,234,562,4
train,target,DevNode1_ex234_567.wav,watching_tv,234,567,1
train,target,DevNode2_ex234_572.wav,watching_tv,234,572,2
train,target,DevNode3_ex234_578.wav,watching_tv,234,578,3
train,target,DevNode4_ex234_583.wav,watching_tv,234,583,4
train,target,DevNode1_ex234_588.wav,watching_tv,234,588,1
train,target,DevNode2_ex234_593.wav,watching_tv,234,593,2
train,target,DevNode3_ex234_598.wav,watching_tv,234,598,3
train,target,DevNode4_ex234_603.wav,watching_tv,234,603,4
train,target,DevNode1_ex234_608.wav,watching_tv,234,608,1
train,target,DevNode2_ex234_613.wav,watching_tv,234,613,2
train,target,DevNode3_ex234_619.wav,watching_tv,234,619,3
train,target,DevNode4_ex234_624.wav,watching_tv,234,624,4
train,target,DevNode1_ex234_629.wav,watching_tv,234,629,1
train,target,DevNode2_ex234_634.wav,watching_tv,234,634,2
train,target,DevNode3_ex234_639.wav,watching_tv,234,639,3
train,target,DevNode4_ex234_644.wav,watching_tv,234,644,4
train,target,DevNode1_ex234_649.wav,watching_tv,234,649,1
train,target,DevNode2_ex234_654.wav,watching_tv,234,654,2
train,target,DevNode3_ex234_660.wav,watching_tv,234,660,3
train,target,DevNode4_ex234_665.wav,watching_tv,234,665,4
train,target,DevNode1_ex234_670.wav,watching_tv,234,670,1
train,target,DevNode2_ex234_675.wav,watching_tv,234,675,2
train,target,DevNode3_ex234_680.wav,watching_tv,234,680,3
train,target,DevNode4_ex234_685.wav,watching_tv,234,685,4
train,target,DevNode1_ex234_690.wav,watching_tv,234,690,1
train,target,DevNode2_ex234_695.wav,watching_tv,234,695,2
train,target,DevNode3_ex234_701.wav,watching_tv,234,701,3
train,target,DevNode4_ex234_706.wav,watching_tv,234,706,4
train,target,DevNode1_ex234_711.wav,watching_tv,234,711,1
train,target,DevNode2_ex234_716.wav,watching_tv,234,716,2
train,target,DevNode3_ex234_721.wav,watching_tv,234,721,3
train,target,DevNode4_ex234_726.wav,watching_tv,234,726,4
train,target,DevNode1_ex234_731.wav,watching_tv,234,731,1
train,target,DevNode2_ex234_736.wav,watching_tv,234,736,2
train,target,DevNode3_ex234_742.wav,watching_tv,234,742,3
train,target,DevNode4_ex234_747.wav,watching_tv,234,747,4
train,target,DevNode1_ex234_752.wav,watching_tv,234,752,1
train,target,DevNode2_ex234_757.wav,watching_tv,234,757,2
train,target,DevNode3_ex234_762.wav,watching_tv,234,762,3
train,target,DevNode4_ex234_767.wav,watching_tv,234,767,4
train,target,DevNode1_ex234_772.wav,watching_tv,234,772,1
train,target,DevNode2_ex234_777.wav,watching_tv,234,777,2
train,target,DevNode3_ex234_783.wav,watching_tv,234,783,3
train,target,DevNode4_ex234_788.wav,watching_tv,234,788,4
train,target,DevNode1_ex234_793.wav,watching_tv,234,793,1
train,target,DevNode2_ex234_798.wav,watching_tv,234,798,2
train,target,DevNode3_ex234_803.wav,watching_tv,234,803,3
train,target,DevNode4_ex234_808.wav,watching_tv,234,808,4
train,target,DevNode1_ex234_813.wav,watching_tv,234,813,1
train,target,DevNode2_ex234_818.wav,watching_tv,234,818,2
train,target,DevNode3_ex234_824.wav,watching_tv,234,824,3
train,target,DevNode4_ex234_829.wav,watching_tv,234,829,4
train,target,DevNode1_ex235_2.wav,watching_tv,235,2,1
train,target,DevNode2_ex235_7.wav,watching_tv,235,7,2
train,target,DevNode3_ex235_12.wav,watching_tv,235,12,3
train,target,DevNode4_ex235_17.wav,watching_tv,235,17,4
train,target,DevNode1_ex235_22.wav,watching_tv,235,22,1
train,target,DevNode2_ex235_27.wav,watching_tv,235,27,2
train,target,DevNode3_ex235_33.wav,watching_tv,235,33,3
train,target,DevNode4_ex235_38.wav,watching_tv,235,38,4
train,target,DevNode1_ex235_43.wav,watching_tv,235,43,1
train,target,DevNode2_ex235_48.wav,watching_tv,235,48,2
train,target,DevNode3_ex235_53.wav,watching_tv,235,53,3
train,target,DevNode4_ex235_58.wav,watching_tv,235,58,4
train,target,DevNode1_ex235_63.wav,watching_tv,235,63,1
train,target,DevNode2_ex235_68.wav,watching_tv,235,68,2
train,target,DevNode3_ex235_74.wav,watching_tv,235,74,3
train,target,DevNode4_ex235_79.wav,watching_tv,235,79,4
train,target,DevNode1_ex235_84.wav,watching_tv,235,84,1
train,target,DevNode2_ex235_89.wav,watching_tv,235,89,2
train,target,DevNode3_ex235_94.wav,watching_tv,235,94,3
train,target,DevNode4_ex235_99.wav,watching_tv,235,99,4
train,target,DevNode1_ex235_104.wav,watching_tv,235,104,1
train,target,DevNode2_ex235_109.wav,watching_tv,235,109,2
train,target,DevNode3_ex235_115.wav,watching_tv,235,115,3
train,target,DevNode4_ex235_120.wav,watching_tv,235,120,4
train,target,DevNode1_ex235_125.wav,watching_tv,235,125,1
train,target,DevNode2_ex235_130.wav,watching_tv,235,130,2
train,target,DevNode3_ex235_135.wav,watching_tv,235,135,3
train,target,DevNode4_ex235_140.wav,watching_tv,235,140,4
train,target,DevNode1_ex235_145.wav,watching_tv,235,145,1
train,target,DevNode2_ex235_150.wav,watching_tv,235,150,2
train,target,DevNode3_ex235_156.wav,watching_tv,235,156,3
train,target,DevNode4_ex235_161.wav,watching_tv,235,161,4
train,target,DevNode1_ex235_166.wav,watching_tv,235,166,1
train,target,DevNode2_ex235_171.wav,watching_tv,235,171,2
train,target,DevNode3_ex235_176.wav,watching_tv,235,176,3
train,target,DevNode4_ex235_181.wav,watching_tv,235,181,4
train,target,DevNode1_ex235_186.wav,watching_tv,235,186,1
train,target,DevNode2_ex235_191.wav,watching_tv,235,191,2
train,target,DevNode3_ex235_197.wav,watching_tv,235,197,3
train,target,DevNode4_ex235_202.wav,watching_tv,235,202,4
train,target,DevNode1_ex235_207.wav,watching_tv,235,207,1
train,target,DevNode2_ex235_212.wav,watching_tv,235,212,2
train,target,DevNode3_ex235_217.wav,watching_tv,235,217,3
train,target,DevNode4_ex235_222.wav,watching_tv,235,222,4
train,target,DevNode1_ex235_227.wav,watching_tv,235,227,1
train,target,DevNode2_ex235_232.wav,watching_tv,235,232,2
train,target,DevNode3_ex235_238.wav,watching_tv,235,238,3
train,target,DevNode4_ex235_243.wav,watching_tv,235,243,4
train,target,DevNode1_ex235_248.wav,watching_tv,235,248,1
train,target,DevNode2_ex235_253.wav,watching_tv,235,253,2
train,target,DevNode3_ex235_258.wav,watching_tv,235,258,3
train,target,DevNode4_ex235_263.wav,watching_tv,235,263,4
train,target,DevNode1_ex235_268.wav,watching_tv,235,268,1
train,target,DevNode2_ex235_273.wav,watching_tv,235,273,2
train,target,DevNode3_ex235_279.wav,watching_tv,235,279,3
train,target,DevNode4_ex235_284.wav,watching_tv,235,284,4
train,target,DevNode1_ex235_289.wav,watching_tv,235,289,1
train,target,DevNode2_ex235_294.wav,watching_tv,235,294,2
train,target,DevNode3_ex235_299.wav,watching_tv,235,299,3
train,target,DevNode4_ex235_304.wav,watching_tv,235,304,4
train,target,DevNode1_ex235_309.wav,watching_tv,235,309,1
train,target,DevNode2_ex235_314.wav,watching_tv,235,314,2
train,target,DevNode3_ex235_320.wav,watching_tv,235,320,3
train,target,DevNode4_ex235_325.wav,watching_tv,235,325,4
train,target,DevNode1_ex235_330.wav,watching_tv,235,330,1
train,target,DevNode2_ex235_335.wav,watching_tv,235,335,2
train,target,DevNode3_ex235_340.wav,watching_tv,235,340,3
train,target,DevNode4_ex235_345.wav,watching_tv,235,345,4
train,target,DevNode1_ex235_350.wav,watching_tv,235,350,1
train,target,DevNode2_ex235_355.wav,watching_tv,235,355,2
train,target,DevNode3_ex235_361.wav,watching_tv,235,361,3
train,target,DevNode4_ex235_366.wav,watching_tv,235,366,4
train,target,DevNode1_ex235_371.wav,watching_tv,235,371,1
train,target,DevNode2_ex235_376.wav,watching_tv,235,376,2
train,target,DevNode3_ex235_381.wav,watching_tv,235,381,3
train,target,DevNode4_ex235_386.wav,watching_tv,235,386,4
train,target,DevNode1_ex235_391.wav,watching_tv,235,391,1
train,target,DevNode2_ex235_396.wav,watching_tv,235,396,2
train,target,DevNode3_ex235_402.wav,watching_tv,235,402,3
train,target,DevNode4_ex235_407.wav,watching_tv,235,407,4
train,target,DevNode1_ex235_412.wav,watching_tv,235,412,1
train,target,DevNode2_ex235_417.wav,watching_tv,235,417,2
train,target,DevNode3_ex235_422.wav,watching_tv,235,422,3
train,target,DevNode4_ex235_427.wav,watching_tv,235,427,4
train,target,DevNode1_ex235_432.wav,watching_tv,235,432,1
train,target,DevNode2_ex235_437.wav,watching_tv,235,437,2
train,target,DevNode3_ex235_443.wav,watching_tv,235,443,3
train,target,DevNode4_ex235_448.wav,watching_tv,235,448,4
train,target,DevNode1_ex235_453.wav,watching_tv,235,453,1
train,target,DevNode2_ex235_458.wav,watching_tv,235,458,2
train,target,DevNode3_ex235_463.wav,watching_tv,235,463,3
train,target,DevNode4_ex235_468.wav,watching_tv,235,468,4
train,target,DevNode1_ex235_473.wav,watching_tv,235,473,1
train,target,DevNode2_ex235_478.wav,watching_tv,235,478,2
train,target,DevNode3_ex235_484.wav,watching_tv,235,484,3
train,target,DevNode4_ex235_489.wav,watching_tv,235,489,4
train,target,DevNode1_ex235_494.wav,watching_tv,235,494,1
train,target,DevNode2_ex235_499.wav,watching_tv,235,499,2
train,target,DevNode3_ex235_504.wav,watching_tv,235,504,3
train,target,DevNode4_ex235_509.wav,watching_tv,235,509,4
train,target,DevNode1_ex235_514.wav,watching_tv,235,514,1
train,target,DevNode2_ex235_519.wav,watching_tv,235,519,2
train,target,DevNode3_ex235_525.wav,watching_tv,235,525,3
train,target,DevNode4_ex235_530.wav,watching_tv,235,530,4
train,target,DevNode1_ex235_535.wav,watching_tv,235,535,1
train,target,DevNode2_ex235_540.wav,watching_tv,235,540,2
train,target,DevNode3_ex235_545.wav,watching_tv,235,545,3
train,target,DevNode4_ex235_550.wav,watching_tv,235,550,4
train,target,DevNode1_ex235_555.wav,watching_tv,235,555,1
train,target,DevNode2_ex235_560.wav,watching_tv,235,560,2
val,target,DevNode1_ex229_1.wav,watching_tv,229,1,1
val,target,DevNode2_ex229_3.wav,watching_tv,229,3,2
val,target,DevNode3_ex229_6.wav,watching_tv,229,6,3
val,target,DevNode4_ex229_9.wav,watching_tv,229,9,4
val,target,DevNode1_ex229_12.wav,watching_tv,229,12,1
val,target,DevNode2_ex229_15.wav,watching_tv,229,15,2
val,target,DevNode3_ex229_18.wav,watching_tv,229,18,3
val,target,DevNode4_ex229_21.wav,watching_tv,229,21,4
val,target,DevNode1_ex229_24.wav,watching_tv,229,24,1
val,target,DevNode2_ex229_27.wav,watching_tv,229,27,2
val,target,DevNode3_ex229_30.wav,watching_tv,229,30,3
val,target,DevNode4_ex229_32.wav,watching_tv,229,32,4
val,target,DevNode1_ex229_35.wav,watching_tv,229,35,1
val,target,DevNode2_ex229_38.wav,watching_tv,229,38,2
val,target,DevNode3_ex229_41.wav,watching_tv,229,41,3
val,target,DevNode4_ex229_44.wav,watching_tv,229,44,4
val,target,DevNode1_ex229_47.wav,watching_tv,229,47,1
val,target,DevNode2_ex229_50.wav,watching_tv,229,50,2
val,target,DevNode3_ex229_53.wav,watching_tv,229,53,3
val,target,DevNode4_ex229_56.wav,watching_tv,229,56,4
val,target,DevNode1_ex229_59.wav,watching_tv,229,59,1
val,target,DevNode2_ex229_61.wav,watching_tv,229,61,2
val,target,DevNode3_ex229_64.wav,watching_tv,229,64,3
val,target,DevNode4_ex229_67.wav,watching_tv,229,67,4
val,target,DevNode1_ex229_70.wav,watching_tv,229,70,1
val,target,DevNode2_ex229_73.wav,watching_tv,229,73,2
val,target,DevNode3_ex229_76.wav,watching_tv,229,76,3
val,target,DevNode4_ex229_79.wav,watching_tv,229,79,4
val,target,DevNode1_ex229_82.wav,watching_tv,229,82,1
val,target,DevNode2_ex229_85.wav,watching_tv,229,85,2
val,target,DevNode3_ex229_88.wav,watching_tv,229,88,3
val,target,DevNode4_ex229_91.wav,watching_tv,229,91,4
val,target,DevNode1_ex229_93.wav,watching_tv,229,93,1
val,target,DevNode2_ex229_96.wav,watching_tv,229,96,2
val,target,DevNode3_ex229_99.wav,watching_tv,229,99,3
val,target,DevNode4_ex229_102.wav,watching_tv,229,102,4
val,target,DevNode1_ex229_105.wav,watching_tv,229,105,1
val,target,DevNode2_ex229_108.wav,watching_tv,229,108,2
val,target,DevNode3_ex229_111.wav,watching_tv,229,111,3
val,target,DevNode4_ex229_114.wav,watching_tv,229,114,4
val,target,DevNode1_ex229_117.wav,watching_tv,229,117,1
val,target,DevNode2_ex229_120.wav,watching_tv,229,120,2
val,target,DevNode3_ex229_122.wav,watching_tv,229,122,3
val,target,DevNode4_ex229_125.wav,watching_tv,229,125,4
val,target,DevNode1_ex229_128.wav,watching_tv,229,128,1
val,target,DevNode2_ex229_131.wav,watching_tv,229,131,2
val,target,DevNode3_ex229_134.wav,watching_tv,229,134,3
val,target,DevNode4_ex229_137.wav,watching_tv,229,137,4
val,target,DevNode1_ex229_140.wav,watching_tv,229,140,1
val,target,DevNode2_ex229_143.wav,watching_tv,229,143,2
val,target,DevNode3_ex229_146.wav,watching_tv,229,146,3
val,target,DevNode4_ex229_149.wav,watching_tv,229,149,4
val,target,DevNode1_ex229_151.wav,watching_tv,229,151,1
val,target,DevNode2_ex229_154.wav,watching_tv,229,154,2
val,target,DevNode3_ex229_157.wav,watching_tv,229,157,3
val,target,DevNode4_ex229_160.wav,watching_tv,229,160,4
val,target,DevNode1_ex229_163.wav,watching_tv,229,163,1
val,target,DevNode2_ex229_166.wav,watching_tv,229,166,2
val,target,DevNode3_ex229_169.wav,watching_tv,229,169,3
val,target,DevNode4_ex229_172.wav,watching_tv,229,172,4
val,target,DevNode1_ex229_175.wav,watching_tv,229,175,1
val,target,DevNode2_ex229_178.wav,watching_tv,229,178,2
val,target,DevNode3_ex229_181.wav,watching_tv,229,181,3
val,target,DevNode4_ex229_183.wav,watching_tv,229,183,4
val,target,DevNode1_ex229_186.wav,watching_tv,229,186,1
val,target,DevNode2_ex229_189.wav,watching_tv,229,189,2
val,target,DevNode3_ex229_192.wav,watching_tv,229,192,3
val,target,DevNode4_ex229_195.wav,watching_tv,229,195,4
val,target,DevNode1_ex229_198.wav,watching_tv,229,198,1
val,target,DevNode2_ex229_201.wav,watching_tv,229,201,2
val,target,DevNode3_ex229_204.wav,watching_tv,229,204,3
val,target,DevNode4_ex229_207.wav,watching_tv,229,207,4
val,target,DevNode1_ex229_210.wav,watching_tv,229,210,1
val,target,DevNode2_ex229_212.wav,watching_tv,229,212,2
val,target,DevNode3_ex229_215.wav,watching_tv,229,215,3
val,target,DevNode4_ex229_218.wav,watching_tv,229,218,4
val,target,DevNode1_ex229_221.wav,watching_tv,229,221,1
val,target,DevNode2_ex229_224.wav,watching_tv,229,224,2
val,target,DevNode3_ex229_227.wav,watching_tv,229,227,3
val,target,DevNode4_ex229_230.wav,watching_tv,229,230,4
val,target,DevNode1_ex229_233.wav,watching_tv,229,233,1
val,target,DevNode2_ex229_236.wav,watching_tv,229,236,2
val,target,DevNode3_ex229_239.wav,watching_tv,229,239,3
val,target,DevNode4_ex229_241.wav,watching_tv,229,241,4
val,target,DevNode1_ex229_244.wav,watching_tv,229,244,1
val,target,DevNode2_ex229_247.wav,watching_tv,229,247,2
val,target,DevNode3_ex229_250.wav,watching_tv,229,250,3
val,target,DevNode4_ex229_253.wav,watching_tv,229,253,4
val,target,DevNode1_ex229_256.wav,watching_tv,229,256,1
val,target,DevNode2_ex229_259.wav,watching_tv,229,259,2
val,target,DevNode3_ex229_262.wav,watching_tv,229,262,3
val,target,DevNode4_ex229_265.wav,watching_tv,229,265,4
val,target,DevNode1_ex229_268.wav,watching_tv,229,268,1
val,target,DevNode2_ex229_271.wav,watching_tv,229,271,2
val,target,DevNode3_ex229_273.wav,watching_tv,229,273,3
val,target,DevNode4_ex229_276.wav,watching_tv,229,276,4
val,target,DevNode1_ex229_279.wav,watching_tv,229,279,1
val,target,DevNode2_ex229_282.wav,watching_tv,229,282,2
val,target,DevNode3_ex229_285.wav,watching_tv,229,285,3
val,target,DevNode4_ex229_288.wav,watching_tv,229,288,4
val,target,DevNode1_ex229_291.wav,watching_tv,229,291,1
val,target,DevNode2_ex229_294.wav,watching_tv,229,294,2
val,target,DevNode3_ex229_297.wav,watching_tv,229,297,3
val,target,DevNode4_ex229_300.wav,watching_tv,229,300,4
val,target,DevNode1_ex229_302.wav,watching_tv,229,302,1
val,target,DevNode2_ex229_305.wav,watching_tv,229,305,2
val,target,DevNode3_ex229_308.wav,watching_tv,229,308,3
val,target,DevNode4_ex229_311.wav,watching_tv,229,311,4
val,target,DevNode1_ex229_314.wav,watching_tv,229,314,1
val,target,DevNode2_ex229_317.wav,watching_tv,229,317,2
val,target,DevNode3_ex229_320.wav,watching_tv,229,320,3
val,target,DevNode4_ex229_323.wav,watching_tv,229,323,4
val,target,DevNode1_ex229_326.wav,watching_tv,229,326,1
val,target,DevNode2_ex229_329.wav,watching_tv,229,329,2
val,target,DevNode3_ex229_332.wav,watching_tv,229,332,3
val,target,DevNode4_ex229_334.wav,watching_tv,229,334,4
val,target,DevNode1_ex229_337.wav,watching_tv,229,337,1
val,target,DevNode2_ex229_340.wav,watching_tv,229,340,2
val,target,DevNode3_ex229_343.wav,watching_tv,229,343,3
val,target,DevNode4_ex229_346.wav,watching_tv,229,346,4
val,target,DevNode1_ex229_349.wav,watching_tv,229,349,1
val,target,DevNode2_ex229_352.wav,watching_tv,229,352,2
val,target,DevNode3_ex229_355.wav,watching_tv,229,355,3
val,target,DevNode4_ex229_358.wav,watching_tv,229,358,4
val,target,DevNode1_ex229_361.wav,watching_tv,229,361,1
val,target,DevNode2_ex229_363.wav,watching_tv,229,363,2
val,target,DevNode3_ex229_366.wav,watching_tv,229,366,3
val,target,DevNode4_ex229_369.wav,watching_tv,229,369,4
val,target,DevNode1_ex229_372.wav,watching_tv,229,372,1
val,target,DevNode2_ex229_375.wav,watching_tv,229,375,2
val,target,DevNode3_ex229_378.wav,watching_tv,229,378,3
val,target,DevNode4_ex229_381.wav,watching_tv,229,381,4
val,target,DevNode1_ex229_384.wav,watching_tv,229,384,1
val,target,DevNode2_ex229_387.wav,watching_tv,229,387,2
val,target,DevNode3_ex229_390.wav,watching_tv,229,390,3
val,target,DevNode4_ex229_392.wav,watching_tv,229,392,4
val,target,DevNode1_ex229_395.wav,watching_tv,229,395,1
val,target,DevNode2_ex229_398.wav,watching_tv,229,398,2
val,target,DevNode3_ex229_401.wav,watching_tv,229,401,3
val,target,DevNode4_ex229_404.wav,watching_tv,229,404,4
val,target,DevNode1_ex229_407.wav,watching_tv,229,407,1
val,target,DevNode2_ex229_410.wav,watching_tv,229,410,2
val,target,DevNode3_ex229_413.wav,watching_tv,229,413,3
val,target,DevNode4_ex229_416.wav,watching_tv,229,416,4
val,target,DevNode1_ex229_419.wav,watching_tv,229,419,1
val,target,DevNode2_ex229_422.wav,watching_tv,229,422,2
val,target,DevNode3_ex229_424.wav,watching_tv,229,424,3
val,target,DevNode4_ex229_427.wav,watching_tv,229,427,4
val,target,DevNode1_ex229_430.wav,watching_tv,229,430,1
val,target,DevNode2_ex229_433.wav,watching_tv,229,433,2
val,target,DevNode3_ex233_1.wav,watching_tv,233,1,3
val,target,DevNode4_ex233_4.wav,watching_tv,233,4,4
val,target,DevNode1_ex233_7.wav,watching_tv,233,7,1
val,target,DevNode2_ex233_10.wav,watching_tv,233,10,2
val,target,DevNode3_ex233_13.wav,watching_tv,233,13,3
val,target,DevNode4_ex233_16.wav,watching_tv,233,16,4
val,target,DevNode1_ex233_18.wav,watching_tv,233,18,1
val,target,DevNode2_ex233_21.wav,watching_tv,233,21,2
val,target,DevNode3_ex233_24.wav,watching_tv,233,24,3
val,target,DevNode4_ex233_27.wav,watching_tv,233,27,4
val,target,DevNode1_ex233_30.wav,watching_tv,233,30,1
val,target,DevNode2_ex233_33.wav,watching_tv,233,33,2
val,target,DevNode3_ex233_36.wav,watching_tv,233,36,3
val,target,DevNode4_ex233_39.wav,watching_tv,233,39,4
val,target,DevNode1_ex233_42.wav,watching_tv,233,42,1
val,target,DevNode2_ex233_45.wav,watching_tv,233,45,2
val,target,DevNode3_ex233_47.wav,watching_tv,233,47,3
val,target,DevNode4_ex233_50.wav,watching_tv,233,50,4
val,target,DevNode1_ex233_53.wav,watching_tv,233,53,1
val,target,DevNode2_ex233_56.wav,watching_tv,233,56,2
val,target,DevNode3_ex233_59.wav,watching_tv,233,59,3
val,target,DevNode4_ex233_62.wav,watching_tv,233,62,4
val,target,DevNode1_ex233_65.wav,watching_tv,233,65,1
val,target,DevNode2_ex233_68.wav,watching_tv,233,68,2
val,target,DevNode3_ex233_71.wav,watching_tv,233,71,3
val,target,DevNode4_ex233_74.wav,watching_tv,233,74,4
val,target,DevNode1_ex233_77.wav,watching_tv,233,77,1
val,target,DevNode2_ex233_79.wav,watching_tv,233,79,2
val,target,DevNode3_ex233_82.wav,watching_tv,233,82,3
val,target,DevNode4_ex233_85.wav,watching_tv,233,85,4
val,target,DevNode1_ex233_88.wav,watching_tv,233,88,1
val,target,DevNode2_ex233_91.wav,watching_tv,233,91,2
val,target,DevNode3_ex233_94.wav,watching_tv,233,94,3
val,target,DevNode4_ex233_97.wav,watching_tv,233,97,4
val,target,DevNode1_ex233_100.wav,watching_tv,233,100,1
val,target,DevNode2_ex233_103.wav,watching_tv,233,103,2
val,target,DevNode3_ex233_106.wav,watching_tv,233,106,3
val,target,DevNode4_ex233_108.wav,watching_tv,233,108,4
val,target,DevNode1_ex233_111.wav,watching_tv,233,111,1
val,target,DevNode2_ex233_114.wav,watching_tv,233,114,2
val,target,DevNode3_ex233_117.wav,watching_tv,233,117,3
val,target,DevNode4_ex233_120.wav,watching_tv,233,120,4
val,target,DevNode1_ex233_123.wav,watching_tv,233,123,1
val,target,DevNode2_ex233_126.wav,watching_tv,233,126,2
val,target,DevNode3_ex233_129.wav,watching_tv,233,129,3
val,target,DevNode4_ex233_132.wav,watching_tv,233,132,4
val,target,DevNode1_ex233_135.wav,watching_tv,233,135,1
val,target,DevNode2_ex233_138.wav,watching_tv,233,138,2
val,target,DevNode3_ex233_140.wav,watching_tv,233,140,3
val,target,DevNode4_ex233_143.wav,watching_tv,233,143,4
val,target,DevNode1_ex233_146.wav,watching_tv,233,146,1
val,target,DevNode2_ex233_149.wav,watching_tv,233,149,2
val,target,DevNode3_ex233_152.wav,watching_tv,233,152,3
val,target,DevNode4_ex233_155.wav,watching_tv,233,155,4
val,target,DevNode1_ex233_158.wav,watching_tv,233,158,1
val,target,DevNode2_ex233_161.wav,watching_tv,233,161,2
val,target,DevNode3_ex233_164.wav,watching_tv,233,164,3
val,target,DevNode4_ex233_167.wav,watching_tv,233,167,4
val,target,DevNode1_ex233_169.wav,watching_tv,233,169,1
val,target,DevNode2_ex233_172.wav,watching_tv,233,172,2
val,target,DevNode3_ex233_175.wav,watching_tv,233,175,3
val,target,DevNode4_ex233_178.wav,watching_tv,233,178,4
val,target,DevNode1_ex233_181.wav,watching_tv,233,181,1
val,target,DevNode2_ex233_184.wav,watching_tv,233,184,2
val,target,DevNode3_ex233_187.wav,watching_tv,233,187,3
val,target,DevNode4_ex233_190.wav,watching_tv,233,190,4
val,target,DevNode1_ex233_193.wav,watching_tv,233,193,1
val,target,DevNode2_ex233_196.wav,watching_tv,233,196,2
val,target,DevNode3_ex233_198.wav,watching_tv,233,198,3
val,target,DevNode4_ex233_201.wav,watching_tv,233,201,4
val,target,DevNode1_ex233_204.wav,watching_tv,233,204,1
val,target,DevNode2_ex233_207.wav,watching_tv,233,207,2
val,target,DevNode3_ex233_210.wav,watching_tv,233,210,3
val,target,DevNode4_ex233_213.wav,watching_tv,233,213,4
val,target,DevNode1_ex233_216.wav,watching_tv,233,216,1
val,target,DevNode2_ex233_219.wav,watching_tv,233,219,2
val,target,DevNode3_ex233_222.wav,watching_tv,233,222,3
val,target,DevNode4_ex233_225.wav,watching_tv,233,225,4
val,target,DevNode1_ex233_228.wav,watching_tv,233,228,1
val,target,DevNode2_ex233_230.wav,watching_tv,233,230,2
val,target,DevNode3_ex233_233.wav,watching_tv,233,233,3
val,target,DevNode4_ex233_236.wav,watching_tv,233,236,4
val,target,DevNode1_ex233_239.wav,watching_tv,233,239,1
val,target,DevNode2_ex233_242.wav,watching_tv,233,242,2
val,target,DevNode3_ex233_245.wav,watching_tv,233,245,3
val,target,DevNode4_ex233_248.wav,watching_tv,233,248,4
val,target,DevNode1_ex233_251.wav,watching_tv,233,251,1
val,target,DevNode2_ex233_254.wav,watching_tv,233,254,2
val,target,DevNode3_ex233_257.wav,watching_tv,233,257,3
val,target,DevNode4_ex233_259.wav,watching_tv,233,259,4
val,target,DevNode1_ex233_262.wav,watching_tv,233,262,1
val,target,DevNode2_ex233_265.wav,watching_tv,233,265,2
val,target,DevNode3_ex233_268.wav,watching_tv,233,268,3
val,target,DevNode4_ex233_271.wav,watching_tv,233,271,4
val,target,DevNode1_ex233_274.wav,watching_tv,233,274,1
val,target,DevNode2_ex233_277.wav,watching_tv,233,277,2
val,target,DevNode3_ex233_280.wav,watching_tv,233,280,3
val,target,DevNode4_ex233_283.wav,watching_tv,233,283,4
val,target,DevNode1_ex233_286.wav,watching_tv,233,286,1
val,target,DevNode2_ex233_288.wav,watching_tv,233,288,2
val,target,DevNode3_ex233_291.wav,watching_tv,233,291,3
val,target,DevNode4_ex233_294.wav,watching_tv,233,294,4
val,target,DevNode1_ex233_297.wav,watching_tv,233,297,1
val,target,DevNode2_ex233_300.wav,watching_tv,233,300,2
val,target,DevNode3_ex233_303.wav,watching_tv,233,303,3
val,target,DevNode4_ex233_306.wav,watching_tv,233,306,4
val,target,DevNode1_ex233_309.wav,watching_tv,233,309,1
val,target,DevNode2_ex233_312.wav,watching_tv,233,312,2
val,target,DevNode3_ex233_315.wav,watching_tv,233,315,3
val,target,DevNode4_ex233_318.wav,watching_tv,233,318,4
val,target,DevNode1_ex233_320.wav,watching_tv,233,320,1
val,target,DevNode2_ex233_323.wav,watching_tv,233,323,2
val,target,DevNode3_ex233_326.wav,watching_tv,233,326,3
val,target,DevNode4_ex233_329.wav,watching_tv,233,329,4
val,target,DevNode1_ex233_332.wav,watching_tv,233,332,1
val,target,DevNode2_ex233_335.wav,watching_tv,233,335,2
val,target,DevNode3_ex233_338.wav,watching_tv,233,338,3
val,target,DevNode4_ex233_341.wav,watching_tv,233,341,4
val,target,DevNode1_ex233_344.wav,watching_tv,233,344,1
val,target,DevNode2_ex233_347.wav,watching_tv,233,347,2
val,target,DevNode3_ex233_349.wav,watching_tv,233,349,3
val,target,DevNode4_ex233_352.wav,watching_tv,233,352,4
val,target,DevNode1_ex233_355.wav,watching_tv,233,355,1
val,target,DevNode2_ex233_358.wav,watching_tv,233,358,2
val,target,DevNode3_ex233_361.wav,watching_tv,233,361,3
val,target,DevNode4_ex233_364.wav,watching_tv,233,364,4
val,target,DevNode1_ex233_367.wav,watching_tv,233,367,1
val,target,DevNode2_ex233_370.wav,watching_tv,233,370,2
val,target,DevNode3_ex233_373.wav,watching_tv,233,373,3
val,target,DevNode4_ex233_376.wav,watching_tv,233,376,4
test,target,DevNode1_ex231_1.wav,watching_tv,231,1,1
test,target,DevNode2_ex231_2.wav,watching_tv,231,2,2
test,target,DevNode3_ex231_4.wav,watching_tv,231,4,3
test,target,DevNode4_ex231_6.wav,watching_tv,231,6,4
test,target,DevNode1_ex231_8.wav,watching_tv,231,8,1
test,target,DevNode2_ex231_10.wav,watching_tv,231,10,2
test,target,DevNode3_ex231_12.wav,watching_tv,231,12,3
test,target,DevNode4_ex231_13.wav,watching_tv,231,13,4
test,target,DevNode1_ex231_15.wav,watching_tv,231,15,1
test,target,DevNode2_ex231_17.wav,watching_tv,231,17,2
test,target,DevNode3_ex231_19.wav,watching_tv,231,19,3
test,target,DevNode4_ex231_21.wav,watching_tv,231,21,4
test,target,DevNode1_ex231_23.wav,watching_tv,231,23,1
test,target,DevNode2_ex231_25.wav,watching_tv,231,25,2
test,target,DevNode3_ex231_26.wav,watching_tv,231,26,3
test,target,DevNode4_ex231_28.wav,watching_tv,231,28,4
test,target,DevNode1_ex231_30.wav,watching_tv,231,30,1
test,target,DevNode2_ex231_32.wav,watching_tv,231,32,2
test,target,DevNode3_ex231_34.wav,watching_tv,231,34,3
test,target,DevNode4_ex231_36.wav,watching_tv,231,36,4
test,target,DevNode1_ex231_38.wav,watching_tv,231,38,1
test,target,DevNode2_ex231_39.wav,watching_tv,231,39,2
test,target,DevNode3_ex231_41.wav,watching_tv,231,41,3
test,target,DevNode4_ex231_43.wav,watching_tv,231,43,4
test,target,DevNode1_ex231_45.wav,watching_tv,231,45,1
test,target,DevNode2_ex231_47.wav,watching_tv,231,47,2
test,target,DevNode3_ex231_49.wav,watching_tv,231,49,3
test,target,DevNode4_ex231_50.wav,watching_tv,231,50,4
test,target,DevNode1_ex231_52.wav,watching_tv,231,52,1
test,target,DevNode2_ex231_54.wav,watching_tv,231,54,2
test,target,DevNode3_ex231_56.wav,watching_tv,231,56,3
test,target,DevNode4_ex231_58.wav,watching_tv,231,58,4
test,target,DevNode1_ex231_60.wav,watching_tv,231,60,1
test,target,DevNode2_ex231_62.wav,watching_tv,231,62,2
test,target,DevNode3_ex231_63.wav,watching_tv,231,63,3
test,target,DevNode4_ex231_65.wav,watching_tv,231,65,4
test,target,DevNode1_ex231_67.wav,watching_tv,231,67,1
test,target,DevNode2_ex231_69.wav,watching_tv,231,69,2
test,target,DevNode3_ex231_71.wav,watching_tv,231,71,3
test,target,DevNode4_ex231_73.wav,watching_tv,231,73,4
test,target,DevNode1_ex231_75.wav,watching_tv,231,75,1
test,target,DevNode2_ex231_76.wav,watching_tv,231,76,2
test,target,DevNode3_ex231_78.wav,watching_tv,231,78,3
test,target,DevNode4_ex231_80.wav,watching_tv,231,80,4
test,target,DevNode1_ex231_82.wav,watching_tv,231,82,1
test,target,DevNode2_ex231_84.wav,watching_tv,231,84,2
test,target,DevNode3_ex231_86.wav,watching_tv,231,86,3
test,target,DevNode4_ex231_87.wav,watching_tv,231,87,4
test,target,DevNode1_ex231_89.wav,watching_tv,231,89,1
test,target,DevNode2_ex231_91.wav,watching_tv,231,91,2
test,target,DevNode3_ex231_93.wav,watching_tv,231,93,3
test,target,DevNode4_ex231_95.wav,watching_tv,231,95,4
test,target,DevNode1_ex231_97.wav,watching_tv,231,97,1
test,target,DevNode2_ex231_99.wav,watching_tv,231,99,2
test,target,DevNode3_ex231_100.wav,watching_tv,231,100,3
test,target,DevNode4_ex231_102.wav,watching_tv,231,102,4
test,target,DevNode1_ex231_104.wav,watching_tv,231,104,1
test,target,DevNode2_ex231_106.wav,watching_tv,231,106,2
test,target,DevNode3_ex231_108.wav,watching_tv,231,108,3
test,target,DevNode4_ex231_110.wav,watching_tv,231,110,4
test,target,DevNode1_ex231_112.wav,watching_tv,231,112,1
test,target,DevNode2_ex231_113.wav,watching_tv,231,113,2
test,target,DevNode3_ex231_115.wav,watching_tv,231,115,3
test,target,DevNode4_ex231_117.wav,watching_tv,231,117,4
test,target,DevNode1_ex231_119.wav,watching_tv,231,119,1
test,target,DevNode2_ex231_121.wav,watching_tv,231,121,2
test,target,DevNode3_ex231_123.wav,watching_tv,231,123,3
test,target,DevNode4_ex231_124.wav,watching_tv,231,124,4
test,target,DevNode1_ex231_126.wav,watching_tv,231,126,1
test,target,DevNode2_ex231_128.wav,watching_tv,231,128,2
test,target,DevNode3_ex231_130.wav,watching_tv,231,130,3
test,target,DevNode4_ex231_132.wav,watching_tv,231,132,4
test,target,DevNode1_ex231_134.wav,watching_tv,231,134,1
test,target,DevNode2_ex231_136.wav,watching_tv,231,136,2
test,target,DevNode3_ex231_137.wav,watching_tv,231,137,3
test,target,DevNode4_ex231_139.wav,watching_tv,231,139,4
test,target,DevNode1_ex231_141.wav,watching_tv,231,141,1
test,target,DevNode2_ex231_143.wav,watching_tv,231,143,2
test,target,DevNode3_ex231_145.wav,watching_tv,231,145,3
test,target,DevNode4_ex231_147.wav,watching_tv,231,147,4
test,target,DevNode1_ex231_149.wav,watching_tv,231,149,1
test,target,DevNode2_ex231_150.wav,watching_tv,231,150,2
test,target,DevNode3_ex231_152.wav,watching_tv,231,152,3
test,target,DevNode4_ex231_154.wav,watching_tv,231,154,4
test,target,DevNode1_ex231_156.wav,watching_tv,231,156,1
test,target,DevNode2_ex231_158.wav,watching_tv,231,158,2
test,target,DevNode3_ex231_160.wav,watching_tv,231,160,3
test,target,DevNode4_ex231_161.wav,watching_tv,231,161,4
test,target,DevNode1_ex231_163.wav,watching_tv,231,163,1
test,target,DevNode2_ex231_165.wav,watching_tv,231,165,2
test,target,DevNode3_ex231_167.wav,watching_tv,231,167,3
test,target,DevNode4_ex231_169.wav,watching_tv,231,169,4
test,target,DevNode1_ex231_171.wav,watching_tv,231,171,1
test,target,DevNode2_ex231_173.wav,watching_tv,231,173,2
test,target,DevNode3_ex231_174.wav,watching_tv,231,174,3
test,target,DevNode4_ex231_176.wav,watching_tv,231,176,4
test,target,DevNode1_ex231_178.wav,watching_tv,231,178,1
test,target,DevNode2_ex231_180.wav,watching_tv,231,180,2
test,target,DevNode3_ex231_182.wav,watching_tv,231,182,3
test,target,DevNode4_ex231_184.wav,watching_tv,231,184,4
test,target,DevNode1_ex231_186.wav,watching_tv,231,186,1
test,target,DevNode2_ex231_187.wav,watching_tv,231,187,2
test,target,DevNode3_ex231_189.wav,watching_tv,231,189,3
test,target,DevNode4_ex231_191.wav,watching_tv,231,191,4
test,target,DevNode1_ex231_193.wav,watching_tv,231,193,1
test,target,DevNode2_ex231_195.wav,watching_tv,231,195,2
test,target,DevNode3_ex231_197.wav,watching_tv,231,197,3
test,target,DevNode4_ex231_198.wav,watching_tv,231,198,4
test,target,DevNode1_ex231_200.wav,watching_tv,231,200,1
test,target,DevNode2_ex231_202.wav,watching_tv,231,202,2
test,target,DevNode3_ex231_204.wav,watching_tv,231,204,3
test,target,DevNode4_ex231_206.wav,watching_tv,231,206,4
test,target,DevNode1_ex231_208.wav,watching_tv,231,208,1
test,target,DevNode2_ex231_210.wav,watching_tv,231,210,2
test,target,DevNode3_ex231_211.wav,watching_tv,231,211,3
test,target,DevNode4_ex231_213.wav,watching_tv,231,213,4
test,target,DevNode1_ex231_215.wav,watching_tv,231,215,1
test,target,DevNode2_ex231_217.wav,watching_tv,231,217,2
test,target,DevNode3_ex231_219.wav,watching_tv,231,219,3
test,target,DevNode4_ex231_221.wav,watching_tv,231,221,4
test,target,DevNode1_ex231_223.wav,watching_tv,231,223,1
test,target,DevNode2_ex231_224.wav,watching_tv,231,224,2
test,target,DevNode3_ex231_226.wav,watching_tv,231,226,3
test,target,DevNode4_ex231_228.wav,watching_tv,231,228,4
test,target,DevNode1_ex231_230.wav,watching_tv,231,230,1
test,target,DevNode2_ex231_232.wav,watching_tv,231,232,2
test,target,DevNode3_ex231_234.wav,watching_tv,231,234,3
test,target,DevNode4_ex231_235.wav,watching_tv,231,235,4
test,target,DevNode1_ex231_237.wav,watching_tv,231,237,1
test,target,DevNode2_ex231_239.wav,watching_tv,231,239,2
test,target,DevNode3_ex231_241.wav,watching_tv,231,241,3
test,target,DevNode4_ex231_243.wav,watching_tv,231,243,4
test,target,DevNode1_ex231_245.wav,watching_tv,231,245,1
test,target,DevNode2_ex231_247.wav,watching_tv,231,247,2
test,target,DevNode3_ex231_248.wav,watching_tv,231,248,3
test,target,DevNode4_ex231_250.wav,watching_tv,231,250,4
test,target,DevNode1_ex231_252.wav,watching_tv,231,252,1
test,target,DevNode2_ex231_254.wav,watching_tv,231,254,2
test,target,DevNode3_ex231_256.wav,watching_tv,231,256,3
test,target,DevNode4_ex231_258.wav,watching_tv,231,258,4
test,target,DevNode1_ex231_260.wav,watching_tv,231,260,1
test,target,DevNode2_ex231_261.wav,watching_tv,231,261,2
test,target,DevNode3_ex231_263.wav,watching_tv,231,263,3
test,target,DevNode4_ex231_265.wav,watching_tv,231,265,4
test,target,DevNode1_ex231_267.wav,watching_tv,231,267,1
test,target,DevNode2_ex231_269.wav,watching_tv,231,269,2
test,target,DevNode3_ex231_271.wav,watching_tv,231,271,3
test,target,DevNode4_ex231_272.wav,watching_tv,231,272,4
test,target,DevNode1_ex231_274.wav,watching_tv,231,274,1
test,target,DevNode2_ex231_276.wav,watching_tv,231,276,2
test,target,DevNode3_ex231_278.wav,watching_tv,231,278,3
test,target,DevNode4_ex231_280.wav,watching_tv,231,280,4
test,target,DevNode1_ex231_282.wav,watching_tv,231,282,1
test,target,DevNode2_ex231_284.wav,watching_tv,231,284,2
test,target,DevNode3_ex231_285.wav,watching_tv,231,285,3
test,target,DevNode4_ex231_287.wav,watching_tv,231,287,4
test,target,DevNode1_ex231_289.wav,watching_tv,231,289,1
test,target,DevNode2_ex231_291.wav,watching_tv,231,291,2
test,target,DevNode3_ex231_293.wav,watching_tv,231,293,3
test,target,DevNode4_ex231_295.wav,watching_tv,231,295,4
test,target,DevNode1_ex231_297.wav,watching_tv,231,297,1
test,target,DevNode2_ex231_298.wav,watching_tv,231,298,2
test,target,DevNode3_ex231_300.wav,watching_tv,231,300,3
test,target,DevNode4_ex231_302.wav,watching_tv,231,302,4
test,target,DevNode1_ex231_304.wav,watching_tv,231,304,1
test,target,DevNode2_ex231_306.wav,watching_tv,231,306,2
test,target,DevNode3_ex231_308.wav,watching_tv,231,308,3
test,target,DevNode4_ex231_309.wav,watching_tv,231,309,4
test,target,DevNode1_ex231_311.wav,watching_tv,231,311,1
test,target,DevNode2_ex231_313.wav,watching_tv,231,313,2
test,target,DevNode3_ex231_315.wav,watching_tv,231,315,3
test,target,DevNode4_ex231_317.wav,watching_tv,231,317,4
test,target,DevNode1_ex231_319.wav,watching_tv,231,319,1
test,target,DevNode2_ex231_321.wav,watching_tv,231,321,2
test,target,DevNode3_ex231_322.wav,watching_tv,231,322,3
test,target,DevNode4_ex231_324.wav,watching_tv,231,324,4
test,target,DevNode1_ex231_326.wav,watching_tv,231,326,1
test,target,DevNode2_ex231_328.wav,watching_tv,231,328,2
test,target,DevNode3_ex232_2.wav,watching_tv,232,2,3
test,target,DevNode4_ex232_4.wav,watching_tv,232,4,4
test,target,DevNode1_ex232_6.wav,watching_tv,232,6,1
test,target,DevNode2_ex232_7.wav,watching_tv,232,7,2
test,target,DevNode3_ex232_9.wav,watching_tv,232,9,3
test,target,DevNode4_ex232_11.wav,watching_tv,232,11,4
test,target,DevNode1_ex232_13.wav,watching_tv,232,13,1
test,target,DevNode2_ex232_15.wav,watching_tv,232,15,2
test,target,DevNode3_ex232_17.wav,watching_tv,232,17,3
test,target,DevNode4_ex232_18.wav,watching_tv,232,18,4
test,target,DevNode1_ex232_20.wav,watching_tv,232,20,1
test,target,DevNode2_ex232_22.wav,watching_tv,232,22,2
test,target,DevNode3_ex232_24.wav,watching_tv,232,24,3
test,target,DevNode4_ex232_26.wav,watching_tv,232,26,4
test,target,DevNode1_ex232_28.wav,watching_tv,232,28,1
test,target,DevNode2_ex232_30.wav,watching_tv,232,30,2
test,target,DevNode3_ex232_31.wav,watching_tv,232,31,3
test,target,DevNode4_ex232_33.wav,watching_tv,232,33,4
test,target,DevNode1_ex232_35.wav,watching_tv,232,35,1
test,target,DevNode2_ex232_37.wav,watching_tv,232,37,2
test,target,DevNode3_ex232_39.wav,watching_tv,232,39,3
test,target,DevNode4_ex232_41.wav,watching_tv,232,41,4
test,target,DevNode1_ex232_43.wav,watching_tv,232,43,1
test,target,DevNode2_ex232_44.wav,watching_tv,232,44,2
test,target,DevNode3_ex232_46.wav,watching_tv,232,46,3
test,target,DevNode4_ex232_48.wav,watching_tv,232,48,4
test,target,DevNode1_ex232_50.wav,watching_tv,232,50,1
test,target,DevNode2_ex232_52.wav,watching_tv,232,52,2
test,target,DevNode3_ex232_54.wav,watching_tv,232,54,3
test,target,DevNode4_ex232_55.wav,watching_tv,232,55,4
test,target,DevNode1_ex232_57.wav,watching_tv,232,57,1
test,target,DevNode2_ex232_59.wav,watching_tv,232,59,2
test,target,DevNode3_ex232_61.wav,watching_tv,232,61,3
test,target,DevNode4_ex232_63.wav,watching_tv,232,63,4
test,target,DevNode1_ex232_65.wav,watching_tv,232,65,1
test,target,DevNode2_ex232_67.wav,watching_tv,232,67,2
test,target,DevNode3_ex232_68.wav,watching_tv,232,68,3
test,target,DevNode4_ex232_70.wav,watching_tv,232,70,4
test,target,DevNode1_ex232_72.wav,watching_tv,232,72,1
test,target,DevNode2_ex232_74.wav,watching_tv,232,74,2
test,target,DevNode3_ex232_76.wav,watching_tv,232,76,3
test,target,DevNode4_ex232_78.wav,watching_tv,232,78,4
test,target,DevNode1_ex232_80.wav,watching_tv,232,80,1
test,target,DevNode2_ex232_81.wav,watching_tv,232,81,2
test,target,DevNode3_ex232_83.wav,watching_tv,232,83,3
test,target,DevNode4_ex232_85.wav,watching_tv,232,85,4
test,target,DevNode1_ex232_87.wav,watching_tv,232,87,1
test,target,DevNode2_ex232_89.wav,watching_tv,232,89,2
test,target,DevNode3_ex232_91.wav,watching_tv,232,91,3
test,target,DevNode4_ex232_92.wav,watching_tv,232,92,4
test,target,DevNode1_ex232_94.wav,watching_tv,232,94,1
test,target,DevNode2_ex232_96.wav,watching_tv,232,96,2
test,target,DevNode3_ex232_98.wav,watching_tv,232,98,3
test,target,DevNode4_ex232_100.wav,watching_tv,232,100,4
test,target,DevNode1_ex232_102.wav,watching_tv,232,102,1
test,target,DevNode2_ex232_104.wav,watching_tv,232,104,2
test,target,DevNode3_ex232_105.wav,watching_tv,232,105,3
test,target,DevNode4_ex232_107.wav,watching_tv,232,107,4
test,target,DevNode1_ex232_109.wav,watching_tv,232,109,1
test,target,DevNode2_ex232_111.wav,watching_tv,232,111,2
test,target,DevNode3_ex232_113.wav,watching_tv,232,113,3
test,target,DevNode4_ex232_115.wav,watching_tv,232,115,4
test,target,DevNode1_ex232_117.wav,watching_tv,232,117,1
test,target,DevNode2_ex232_118.wav,watching_tv,232,118,2
test,target,DevNode3_ex232_120.wav,watching_tv,232,120,3
test,target,DevNode4_ex232_122.wav,watching_tv,232,122,4
test,target,DevNode1_ex232_124.wav,watching_tv,232,124,1
test,target,DevNode2_ex232_126.wav,watching_tv,232,126,2
test,target,DevNode3_ex232_128.wav,watching_tv,232,128,3
test,target,DevNode4_ex232_129.wav,watching_tv,232,129,4
test,target,DevNode1_ex232_131.wav,watching_tv,232,131,1
test,target,DevNode2_ex232_133.wav,watching_tv,232,133,2
test,target,DevNode3_ex232_135.wav,watching_tv,232,135,3
test,target,DevNode4_ex232_137.wav,watching_tv,232,137,4
test,target,DevNode1_ex232_139.wav,watching_tv,232,139,1
test,target,DevNode2_ex232_141.wav,watching_tv,232,141,2
test,target,DevNode3_ex232_142.wav,watching_tv,232,142,3
test,target,DevNode4_ex232_144.wav,watching_tv,232,144,4
test,target,DevNode1_ex232_146.wav,watching_tv,232,146,1
test,target,DevNode2_ex232_148.wav,watching_tv,232,148,2
test,target,DevNode3_ex232_150.wav,watching_tv,232,150,3
test,target,DevNode4_ex232_152.wav,watching_tv,232,152,4
test,target,DevNode1_ex232_154.wav,watching_tv,232,154,1
test,target,DevNode2_ex232_155.wav,watching_tv,232,155,2
test,target,DevNode3_ex232_157.wav,watching_tv,232,157,3
test,target,DevNode4_ex232_159.wav,watching_tv,232,159,4
test,target,DevNode1_ex232_161.wav,watching_tv,232,161,1
test,target,DevNode2_ex232_163.wav,watching_tv,232,163,2
test,target,DevNode3_ex232_165.wav,watching_tv,232,165,3
test,target,DevNode4_ex232_166.wav,watching_tv,232,166,4
test,target,DevNode1_ex232_168.wav,watching_tv,232,168,1
test,target,DevNode2_ex232_170.wav,watching_tv,232,170,2
test,target,DevNode3_ex232_172.wav,watching_tv,232,172,3
test,target,DevNode4_ex232_174.wav,watching_tv,232,174,4
test,target,DevNode1_ex232_176.wav,watching_tv,232,176,1
test,target,DevNode2_ex232_178.wav,watching_tv,232,178,2
test,target,DevNode3_ex232_179.wav,watching_tv,232,179,3
test,target,DevNode4_ex232_181.wav,watching_tv,232,181,4
test,target,DevNode1_ex232_183.wav,watching_tv,232,183,1
test,target,DevNode2_ex232_185.wav,watching_tv,232,185,2
test,target,DevNode3_ex232_187.wav,watching_tv,232,187,3
test,target,DevNode4_ex232_189.wav,watching_tv,232,189,4
train,others,DevNode1_ex202_1.wav,social_activity,202,1,1
train,others,DevNode2_ex202_3.wav,social_activity,202,3,2
train,others,DevNode3_ex202_6.wav,social_activity,202,6,3
train,others,DevNode4_ex202_9.wav,social_activity,202,9,4
train,others,DevNode1_ex202_12.wav,social_activity,202,12,1
train,others,DevNode2_ex202_15.wav,social_activity,202,15,2
train,others,DevNode3_ex202_18.wav,social_activity,202,18,3
train,others,DevNode4_ex202_21.wav,social_activity,202,21,4
train,others,DevNode1_ex202_23.wav,social_activity,202,23,1
train,others,DevNode2_ex202_26.wav,social_activity,202,26,2
train,others,DevNode3_ex202_29.wav,social_activity,202,29,3
train,others,DevNode4_ex202_32.wav,social_activity,202,32,4
train,others,DevNode1_ex202_35.wav,social_activity,202,35,1
train,others,DevNode2_ex202_38.wav,social_activity,202,38,2
train,others,DevNode3_ex202_41.wav,social_activity,202,41,3
train,others,DevNode4_ex202_43.wav,social_activity,202,43,4
train,others,DevNode1_ex202_46.wav,social_activity,202,46,1
train,others,DevNode2_ex202_49.wav,social_activity,202,49,2
train,others,DevNode3_ex202_52.wav,social_activity,202,52,3
train,others,DevNode4_ex202_55.wav,social_activity,202,55,4
train,others,DevNode1_ex202_58.wav,social_activity,202,58,1
train,others,DevNode2_ex202_61.wav,social_activity,202,61,2
train,others,DevNode3_ex202_63.wav,social_activity,202,63,3
train,others,DevNode4_ex202_66.wav,social_activity,202,66,4
train,others,DevNode1_ex202_69.wav,social_activity,202,69,1
train,others,DevNode2_ex202_72.wav,social_activity,202,72,2
train,others,DevNode3_ex202_75.wav,social_activity,202,75,3
train,others,DevNode4_ex202_78.wav,social_activity,202,78,4
train,others,DevNode1_ex202_81.wav,social_activity,202,81,1
train,others,DevNode2_ex202_83.wav,social_activity,202,83,2
train,others,DevNode3_ex202_86.wav,social_activity,202,86,3
train,others,DevNode4_ex202_89.wav,social_activity,202,89,4
train,others,DevNode1_ex202_92.wav,social_activity,202,92,1
train,others,DevNode2_ex202_95.wav,social_activity,202,95,2
train,others,DevNode3_ex202_98.wav,social_activity,202,98,3
train,others,DevNode4_ex202_101.wav,social_activity,202,101,4
train,others,DevNode1_ex202_103.wav,social_activity,202,103,1
train,others,DevNode2_ex202_106.wav,social_activity,202,106,2
train,others,DevNode3_ex202_109.wav,social_activity,202,109,3
train,others,DevNode4_ex202_112.wav,social_activity,202,112,4
train,others,DevNode1_ex202_115.wav,social_activity,202,115,1
train,others,DevNode2_ex202_118.wav,social_activity,202,118,2
train,others,DevNode3_ex202_121.wav,social_activity,202,121,3
train,others,DevNode4_ex202_123.wav,social_activity,202,123,4
train,others,DevNode1_ex202_126.wav,social_activity,202,126,1
train,others,DevNode2_ex202_129.wav,social_activity,202,129,2
train,others,DevNode3_ex202_132.wav,social_activity,202,132,3
train,others,DevNode4_ex202_135.wav,social_activity,202,135,4
train,others,DevNode1_ex202_138.wav,social_activity,202,138,1
train,others,DevNode2_ex202_141.wav,social_activity,202,141,2
train,others,DevNode3_ex202_143.wav,social_activity,202,143,3
train,others,DevNode4_ex202_146.wav,social_activity,202,146,4
train,others,DevNode1_ex202_149.wav,social_activity,202,149,1
train,others,DevNode2_ex202_152.wav,social_activity,202,152,2
train,others,DevNode3_ex202_155.wav,social_activity,202,155,3
train,others,DevNode4_ex202_158.wav,social_activity,202,158,4
train,others,DevNode1_ex202_161.wav,social_activity,202,161,1
train,others,DevNode2_ex202_163.wav,social_activity,202,163,2
train,others,DevNode3_ex202_166.wav,social_activity,202,166,3
train,others,DevNode4_ex202_169.wav,social_activity,202,169,4
train,others,DevNode1_ex202_172.wav,social_activity,202,172,1
train,others,DevNode2_ex202_175.wav,social_activity,202,175,2
train,others,DevNode3_ex202_178.wav,social_activity,202,178,3
train,others,DevNode4_ex202_181.wav,social_activity,202,181,4
train,others,DevNode1_ex202_183.wav,social_activity,202,183,1
train,others,DevNode2_ex202_186.wav,social_activity,202,186,2
train,others,DevNode3_ex202_189.wav,social_activity,202,189,3
train,others,DevNode4_ex202_192.wav,social_activity,202,192,4
train,others,DevNode1_ex202_195.wav,social_activity,202,195,1
train,others,DevNode2_ex202_198.wav,social_activity,202,198,2
train,others,DevNode3_ex202_201.wav,social_activity,202,201,3
train,others,DevNode4_ex202_203.wav,social_activity,202,203,4
train,others,DevNode1_ex202_206.wav,social_activity,202,206,1
train,others,DevNode2_ex202_209.wav,social_activity,202,209,2
train,others,DevNode3_ex202_212.wav,social_activity,202,212,3
train,others,DevNode4_ex202_215.wav,social_activity,202,215,4
train,others,DevNode1_ex202_218.wav,social_activity,202,218,1
train,others,DevNode2_ex202_221.wav,social_activity,202,221,2
train,others,DevNode3_ex202_223.wav,social_activity,202,223,3
train,others,DevNode4_ex202_226.wav,social_activity,202,226,4
train,others,DevNode1_ex202_229.wav,social_activity,202,229,1
train,others,DevNode2_ex202_232.wav,social_activity,202,232,2
train,others,DevNode3_ex202_235.wav,social_activity,202,235,3
train,others,DevNode4_ex202_238.wav,social_activity,202,238,4
train,others,DevNode1_ex202_241.wav,social_activity,202,241,1
train,others,DevNode2_ex202_243.wav,social_activity,202,243,2
train,others,DevNode3_ex202_246.wav,social_activity,202,246,3
train,others,DevNode4_ex202_249.wav,social_activity,202,249,4
train,others,DevNode1_ex202_252.wav,social_activity,202,252,1
train,others,DevNode2_ex202_255.wav,social_activity,202,255,2
train,others,DevNode3_ex202_258.wav,social_activity,202,258,3
train,others,DevNode4_ex202_261.wav,social_activity,202,261,4
train,others,DevNode1_ex202_263.wav,social_activity,202,263,1
train,others,DevNode2_ex202_266.wav,social_activity,202,266,2
train,others,DevNode3_ex202_269.wav,social_activity,202,269,3
train,others,DevNode4_ex202_272.wav,social_activity,202,272,4
train,others,DevNode1_ex202_275.wav,social_activity,202,275,1
train,others,DevNode2_ex202_278.wav,social_activity,202,278,2
train,others,DevNode3_ex202_281.wav,social_activity,202,281,3
train,others,DevNode4_ex202_283.wav,social_activity,202,283,4
train,others,DevNode1_ex202_286.wav,social_activity,202,286,1
train,others,DevNode2_ex202_289.wav,social_activity,202,289,2
train,others,DevNode3_ex202_292.wav,social_activity,202,292,3
train,others,DevNode4_ex202_295.wav,social_activity,202,295,4
train,others,DevNode1_ex202_298.wav,social_activity,202,298,1
train,others,DevNode2_ex202_301.wav,social_activity,202,301,2
train,others,DevNode3_ex202_303.wav,social_activity,202,303,3
train,others,DevNode4_ex202_306.wav,social_activity,202,306,4
train,others,DevNode1_ex202_309.wav,social_activity,202,309,1
train,others,DevNode2_ex202_312.wav,social_activity,202,312,2
train,others,DevNode3_ex202_315.wav,social_activity,202,315,3
train,others,DevNode4_ex202_318.wav,social_activity,202,318,4
train,others,DevNode1_ex202_321.wav,social_activity,202,321,1
train,others,DevNode2_ex202_323.wav,social_activity,202,323,2
train,others,DevNode3_ex202_326.wav,social_activity,202,326,3
train,others,DevNode4_ex202_329.wav,social_activity,202,329,4
train,others,DevNode1_ex202_332.wav,social_activity,202,332,1
train,others,DevNode2_ex202_335.wav,social_activity,202,335,2
train,others,DevNode3_ex202_338.wav,social_activity,202,338,3
train,others,DevNode4_ex202_341.wav,social_activity,202,341,4
train,others,DevNode1_ex202_343.wav,social_activity,202,343,1
train,others,DevNode2_ex202_346.wav,social_activity,202,346,2
train,others,DevNode3_ex202_349.wav,social_activity,202,349,3
train,others,DevNode4_ex202_352.wav,social_activity,202,352,4
train,others,DevNode1_ex202_355.wav,social_activity,202,355,1
train,others,DevNode2_ex202_358.wav,social_activity,202,358,2
train,others,DevNode3_ex202_361.wav,social_activity,202,361,3
train,others,DevNode4_ex202_363.wav,social_activity,202,363,4
train,others,DevNode1_ex202_366.wav,social_activity,202,366,1
train,others,DevNode2_ex202_369.wav,social_activity,202,369,2
train,others,DevNode3_ex202_372.wav,social_activity,202,372,3
train,others,DevNode4_ex202_375.wav,social_activity,202,375,4
train,others,DevNode1_ex202_378.wav,social_activity,202,378,1
train,others,DevNode2_ex202_381.wav,social_activity,202,381,2
train,others,DevNode3_ex202_383.wav,social_activity,202,383,3
train,others,DevNode4_ex202_386.wav,social_activity,202,386,4
train,others,DevNode1_ex202_389.wav,social_activity,202,389,1
train,others,DevNode2_ex202_392.wav,social_activity,202,392,2
train,others,DevNode3_ex202_395.wav,social_activity,202,395,3
train,others,DevNode4_ex205_2.wav,social_activity,205,2,4
train,others,DevNode1_ex205_5.wav,social_activity,205,5,1
train,others,DevNode2_ex205_7.wav,social_activity,205,7,2
train,others,DevNode3_ex207_1.wav,social_activity,207,1,3
train,others,DevNode4_ex207_4.wav,social_activity,207,4,4
train,others,DevNode1_ex207_7.wav,social_activity,207,7,1
train,others,DevNode2_ex207_10.wav,social_activity,207,10,2
train,others,DevNode3_ex207_13.wav,social_activity,207,13,3
train,others,DevNode4_ex207_16.wav,social_activity,207,16,4
train,others,DevNode1_ex207_18.wav,social_activity,207,18,1
train,others,DevNode2_ex209_3.wav,social_activity,209,3,2
train,others,DevNode3_ex209_6.wav,social_activity,209,6,3
train,others,DevNode4_ex215_2.wav,social_activity,215,2,4
train,others,DevNode1_ex215_5.wav,social_activity,215,5,1
train,others,DevNode2_ex215_8.wav,social_activity,215,8,2
train,others,DevNode3_ex215_11.wav,social_activity,215,11,3
train,others,DevNode4_ex215_13.wav,social_activity,215,13,4
train,others,DevNode1_ex215_16.wav,social_activity,215,16,1
train,others,DevNode2_ex215_19.wav,social_activity,215,19,2
train,others,DevNode3_ex215_22.wav,social_activity,215,22,3
train,others,DevNode4_ex215_25.wav,social_activity,215,25,4
train,others,DevNode1_ex215_28.wav,social_activity,215,28,1
val,others,DevNode1_ex197_1.wav,social_activity,197,1,1
val,others,DevNode2_ex198_3.wav,social_activity,198,3,2
val,others,DevNode3_ex198_9.wav,social_activity,198,9,3
val,others,DevNode4_ex198_14.wav,social_activity,198,14,4
val,others,DevNode1_ex198_20.wav,social_activity,198,20,1
val,others,DevNode2_ex198_26.wav,social_activity,198,26,2
val,others,DevNode3_ex198_31.wav,social_activity,198,31,3
val,others,DevNode4_ex198_37.wav,social_activity,198,37,4
val,others,DevNode1_ex198_42.wav,social_activity,198,42,1
val,others,DevNode2_ex198_48.wav,social_activity,198,48,2
val,others,DevNode3_ex198_54.wav,social_activity,198,54,3
val,others,DevNode4_ex204_5.wav,social_activity,204,5,4
val,others,DevNode1_ex204_11.wav,social_activity,204,11,1
val,others,DevNode2_ex206_2.wav,social_activity,206,2,2
val,others,DevNode3_ex206_7.wav,social_activity,206,7,3
val,others,DevNode4_ex206_13.wav,social_activity,206,13,4
val,others,DevNode1_ex206_18.wav,social_activity,206,18,1
val,others,DevNode2_ex206_24.wav,social_activity,206,24,2
val,others,DevNode3_ex206_30.wav,social_activity,206,30,3
val,others,DevNode4_ex206_35.wav,social_activity,206,35,4
val,others,DevNode1_ex208_6.wav,social_activity,208,6,1
val,others,DevNode2_ex208_12.wav,social_activity,208,12,2
val,others,DevNode3_ex208_17.wav,social_activity,208,17,3
val,others,DevNode4_ex208_23.wav,social_activity,208,23,4
val,others,DevNode1_ex208_28.wav,social_activity,208,28,1
val,others,DevNode2_ex212_5.wav,social_activity,212,5,2
val,others,DevNode3_ex212_11.wav,social_activity,212,11,3
val,others,DevNode4_ex212_16.wav,social_activity,212,16,4
val,others,DevNode1_ex212_22.wav,social_activity,212,22,1
val,others,DevNode2_ex212_28.wav,social_activity,212,28,2
val,others,DevNode3_ex212_33.wav,social_activity,212,33,3
val,others,DevNode4_ex212_39.wav,social_activity,212,39,4
val,others,DevNode1_ex212_44.wav,social_activity,212,44,1
val,others,DevNode2_ex212_50.wav,social_activity,212,50,2
val,others,DevNode3_ex212_56.wav,social_activity,212,56,3
val,others,DevNode4_ex212_61.wav,social_activity,212,61,4
val,others,DevNode1_ex212_67.wav,social_activity,212,67,1
val,others,DevNode2_ex212_73.wav,social_activity,212,73,2
val,others,DevNode3_ex212_78.wav,social_activity,212,78,3
val,others,DevNode4_ex212_84.wav,social_activity,212,84,4
val,others,DevNode1_ex212_89.wav,social_activity,212,89,1
val,others,DevNode2_ex212_95.wav,social_activity,212,95,2
val,others,DevNode3_ex212_101.wav,social_activity,212,101,3
val,others,DevNode4_ex212_106.wav,social_activity,212,106,4
val,others,DevNode1_ex212_112.wav,social_activity,212,112,1
val,others,DevNode2_ex212_118.wav,social_activity,212,118,2
val,others,DevNode3_ex212_123.wav,social_activity,212,123,3
val,others,DevNode4_ex212_129.wav,social_activity,212,129,4
val,others,DevNode1_ex212_134.wav,social_activity,212,134,1
val,others,DevNode2_ex212_140.wav,social_activity,212,140,2
val,others,DevNode3_ex212_146.wav,social_activity,212,146,3
val,others,DevNode4_ex212_151.wav,social_activity,212,151,4
val,others,DevNode1_ex212_157.wav,social_activity,212,157,1
val,others,DevNode2_ex212_163.wav,social_activity,212,163,2
val,others,DevNode3_ex212_168.wav,social_activity,212,168,3
val,others,DevNode4_ex212_174.wav,social_activity,212,174,4
val,others,DevNode1_ex212_179.wav,social_activity,212,179,1
val,others,DevNode2_ex212_185.wav,social_activity,212,185,2
val,others,DevNode3_ex212_191.wav,social_activity,212,191,3
val,others,DevNode4_ex212_196.wav,social_activity,212,196,4
val,others,DevNode1_ex212_202.wav,social_activity,212,202,1
val,others,DevNode2_ex212_208.wav,social_activity,212,208,2
val,others,DevNode3_ex212_213.wav,social_activity,212,213,3
val,others,DevNode4_ex212_219.wav,social_activity,212,219,4
val,others,DevNode1_ex212_224.wav,social_activity,212,224,1
val,others,DevNode2_ex212_230.wav,social_activity,212,230,2
val,others,DevNode3_ex212_236.wav,social_activity,212,236,3
val,others,DevNode4_ex212_241.wav,social_activity,212,241,4
val,others,DevNode1_ex212_247.wav,social_activity,212,247,1
test,others,DevNode1_ex199_1.wav,social_activity,199,1,1
test,others,DevNode2_ex199_6.wav,social_activity,199,6,2
test,others,DevNode3_ex199_12.wav,social_activity,199,12,3
test,others,DevNode4_ex199_17.wav,social_activity,199,17,4
test,others,DevNode1_ex199_23.wav,social_activity,199,23,1
test,others,DevNode2_ex199_29.wav,social_activity,199,29,2
test,others,DevNode3_ex199_34.wav,social_activity,199,34,3
test,others,DevNode4_ex199_40.wav,social_activity,199,40,4
test,others,DevNode1_ex200_5.wav,social_activity,200,5,1
test,others,DevNode2_ex200_11.wav,social_activity,200,11,2
test,others,DevNode3_ex201_5.wav,social_activity,201,5,3
test,others,DevNode4_ex201_10.wav,social_activity,201,10,4
test,others,DevNode1_ex201_16.wav,social_activity,201,16,1
test,others,DevNode2_ex201_22.wav,social_activity,201,22,2
test,others,DevNode3_ex201_27.wav,social_activity,201,27,3
test,others,DevNode4_ex201_33.wav,social_activity,201,33,4
test,others,DevNode1_ex201_38.wav,social_activity,201,38,1
test,others,DevNode2_ex201_44.wav,social_activity,201,44,2
test,others,DevNode3_ex201_50.wav,social_activity,201,50,3
test,others,DevNode4_ex201_55.wav,social_activity,201,55,4
test,others,DevNode1_ex201_61.wav,social_activity,201,61,1
test,others,DevNode2_ex203_2.wav,social_activity,203,2,2
test,others,DevNode3_ex203_7.wav,social_activity,203,7,3
test,others,DevNode4_ex203_13.wav,social_activity,203,13,4
test,others,DevNode1_ex203_18.wav,social_activity,203,18,1
test,others,DevNode2_ex203_24.wav,social_activity,203,24,2
test,others,DevNode3_ex211_6.wav,social_activity,211,6,3
test,others,DevNode4_ex211_11.wav,social_activity,211,11,4
test,others,DevNode1_ex211_17.wav,social_activity,211,17,1
test,others,DevNode2_ex211_23.wav,social_activity,211,23,2
test,others,DevNode3_ex211_28.wav,social_activity,211,28,3
test,others,DevNode4_ex211_34.wav,social_activity,211,34,4
test,others,DevNode1_ex211_39.wav,social_activity,211,39,1
test,others,DevNode2_ex211_45.wav,social_activity,211,45,2
test,others,DevNode3_ex211_51.wav,social_activity,211,51,3
test,others,DevNode4_ex211_56.wav,social_activity,211,56,4
test,others,DevNode1_ex211_62.wav,social_activity,211,62,1
test,others,DevNode2_ex211_68.wav,social_activity,211,68,2
test,others,DevNode3_ex211_73.wav,social_activity,211,73,3
test,others,DevNode4_ex211_79.wav,social_activity,211,79,4
test,others,DevNode1_ex211_84.wav,social_activity,211,84,1
test,others,DevNode2_ex211_90.wav,social_activity,211,90,2
test,others,DevNode3_ex211_96.wav,social_activity,211,96,3
test,others,DevNode4_ex211_101.wav,social_activity,211,101,4
test,others,DevNode1_ex211_107.wav,social_activity,211,107,1
test,others,DevNode2_ex211_113.wav,social_activity,211,113,2
test,others,DevNode3_ex211_118.wav,social_activity,211,118,3
test,others,DevNode4_ex211_124.wav,social_activity,211,124,4
test,others,DevNode1_ex214_3.wav,social_activity,214,3,1
test,others,DevNode2_ex214_9.wav,social_activity,214,9,2
test,others,DevNode3_ex214_15.wav,social_activity,214,15,3
test,others,DevNode4_ex214_20.wav,social_activity,214,20,4
test,others,DevNode1_ex214_26.wav,social_activity,214,26,1
test,others,DevNode2_ex214_32.wav,social_activity,214,32,2
test,others,DevNode3_ex214_37.wav,social_activity,214,37,3
test,others,DevNode4_ex214_43.wav,social_activity,214,43,4
test,others,DevNode1_ex216_1.wav,social_activity,216,1,1
test,others,DevNode2_ex216_7.wav,social_activity,216,7,2
test,others,DevNode3_ex217_5.wav,social_activity,217,5,3
test,others,DevNode4_ex217_10.wav,social_activity,217,10,4
test,others,DevNode1_ex217_16.wav,social_activity,217,16,1
test,others,DevNode2_ex217_22.wav,social_activity,217,22,2
test,others,DevNode3_ex217_27.wav,social_activity,217,27,3
test,others,DevNode4_ex217_33.wav,social_activity,217,33,4
test,others,DevNode1_ex217_38.wav,social_activity,217,38,1
test,others,DevNode2_ex217_44.wav,social_activity,217,44,2
test,others,DevNode3_ex217_50.wav,social_activity,217,50,3
test,others,DevNode4_ex217_55.wav,social_activity,217,55,4
test,others,DevNode1_ex217_61.wav,social_activity,217,61,1
train,others,DevNode2_ex236_1.wav,working,236,1,2
train,others,DevNode3_ex236_12.wav,working,236,12,3
train,others,DevNode4_ex236_23.wav,working,236,23,4
train,others,DevNode1_ex236_35.wav,working,236,35,1
train,others,DevNode2_ex236_46.wav,working,236,46,2
train,others,DevNode3_ex236_57.wav,working,236,57,3
train,others,DevNode4_ex236_69.wav,working,236,69,4
train,others,DevNode1_ex236_80.wav,working,236,80,1
train,others,DevNode2_ex236_92.wav,working,236,92,2
train,others,DevNode3_ex236_103.wav,working,236,103,3
train,others,DevNode4_ex236_114.wav,working,236,114,4
train,others,DevNode1_ex236_126.wav,working,236,126,1
train,others,DevNode2_ex236_137.wav,working,236,137,2
train,others,DevNode3_ex236_149.wav,working,236,149,3
train,others,DevNode4_ex236_160.wav,working,236,160,4
train,others,DevNode1_ex238_3.wav,working,238,3,1
train,others,DevNode2_ex238_15.wav,working,238,15,2
train,others,DevNode3_ex238_26.wav,working,238,26,3
train,others,DevNode4_ex238_37.wav,working,238,37,4
train,others,DevNode1_ex238_49.wav,working,238,49,1
train,others,DevNode2_ex238_60.wav,working,238,60,2
train,others,DevNode3_ex238_72.wav,working,238,72,3
train,others,DevNode4_ex245_10.wav,working,245,10,4
train,others,DevNode1_ex245_21.wav,working,245,21,1
train,others,DevNode2_ex245_33.wav,working,245,33,2
train,others,DevNode3_ex245_44.wav,working,245,44,3
train,others,DevNode4_ex245_56.wav,working,245,56,4
train,others,DevNode1_ex245_67.wav,working,245,67,1
train,others,DevNode2_ex245_78.wav,working,245,78,2
train,others,DevNode3_ex250_7.wav,working,250,7,3
train,others,DevNode4_ex250_18.wav,working,250,18,4
train,others,DevNode1_ex251_1.wav,working,251,1,1
train,others,DevNode2_ex251_13.wav,working,251,13,2
train,others,DevNode3_ex253_7.wav,working,253,7,3
train,others,DevNode4_ex253_19.wav,working,253,19,4
train,others,DevNode1_ex253_30.wav,working,253,30,1
train,others,DevNode2_ex253_41.wav,working,253,41,2
train,others,DevNode3_ex253_53.wav,working,253,53,3
train,others,DevNode4_ex254_11.wav,working,254,11,4
train,others,DevNode1_ex254_23.wav,working,254,23,1
train,others,DevNode2_ex254_34.wav,working,254,34,2
train,others,DevNode3_ex254_45.wav,working,254,45,3
train,others,DevNode4_ex254_57.wav,working,254,57,4
train,others,DevNode1_ex254_68.wav,working,254,68,1
train,others,DevNode2_ex254_79.wav,working,254,79,2
train,others,DevNode3_ex254_91.wav,working,254,91,3
train,others,DevNode4_ex254_102.wav,working,254,102,4
train,others,DevNode1_ex254_114.wav,working,254,114,1
train,others,DevNode2_ex254_125.wav,working,254,125,2
train,others,DevNode3_ex254_136.wav,working,254,136,3
train,others,DevNode4_ex256_10.wav,working,256,10,4
train,others,DevNode1_ex262_11.wav,working,262,11,1
train,others,DevNode2_ex262_23.wav,working,262,23,2
train,others,DevNode3_ex262_34.wav,working,262,34,3
train,others,DevNode4_ex262_45.wav,working,262,45,4
train,others,DevNode1_ex262_57.wav,working,262,57,1
train,others,DevNode2_ex262_68.wav,working,262,68,2
train,others,DevNode3_ex262_79.wav,working,262,79,3
train,others,DevNode4_ex262_91.wav,working,262,91,4
train,others,DevNode1_ex262_102.wav,working,262,102,1
train,others,DevNode2_ex262_114.wav,working,262,114,2
train,others,DevNode3_ex262_125.wav,working,262,125,3
train,others,DevNode4_ex262_136.wav,working,262,136,4
train,others,DevNode1_ex262_148.wav,working,262,148,1
train,others,DevNode2_ex262_159.wav,working,262,159,2
train,others,DevNode3_ex262_171.wav,working,262,171,3
train,others,DevNode4_ex262_182.wav,working,262,182,4
train,others,DevNode1_ex262_193.wav,working,262,193,1
train,others,DevNode2_ex262_205.wav,working,262,205,2
train,others,DevNode3_ex262_216.wav,working,262,216,3
train,others,DevNode4_ex262_228.wav,working,262,228,4
train,others,DevNode1_ex262_239.wav,working,262,239,1
train,others,DevNode2_ex262_250.wav,working,262,250,2
train,others,DevNode3_ex262_262.wav,working,262,262,3
train,others,DevNode4_ex262_273.wav,working,262,273,4
train,others,DevNode1_ex262_284.wav,working,262,284,1
train,others,DevNode2_ex262_296.wav,working,262,296,2
train,others,DevNode3_ex262_307.wav,working,262,307,3
train,others,DevNode4_ex262_319.wav,working,262,319,4
train,others,DevNode1_ex262_330.wav,working,262,330,1
train,others,DevNode2_ex262_341.wav,working,262,341,2
train,others,DevNode3_ex262_353.wav,working,262,353,3
train,others,DevNode4_ex262_364.wav,working,262,364,4
train,others,DevNode1_ex262_376.wav,working,262,376,1
train,others,DevNode2_ex262_387.wav,working,262,387,2
train,others,DevNode3_ex262_398.wav,working,262,398,3
train,others,DevNode4_ex262_410.wav,working,262,410,4
train,others,DevNode1_ex262_421.wav,working,262,421,1
train,others,DevNode2_ex262_432.wav,working,262,432,2
train,others,DevNode3_ex262_444.wav,working,262,444,3
train,others,DevNode4_ex262_455.wav,working,262,455,4
train,others,DevNode1_ex262_467.wav,working,262,467,1
train,others,DevNode2_ex262_478.wav,working,262,478,2
train,others,DevNode3_ex262_489.wav,working,262,489,3
train,others,DevNode4_ex262_501.wav,working,262,501,4
train,others,DevNode1_ex262_512.wav,working,262,512,1
train,others,DevNode2_ex262_524.wav,working,262,524,2
train,others,DevNode3_ex262_535.wav,working,262,535,3
train,others,DevNode4_ex262_546.wav,working,262,546,4
train,others,DevNode1_ex262_558.wav,working,262,558,1
train,others,DevNode2_ex262_569.wav,working,262,569,2
train,others,DevNode3_ex262_580.wav,working,262,580,3
train,others,DevNode4_ex262_592.wav,working,262,592,4
train,others,DevNode1_ex262_603.wav,working,262,603,1
train,others,DevNode2_ex262_615.wav,working,262,615,2
train,others,DevNode3_ex262_626.wav,working,262,626,3
train,others,DevNode4_ex262_637.wav,working,262,637,4
train,others,DevNode1_ex262_649.wav,working,262,649,1
train,others,DevNode2_ex262_660.wav,working,262,660,2
train,others,DevNode3_ex262_672.wav,working,262,672,3
train,others,DevNode4_ex262_683.wav,working,262,683,4
train,others,DevNode1_ex262_694.wav,working,262,694,1
train,others,DevNode2_ex262_706.wav,working,262,706,2
train,others,DevNode3_ex262_717.wav,working,262,717,3
train,others,DevNode4_ex262_728.wav,working,262,728,4
train,others,DevNode1_ex262_740.wav,working,262,740,1
train,others,DevNode2_ex262_751.wav,working,262,751,2
train,others,DevNode3_ex262_763.wav,working,262,763,3
train,others,DevNode4_ex265_3.wav,working,265,3,4
train,others,DevNode1_ex265_14.wav,working,265,14,1
train,others,DevNode2_ex265_26.wav,working,265,26,2
train,others,DevNode3_ex265_37.wav,working,265,37,3
train,others,DevNode4_ex265_49.wav,working,265,49,4
train,others,DevNode1_ex265_60.wav,working,265,60,1
train,others,DevNode2_ex265_71.wav,working,265,71,2
train,others,DevNode3_ex265_83.wav,working,265,83,3
train,others,DevNode4_ex265_94.wav,working,265,94,4
train,others,DevNode1_ex265_105.wav,working,265,105,1
train,others,DevNode2_ex265_117.wav,working,265,117,2
train,others,DevNode3_ex265_128.wav,working,265,128,3
train,others,DevNode4_ex265_140.wav,working,265,140,4
train,others,DevNode1_ex265_151.wav,working,265,151,1
train,others,DevNode2_ex265_162.wav,working,265,162,2
train,others,DevNode3_ex265_174.wav,working,265,174,3
train,others,DevNode4_ex265_185.wav,working,265,185,4
train,others,DevNode1_ex265_197.wav,working,265,197,1
train,others,DevNode2_ex265_208.wav,working,265,208,2
train,others,DevNode3_ex265_219.wav,working,265,219,3
train,others,DevNode4_ex265_231.wav,working,265,231,4
train,others,DevNode1_ex265_242.wav,working,265,242,1
val,others,DevNode2_ex239_1.wav,working,239,1,2
val,others,DevNode3_ex239_26.wav,working,239,26,3
val,others,DevNode4_ex239_52.wav,working,239,52,4
val,others,DevNode1_ex240_24.wav,working,240,24,1
val,others,DevNode2_ex240_50.wav,working,240,50,2
val,others,DevNode3_ex240_75.wav,working,240,75,3
val,others,DevNode4_ex240_101.wav,working,240,101,4
val,others,DevNode1_ex240_126.wav,working,240,126,1
val,others,DevNode2_ex240_152.wav,working,240,152,2
val,others,DevNode3_ex240_177.wav,working,240,177,3
val,others,DevNode4_ex240_203.wav,working,240,203,4
val,others,DevNode1_ex242_2.wav,working,242,2,1
val,others,DevNode2_ex242_27.wav,working,242,27,2
val,others,DevNode3_ex242_53.wav,working,242,53,3
val,others,DevNode4_ex242_78.wav,working,242,78,4
val,others,DevNode1_ex242_104.wav,working,242,104,1
val,others,DevNode2_ex247_17.wav,working,247,17,2
val,others,DevNode3_ex247_43.wav,working,247,43,3
val,others,DevNode4_ex258_13.wav,working,258,13,4
val,others,DevNode1_ex258_39.wav,working,258,39,1
val,others,DevNode2_ex258_65.wav,working,258,65,2
val,others,DevNode3_ex258_90.wav,working,258,90,3
val,others,DevNode4_ex258_116.wav,working,258,116,4
val,others,DevNode1_ex258_141.wav,working,258,141,1
val,others,DevNode2_ex258_167.wav,working,258,167,2
val,others,DevNode3_ex258_192.wav,working,258,192,3
val,others,DevNode4_ex258_218.wav,working,258,218,4
val,others,DevNode1_ex258_243.wav,working,258,243,1
val,others,DevNode2_ex258_269.wav,working,258,269,2
val,others,DevNode3_ex258_294.wav,working,258,294,3
val,others,DevNode4_ex258_320.wav,working,258,320,4
val,others,DevNode1_ex258_346.wav,working,258,346,1
val,others,DevNode2_ex258_371.wav,working,258,371,2
val,others,DevNode3_ex258_397.wav,working,258,397,3
val,others,DevNode4_ex258_422.wav,working,258,422,4
val,others,DevNode1_ex258_448.wav,working,258,448,1
val,others,DevNode2_ex258_473.wav,working,258,473,2
val,others,DevNode3_ex258_499.wav,working,258,499,3
val,others,DevNode4_ex258_524.wav,working,258,524,4
val,others,DevNode1_ex259_2.wav,working,259,2,1
val,others,DevNode2_ex259_28.wav,working,259,28,2
val,others,DevNode3_ex259_53.wav,working,259,53,3
val,others,DevNode4_ex259_79.wav,working,259,79,4
val,others,DevNode1_ex259_104.wav,working,259,104,1
val,others,DevNode2_ex259_130.wav,working,259,130,2
val,others,DevNode3_ex259_155.wav,working,259,155,3
val,others,DevNode4_ex259_181.wav,working,259,181,4
val,others,DevNode1_ex259_206.wav,working,259,206,1
val,others,DevNode2_ex259_232.wav,working,259,232,2
val,others,DevNode3_ex259_257.wav,working,259,257,3
val,others,DevNode4_ex259_283.wav,working,259,283,4
val,others,DevNode1_ex260_10.wav,working,260,10,1
val,others,DevNode2_ex261_13.wav,working,261,13,2
val,others,DevNode3_ex261_39.wav,working,261,39,3
val,others,DevNode4_ex261_64.wav,working,261,64,4
val,others,DevNode1_ex261_90.wav,working,261,90,1
val,others,DevNode2_ex261_115.wav,working,261,115,2
val,others,DevNode3_ex261_141.wav,working,261,141,3
val,others,DevNode4_ex264_24.wav,working,264,24,4
val,others,DevNode1_ex264_50.wav,working,264,50,1
test,others,DevNode2_ex237_1.wav,working,237,1,2
test,others,DevNode3_ex241_7.wav,working,241,7,3
test,others,DevNode4_ex241_33.wav,working,241,33,4
test,others,DevNode1_ex243_5.wav,working,243,5,1
test,others,DevNode2_ex243_31.wav,working,243,31,2
test,others,DevNode3_ex243_56.wav,working,243,56,3
test,others,DevNode4_ex243_82.wav,working,243,82,4
test,others,DevNode1_ex243_107.wav,working,243,107,1
test,others,DevNode2_ex243_133.wav,working,243,133,2
test,others,DevNode3_ex243_159.wav,working,243,159,3
test,others,DevNode4_ex243_184.wav,working,243,184,4
test,others,DevNode1_ex244_12.wav,working,244,12,1
test,others,DevNode2_ex244_37.wav,working,244,37,2
test,others,DevNode3_ex248_6.wav,working,248,6,3
test,others,DevNode4_ex248_31.wav,working,248,31,4
test,others,DevNode1_ex248_57.wav,working,248,57,1
test,others,DevNode2_ex248_83.wav,working,248,83,2
test,others,DevNode3_ex248_108.wav,working,248,108,3
test,others,DevNode4_ex248_134.wav,working,248,134,4
test,others,DevNode1_ex248_159.wav,working,248,159,1
test,others,DevNode2_ex248_185.wav,working,248,185,2
test,others,DevNode3_ex248_210.wav,working,248,210,3
test,others,DevNode4_ex252_8.wav,working,252,8,4
test,others,DevNode1_ex255_2.wav,working,255,2,1
test,others,DevNode2_ex255_27.wav,working,255,27,2
test,others,DevNode3_ex255_53.wav,working,255,53,3
test,others,DevNode4_ex255_78.wav,working,255,78,4
test,others,DevNode1_ex255_104.wav,working,255,104,1
test,others,DevNode2_ex263_5.wav,working,263,5,2
test,others,DevNode3_ex263_31.wav,working,263,31,3
test,others,DevNode4_ex263_57.wav,working,263,57,4
test,others,DevNode1_ex263_82.wav,working,263,82,1
test,others,DevNode2_ex263_108.wav,working,263,108,2
test,others,DevNode3_ex263_133.wav,working,263,133,3
test,others,DevNode4_ex263_159.wav,working,263,159,4
test,others,DevNode1_ex263_184.wav,working,263,184,1
test,others,DevNode2_ex263_210.wav,working,263,210,2
test,others,DevNode3_ex263_235.wav,working,263,235,3
test,others,DevNode4_ex263_261.wav,working,263,261,4
test,others,DevNode1_ex263_287.wav,working,263,287,1
test,others,DevNode2_ex263_312.wav,working,263,312,2
test,others,DevNode3_ex266_9.wav,working,266,9,3
test,others,DevNode4_ex266_34.wav,working,266,34,4
test,others,DevNode1_ex266_60.wav,working,266,60,1
test,others,DevNode2_ex266_85.wav,working,266,85,2
test,others,DevNode3_ex267_23.wav,working,267,23,3
test,others,DevNode4_ex267_49.wav,working,267,49,4
test,others,DevNode1_ex267_74.wav,working,267,74,1
test,others,DevNode2_ex267_100.wav,working,267,100,2
test,others,DevNode3_ex267_125.wav,working,267,125,3
test,others,DevNode4_ex267_151.wav,working,267,151,4
test,others,DevNode1_ex267_176.wav,working,267,176,1
test,others,DevNode2_ex267_202.wav,working,267,202,2
test,others,DevNode3_ex267_228.wav,working,267,228,3
test,others,DevNode4_ex267_253.wav,working,267,253,4
test,others,DevNode1_ex267_279.wav,working,267,279,1
test,others,DevNode2_ex267_304.wav,working,267,304,2
test,others,DevNode3_ex267_330.wav,working,267,330,3
test,others,DevNode4_ex267_355.wav,working,267,355,4
test,others,DevNode1_ex267_381.wav,working,267,381,1
train,others,DevNode3_ex45_1.wav,cooking,45,1,3
train,others,DevNode4_ex45_4.wav,cooking,45,4,4
train,others,DevNode1_ex45_8.wav,cooking,45,8,1
train,others,DevNode2_ex45_12.wav,cooking,45,12,2
train,others,DevNode3_ex45_15.wav,cooking,45,15,3
train,others,DevNode4_ex45_19.wav,cooking,45,19,4
train,others,DevNode1_ex45_23.wav,cooking,45,23,1
train,others,DevNode2_ex45_26.wav,cooking,45,26,2
train,others,DevNode3_ex45_30.wav,cooking,45,30,3
train,others,DevNode4_ex45_34.wav,cooking,45,34,4
train,others,DevNode1_ex45_37.wav,cooking,45,37,1
train,others,DevNode2_ex45_41.wav,cooking,45,41,2
train,others,DevNode3_ex45_45.wav,cooking,45,45,3
train,others,DevNode4_ex45_48.wav,cooking,45,48,4
train,others,DevNode1_ex45_52.wav,cooking,45,52,1
train,others,DevNode2_ex45_56.wav,cooking,45,56,2
train,others,DevNode3_ex45_60.wav,cooking,45,60,3
train,others,DevNode4_ex45_63.wav,cooking,45,63,4
train,others,DevNode1_ex45_67.wav,cooking,45,67,1
train,others,DevNode2_ex45_71.wav,cooking,45,71,2
train,others,DevNode3_ex45_74.wav,cooking,45,74,3
train,others,DevNode4_ex45_78.wav,cooking,45,78,4
train,others,DevNode1_ex45_82.wav,cooking,45,82,1
train,others,DevNode2_ex45_85.wav,cooking,45,85,2
train,others,DevNode3_ex45_89.wav,cooking,45,89,3
train,others,DevNode4_ex45_93.wav,cooking,45,93,4
train,others,DevNode1_ex45_96.wav,cooking,45,96,1
train,others,DevNode2_ex45_100.wav,cooking,45,100,2
train,others,DevNode3_ex45_104.wav,cooking,45,104,3
train,others,DevNode4_ex45_108.wav,cooking,45,108,4
train,others,DevNode1_ex45_111.wav,cooking,45,111,1
train,others,DevNode2_ex45_115.wav,cooking,45,115,2
train,others,DevNode3_ex45_119.wav,cooking,45,119,3
train,others,DevNode4_ex45_122.wav,cooking,45,122,4
train,others,DevNode1_ex45_126.wav,cooking,45,126,1
train,others,DevNode2_ex45_130.wav,cooking,45,130,2
train,others,DevNode3_ex45_133.wav,cooking,45,133,3
train,others,DevNode4_ex45_137.wav,cooking,45,137,4
train,others,DevNode1_ex45_141.wav,cooking,45,141,1
train,others,DevNode2_ex45_144.wav,cooking,45,144,2
train,others,DevNode3_ex45_148.wav,cooking,45,148,3
train,others,DevNode4_ex45_152.wav,cooking,45,152,4
train,others,DevNode1_ex45_156.wav,cooking,45,156,1
train,others,DevNode2_ex45_159.wav,cooking,45,159,2
train,others,DevNode3_ex45_163.wav,cooking,45,163,3
train,others,DevNode4_ex47_3.wav,cooking,47,3,4
train,others,DevNode1_ex47_6.wav,cooking,47,6,1
train,others,DevNode2_ex47_10.wav,cooking,47,10,2
train,others,DevNode3_ex47_14.wav,cooking,47,14,3
train,others,DevNode4_ex47_17.wav,cooking,47,17,4
train,others,DevNode1_ex47_21.wav,cooking,47,21,1
train,others,DevNode2_ex47_25.wav,cooking,47,25,2
train,others,DevNode3_ex47_28.wav,cooking,47,28,3
train,others,DevNode4_ex47_32.wav,cooking,47,32,4
train,others,DevNode1_ex47_36.wav,cooking,47,36,1
train,others,DevNode2_ex47_39.wav,cooking,47,39,2
train,others,DevNode3_ex47_43.wav,cooking,47,43,3
train,others,DevNode4_ex47_47.wav,cooking,47,47,4
train,others,DevNode1_ex47_51.wav,cooking,47,51,1
train,others,DevNode2_ex47_54.wav,cooking,47,54,2
train,others,DevNode3_ex47_58.wav,cooking,47,58,3
train,others,DevNode4_ex47_62.wav,cooking,47,62,4
train,others,DevNode1_ex47_65.wav,cooking,47,65,1
train,others,DevNode2_ex47_69.wav,cooking,47,69,2
train,others,DevNode3_ex47_73.wav,cooking,47,73,3
train,others,DevNode4_ex47_76.wav,cooking,47,76,4
train,others,DevNode1_ex47_80.wav,cooking,47,80,1
train,others,DevNode2_ex47_84.wav,cooking,47,84,2
train,others,DevNode3_ex47_87.wav,cooking,47,87,3
train,others,DevNode4_ex47_91.wav,cooking,47,91,4
train,others,DevNode1_ex47_95.wav,cooking,47,95,1
train,others,DevNode2_ex47_99.wav,cooking,47,99,2
train,others,DevNode3_ex47_102.wav,cooking,47,102,3
train,others,DevNode4_ex47_106.wav,cooking,47,106,4
train,others,DevNode1_ex47_110.wav,cooking,47,110,1
train,others,DevNode2_ex47_113.wav,cooking,47,113,2
train,others,DevNode3_ex47_117.wav,cooking,47,117,3
train,others,DevNode4_ex47_121.wav,cooking,47,121,4
train,others,DevNode1_ex47_124.wav,cooking,47,124,1
train,others,DevNode2_ex47_128.wav,cooking,47,128,2
train,others,DevNode3_ex47_132.wav,cooking,47,132,3
train,others,DevNode4_ex47_135.wav,cooking,47,135,4
train,others,DevNode1_ex47_139.wav,cooking,47,139,1
train,others,DevNode2_ex47_143.wav,cooking,47,143,2
train,others,DevNode3_ex47_147.wav,cooking,47,147,3
train,others,DevNode4_ex47_150.wav,cooking,47,150,4
train,others,DevNode1_ex47_154.wav,cooking,47,154,1
train,others,DevNode2_ex47_158.wav,cooking,47,158,2
train,others,DevNode3_ex47_161.wav,cooking,47,161,3
train,others,DevNode4_ex47_165.wav,cooking,47,165,4
train,others,DevNode1_ex47_169.wav,cooking,47,169,1
train,others,DevNode2_ex47_172.wav,cooking,47,172,2
train,others,DevNode3_ex47_176.wav,cooking,47,176,3
train,others,DevNode4_ex47_180.wav,cooking,47,180,4
train,others,DevNode1_ex47_183.wav,cooking,47,183,1
train,others,DevNode2_ex47_187.wav,cooking,47,187,2
train,others,DevNode3_ex51_4.wav,cooking,51,4,3
train,others,DevNode4_ex51_7.wav,cooking,51,7,4
train,others,DevNode1_ex51_11.wav,cooking,51,11,1
train,others,DevNode2_ex51_15.wav,cooking,51,15,2
train,others,DevNode3_ex51_19.wav,cooking,51,19,3
train,others,DevNode4_ex51_22.wav,cooking,51,22,4
train,others,DevNode1_ex51_26.wav,cooking,51,26,1
train,others,DevNode2_ex51_30.wav,cooking,51,30,2
train,others,DevNode3_ex51_33.wav,cooking,51,33,3
train,others,DevNode4_ex51_37.wav,cooking,51,37,4
train,others,DevNode1_ex51_41.wav,cooking,51,41,1
train,others,DevNode2_ex51_44.wav,cooking,51,44,2
train,others,DevNode3_ex52_2.wav,cooking,52,2,3
train,others,DevNode4_ex52_6.wav,cooking,52,6,4
train,others,DevNode1_ex52_9.wav,cooking,52,9,1
train,others,DevNode2_ex52_13.wav,cooking,52,13,2
train,others,DevNode3_ex52_17.wav,cooking,52,17,3
train,others,DevNode4_ex52_21.wav,cooking,52,21,4
train,others,DevNode1_ex52_24.wav,cooking,52,24,1
train,others,DevNode2_ex52_28.wav,cooking,52,28,2
train,others,DevNode3_ex52_32.wav,cooking,52,32,3
train,others,DevNode4_ex52_35.wav,cooking,52,35,4
train,others,DevNode1_ex52_39.wav,cooking,52,39,1
train,others,DevNode2_ex52_43.wav,cooking,52,43,2
train,others,DevNode3_ex52_46.wav,cooking,52,46,3
train,others,DevNode4_ex52_50.wav,cooking,52,50,4
train,others,DevNode1_ex52_54.wav,cooking,52,54,1
train,others,DevNode2_ex52_57.wav,cooking,52,57,2
train,others,DevNode3_ex52_61.wav,cooking,52,61,3
train,others,DevNode4_ex52_65.wav,cooking,52,65,4
val,others,DevNode3_ex44_1.wav,cooking,44,1,3
val,others,DevNode4_ex46_5.wav,cooking,46,5,4
val,others,DevNode1_ex46_12.wav,cooking,46,12,1
val,others,DevNode2_ex46_20.wav,cooking,46,20,2
val,others,DevNode3_ex46_27.wav,cooking,46,27,3
val,others,DevNode4_ex46_35.wav,cooking,46,35,4
val,others,DevNode1_ex46_42.wav,cooking,46,42,1
val,others,DevNode2_ex46_50.wav,cooking,46,50,2
val,others,DevNode3_ex46_57.wav,cooking,46,57,3
val,others,DevNode4_ex46_65.wav,cooking,46,65,4
val,others,DevNode1_ex46_72.wav,cooking,46,72,1
val,others,DevNode2_ex46_80.wav,cooking,46,80,2
val,others,DevNode3_ex46_87.wav,cooking,46,87,3
val,others,DevNode4_ex46_95.wav,cooking,46,95,4
val,others,DevNode1_ex46_102.wav,cooking,46,102,1
val,others,DevNode2_ex46_109.wav,cooking,46,109,2
val,others,DevNode3_ex46_117.wav,cooking,46,117,3
val,others,DevNode4_ex46_124.wav,cooking,46,124,4
val,others,DevNode1_ex46_132.wav,cooking,46,132,1
val,others,DevNode2_ex46_139.wav,cooking,46,139,2
val,others,DevNode3_ex46_147.wav,cooking,46,147,3
val,others,DevNode4_ex46_154.wav,cooking,46,154,4
val,others,DevNode1_ex46_162.wav,cooking,46,162,1
val,others,DevNode2_ex46_169.wav,cooking,46,169,2
val,others,DevNode3_ex48_2.wav,cooking,48,2,3
val,others,DevNode4_ex48_9.wav,cooking,48,9,4
val,others,DevNode1_ex48_17.wav,cooking,48,17,1
val,others,DevNode2_ex48_24.wav,cooking,48,24,2
val,others,DevNode3_ex48_31.wav,cooking,48,31,3
val,others,DevNode4_ex54_3.wav,cooking,54,3,4
val,others,DevNode1_ex54_10.wav,cooking,54,10,1
val,others,DevNode2_ex54_18.wav,cooking,54,18,2
val,others,DevNode3_ex54_25.wav,cooking,54,25,3
val,others,DevNode4_ex54_33.wav,cooking,54,33,4
val,others,DevNode1_ex54_40.wav,cooking,54,40,1
val,others,DevNode2_ex54_48.wav,cooking,54,48,2
val,others,DevNode3_ex54_55.wav,cooking,54,55,3
val,others,DevNode4_ex54_63.wav,cooking,54,63,4
val,others,DevNode1_ex54_70.wav,cooking,54,70,1
val,others,DevNode2_ex54_78.wav,cooking,54,78,2
val,others,DevNode3_ex54_85.wav,cooking,54,85,3
val,others,DevNode4_ex54_92.wav,cooking,54,92,4
val,others,DevNode1_ex54_100.wav,cooking,54,100,1
val,others,DevNode2_ex54_107.wav,cooking,54,107,2
val,others,DevNode3_ex54_115.wav,cooking,54,115,3
val,others,DevNode4_ex55_3.wav,cooking,55,3,4
val,others,DevNode1_ex55_11.wav,cooking,55,11,1
val,others,DevNode2_ex55_18.wav,cooking,55,18,2
val,others,DevNode3_ex55_26.wav,cooking,55,26,3
val,others,DevNode4_ex55_33.wav,cooking,55,33,4
val,others,DevNode1_ex55_41.wav,cooking,55,41,1
val,others,DevNode2_ex55_48.wav,cooking,55,48,2
val,others,DevNode3_ex55_56.wav,cooking,55,56,3
val,others,DevNode4_ex55_63.wav,cooking,55,63,4
test,others,DevNode3_ex43_1.wav,cooking,43,1,3
test,others,DevNode4_ex43_8.wav,cooking,43,8,4
test,others,DevNode1_ex43_16.wav,cooking,43,16,1
test,others,DevNode2_ex43_23.wav,cooking,43,23,2
test,others,DevNode3_ex43_31.wav,cooking,43,31,3
test,others,DevNode4_ex43_39.wav,cooking,43,39,4
test,others,DevNode1_ex43_46.wav,cooking,43,46,1
test,others,DevNode2_ex49_2.wav,cooking,49,2,2
test,others,DevNode3_ex49_10.wav,cooking,49,10,3
test,others,DevNode4_ex49_17.wav,cooking,49,17,4
test,others,DevNode1_ex49_25.wav,cooking,49,25,1
test,others,DevNode2_ex49_33.wav,cooking,49,33,2
test,others,DevNode3_ex49_40.wav,cooking,49,40,3
test,others,DevNode4_ex49_48.wav,cooking,49,48,4
test,others,DevNode1_ex50_2.wav,cooking,50,2,1
test,others,DevNode2_ex50_9.wav,cooking,50,9,2
test,others,DevNode3_ex50_17.wav,cooking,50,17,3
test,others,DevNode4_ex50_25.wav,cooking,50,25,4
test,others,DevNode1_ex50_32.wav,cooking,50,32,1
test,others,DevNode2_ex50_40.wav,cooking,50,40,2
test,others,DevNode3_ex50_47.wav,cooking,50,47,3
test,others,DevNode4_ex50_55.wav,cooking,50,55,4
test,others,DevNode1_ex50_63.wav,cooking,50,63,1
test,others,DevNode2_ex50_70.wav,cooking,50,70,2
test,others,DevNode3_ex50_78.wav,cooking,50,78,3
test,others,DevNode4_ex50_86.wav,cooking,50,86,4
test,others,DevNode1_ex50_93.wav,cooking,50,93,1
test,others,DevNode2_ex50_101.wav,cooking,50,101,2
test,others,DevNode3_ex50_109.wav,cooking,50,109,3
test,others,DevNode4_ex50_116.wav,cooking,50,116,4
test,others,DevNode1_ex50_124.wav,cooking,50,124,1
test,others,DevNode2_ex50_132.wav,cooking,50,132,2
test,others,DevNode3_ex50_139.wav,cooking,50,139,3
test,others,DevNode4_ex50_147.wav,cooking,50,147,4
test,others,DevNode1_ex50_155.wav,cooking,50,155,1
test,others,DevNode2_ex50_162.wav,cooking,50,162,2
test,others,DevNode3_ex53_4.wav,cooking,53,4,3
test,others,DevNode4_ex53_11.wav,cooking,53,11,4
test,others,DevNode1_ex53_19.wav,cooking,53,19,1
test,others,DevNode2_ex53_27.wav,cooking,53,27,2
test,others,DevNode3_ex53_34.wav,cooking,53,34,3
test,others,DevNode4_ex53_42.wav,cooking,53,42,4
test,others,DevNode1_ex53_50.wav,cooking,53,50,1
test,others,DevNode2_ex53_57.wav,cooking,53,57,2
test,others,DevNode3_ex53_65.wav,cooking,53,65,3
test,others,DevNode4_ex53_73.wav,cooking,53,73,4
test,others,DevNode1_ex53_80.wav,cooking,53,80,1
test,others,DevNode2_ex53_88.wav,cooking,53,88,2
test,others,DevNode3_ex53_96.wav,cooking,53,96,3
test,others,DevNode4_ex53_103.wav,cooking,53,103,4
test,others,DevNode1_ex53_111.wav,cooking,53,111,1
test,others,DevNode2_ex53_119.wav,cooking,53,119,2
test,others,DevNode3_ex53_126.wav,cooking,53,126,3
test,others,DevNode4_ex53_134.wav,cooking,53,134,4
train,others,DevNode4_ex60_1.wav,dishwashing,60,1,4
train,others,DevNode1_ex60_2.wav,dishwashing,60,2,1
train,others,DevNode2_ex60_4.wav,dishwashing,60,4,2
train,others,DevNode3_ex60_6.wav,dishwashing,60,6,3
train,others,DevNode4_ex60_8.wav,dishwashing,60,8,4
train,others,DevNode1_ex60_10.wav,dishwashing,60,10,1
train,others,DevNode2_ex60_12.wav,dishwashing,60,12,2
train,others,DevNode3_ex60_14.wav,dishwashing,60,14,3
train,others,DevNode4_ex60_15.wav,dishwashing,60,15,4
train,others,DevNode1_ex60_17.wav,dishwashing,60,17,1
train,others,DevNode2_ex60_19.wav,dishwashing,60,19,2
train,others,DevNode3_ex60_21.wav,dishwashing,60,21,3
train,others,DevNode4_ex60_23.wav,dishwashing,60,23,4
train,others,DevNode1_ex60_25.wav,dishwashing,60,25,1
train,others,DevNode2_ex60_27.wav,dishwashing,60,27,2
train,others,DevNode3_ex60_28.wav,dishwashing,60,28,3
train,others,DevNode4_ex60_30.wav,dishwashing,60,30,4
train,others,DevNode1_ex60_32.wav,dishwashing,60,32,1
train,others,DevNode2_ex60_34.wav,dishwashing,60,34,2
train,others,DevNode3_ex60_36.wav,dishwashing,60,36,3
train,others,DevNode4_ex60_38.wav,dishwashing,60,38,4
train,others,DevNode1_ex60_40.wav,dishwashing,60,40,1
train,others,DevNode2_ex60_41.wav,dishwashing,60,41,2
train,others,DevNode3_ex60_43.wav,dishwashing,60,43,3
train,others,DevNode4_ex60_45.wav,dishwashing,60,45,4
train,others,DevNode1_ex60_47.wav,dishwashing,60,47,1
train,others,DevNode2_ex61_2.wav,dishwashing,61,2,2
train,others,DevNode3_ex61_4.wav,dishwashing,61,4,3
train,others,DevNode4_ex61_6.wav,dishwashing,61,6,4
train,others,DevNode1_ex61_7.wav,dishwashing,61,7,1
train,others,DevNode2_ex61_9.wav,dishwashing,61,9,2
train,others,DevNode3_ex61_11.wav,dishwashing,61,11,3
train,others,DevNode4_ex61_13.wav,dishwashing,61,13,4
train,others,DevNode1_ex61_15.wav,dishwashing,61,15,1
train,others,DevNode2_ex61_17.wav,dishwashing,61,17,2
train,others,DevNode3_ex61_19.wav,dishwashing,61,19,3
train,others,DevNode4_ex61_20.wav,dishwashing,61,20,4
train,others,DevNode1_ex61_22.wav,dishwashing,61,22,1
train,others,DevNode2_ex61_24.wav,dishwashing,61,24,2
train,others,DevNode3_ex61_26.wav,dishwashing,61,26,3
train,others,DevNode4_ex61_28.wav,dishwashing,61,28,4
train,others,DevNode1_ex61_30.wav,dishwashing,61,30,1
train,others,DevNode2_ex61_32.wav,dishwashing,61,32,2
train,others,DevNode3_ex64_1.wav,dishwashing,64,1,3
train,others,DevNode4_ex64_3.wav,dishwashing,64,3,4
train,others,DevNode1_ex64_5.wav,dishwashing,64,5,1
train,others,DevNode2_ex64_7.wav,dishwashing,64,7,2
train,others,DevNode3_ex64_9.wav,dishwashing,64,9,3
train,others,DevNode4_ex64_11.wav,dishwashing,64,11,4
train,others,DevNode1_ex64_13.wav,dishwashing,64,13,1
train,others,DevNode2_ex64_14.wav,dishwashing,64,14,2
train,others,DevNode3_ex64_16.wav,dishwashing,64,16,3
train,others,DevNode4_ex64_18.wav,dishwashing,64,18,4
train,others,DevNode1_ex64_20.wav,dishwashing,64,20,1
train,others,DevNode2_ex64_22.wav,dishwashing,64,22,2
train,others,DevNode3_ex64_24.wav,dishwashing,64,24,3
train,others,DevNode4_ex64_26.wav,dishwashing,64,26,4
train,others,DevNode1_ex64_27.wav,dishwashing,64,27,1
train,others,DevNode2_ex64_29.wav,dishwashing,64,29,2
train,others,DevNode3_ex64_31.wav,dishwashing,64,31,3
train,others,DevNode4_ex64_33.wav,dishwashing,64,33,4
train,others,DevNode1_ex64_35.wav,dishwashing,64,35,1
train,others,DevNode2_ex64_37.wav,dishwashing,64,37,2
train,others,DevNode3_ex64_39.wav,dishwashing,64,39,3
train,others,DevNode4_ex64_40.wav,dishwashing,64,40,4
train,others,DevNode1_ex64_42.wav,dishwashing,64,42,1
train,others,DevNode2_ex65_1.wav,dishwashing,65,1,2
train,others,DevNode3_ex65_3.wav,dishwashing,65,3,3
train,others,DevNode4_ex65_5.wav,dishwashing,65,5,4
train,others,DevNode1_ex65_7.wav,dishwashing,65,7,1
train,others,DevNode2_ex65_9.wav,dishwashing,65,9,2
train,others,DevNode3_ex65_10.wav,dishwashing,65,10,3
train,others,DevNode4_ex65_12.wav,dishwashing,65,12,4
train,others,DevNode1_ex65_14.wav,dishwashing,65,14,1
train,others,DevNode2_ex65_16.wav,dishwashing,65,16,2
train,others,DevNode3_ex65_18.wav,dishwashing,65,18,3
train,others,DevNode4_ex65_20.wav,dishwashing,65,20,4
val,others,DevNode4_ex56_1.wav,dishwashing,56,1,4
val,others,DevNode1_ex56_4.wav,dishwashing,56,4,1
val,others,DevNode2_ex56_7.wav,dishwashing,56,7,2
val,others,DevNode3_ex56_10.wav,dishwashing,56,10,3
val,others,DevNode4_ex56_14.wav,dishwashing,56,14,4
val,others,DevNode1_ex56_17.wav,dishwashing,56,17,1
val,others,DevNode2_ex56_20.wav,dishwashing,56,20,2
val,others,DevNode3_ex56_23.wav,dishwashing,56,23,3
val,others,DevNode4_ex56_27.wav,dishwashing,56,27,4
val,others,DevNode1_ex56_30.wav,dishwashing,56,30,1
val,others,DevNode2_ex56_33.wav,dishwashing,56,33,2
val,others,DevNode3_ex56_37.wav,dishwashing,56,37,3
val,others,DevNode4_ex56_40.wav,dishwashing,56,40,4
val,others,DevNode1_ex56_43.wav,dishwashing,56,43,1
val,others,DevNode2_ex57_3.wav,dishwashing,57,3,2
val,others,DevNode3_ex57_7.wav,dishwashing,57,7,3
val,others,DevNode4_ex57_10.wav,dishwashing,57,10,4
val,others,DevNode1_ex57_13.wav,dishwashing,57,13,1
val,others,DevNode2_ex57_16.wav,dishwashing,57,16,2
val,others,DevNode3_ex57_20.wav,dishwashing,57,20,3
val,others,DevNode4_ex57_23.wav,dishwashing,57,23,4
val,others,DevNode1_ex57_26.wav,dishwashing,57,26,1
val,others,DevNode2_ex57_30.wav,dishwashing,57,30,2
val,others,DevNode3_ex57_33.wav,dishwashing,57,33,3
val,others,DevNode4_ex57_36.wav,dishwashing,57,36,4
val,others,DevNode1_ex62_1.wav,dishwashing,62,1,1
val,others,DevNode2_ex62_5.wav,dishwashing,62,5,2
val,others,DevNode3_ex62_8.wav,dishwashing,62,8,3
val,others,DevNode4_ex62_11.wav,dishwashing,62,11,4
val,others,DevNode1_ex62_14.wav,dishwashing,62,14,1
val,others,DevNode2_ex62_18.wav,dishwashing,62,18,2
val,others,DevNode3_ex62_21.wav,dishwashing,62,21,3
val,others,DevNode4_ex62_24.wav,dishwashing,62,24,4
test,others,DevNode4_ex58_1.wav,dishwashing,58,1,4
test,others,DevNode1_ex58_4.wav,dishwashing,58,4,1
test,others,DevNode2_ex58_7.wav,dishwashing,58,7,2
test,others,DevNode3_ex58_10.wav,dishwashing,58,10,3
test,others,DevNode4_ex58_13.wav,dishwashing,58,13,4
test,others,DevNode1_ex58_16.wav,dishwashing,58,16,1
test,others,DevNode2_ex58_20.wav,dishwashing,58,20,2
test,others,DevNode3_ex58_23.wav,dishwashing,58,23,3
test,others,DevNode4_ex58_26.wav,dishwashing,58,26,4
test,others,DevNode1_ex58_29.wav,dishwashing,58,29,1
test,others,DevNode2_ex58_32.wav,dishwashing,58,32,2
test,others,DevNode3_ex58_36.wav,dishwashing,58,36,3
test,others,DevNode4_ex58_39.wav,dishwashing,58,39,4
test,others,DevNode1_ex58_42.wav,dishwashing,58,42,1
test,others,DevNode2_ex59_2.wav,dishwashing,59,2,2
test,others,DevNode3_ex59_5.wav,dishwashing,59,5,3
test,others,DevNode4_ex59_8.wav,dishwashing,59,8,4
test,others,DevNode1_ex59_12.wav,dishwashing,59,12,1
test,others,DevNode2_ex59_15.wav,dishwashing,59,15,2
test,others,DevNode3_ex59_18.wav,dishwashing,59,18,3
test,others,DevNode4_ex59_21.wav,dishwashing,59,21,4
test,others,DevNode1_ex59_24.wav,dishwashing,59,24,1
test,others,DevNode2_ex59_28.wav,dishwashing,59,28,2
test,others,DevNode3_ex59_31.wav,dishwashing,59,31,3
test,others,DevNode4_ex59_34.wav,dishwashing,59,34,4
test,others,DevNode1_ex59_37.wav,dishwashing,59,37,1
test,others,DevNode2_ex63_2.wav,dishwashing,63,2,2
test,others,DevNode3_ex63_5.wav,dishwashing,63,5,3
test,others,DevNode4_ex63_9.wav,dishwashing,63,9,4
test,others,DevNode1_ex63_12.wav,dishwashing,63,12,1
test,others,DevNode2_ex63_15.wav,dishwashing,63,15,2
test,others,DevNode3_ex63_18.wav,dishwashing,63,18,3
test,others,DevNode4_ex63_21.wav,dishwashing,63,21,4
train,others,DevNode1_ex218_1.wav,vacuum_cleaner,218,1,1
train,others,DevNode2_ex218_2.wav,vacuum_cleaner,218,2,2
train,others,DevNode3_ex218_3.wav,vacuum_cleaner,218,3,3
train,others,DevNode4_ex218_4.wav,vacuum_cleaner,218,4,4
train,others,DevNode1_ex218_6.wav,vacuum_cleaner,218,6,1
train,others,DevNode2_ex218_7.wav,vacuum_cleaner,218,7,2
train,others,DevNode3_ex218_8.wav,vacuum_cleaner,218,8,3
train,others,DevNode4_ex218_10.wav,vacuum_cleaner,218,10,4
train,others,DevNode1_ex218_11.wav,vacuum_cleaner,218,11,1
train,others,DevNode2_ex218_12.wav,vacuum_cleaner,218,12,2
train,others,DevNode3_ex218_13.wav,vacuum_cleaner,218,13,3
train,others,DevNode4_ex218_15.wav,vacuum_cleaner,218,15,4
train,others,DevNode1_ex218_16.wav,vacuum_cleaner,218,16,1
train,others,DevNode2_ex218_17.wav,vacuum_cleaner,218,17,2
train,others,DevNode3_ex218_19.wav,vacuum_cleaner,218,19,3
train,others,DevNode4_ex218_20.wav,vacuum_cleaner,218,20,4
train,others,DevNode1_ex218_21.wav,vacuum_cleaner,218,21,1
train,others,DevNode2_ex218_23.wav,vacuum_cleaner,218,23,2
train,others,DevNode3_ex218_24.wav,vacuum_cleaner,218,24,3
train,others,DevNode4_ex218_25.wav,vacuum_cleaner,218,25,4
train,others,DevNode1_ex218_26.wav,vacuum_cleaner,218,26,1
train,others,DevNode2_ex219_2.wav,vacuum_cleaner,219,2,2
train,others,DevNode3_ex219_3.wav,vacuum_cleaner,219,3,3
train,others,DevNode4_ex219_4.wav,vacuum_cleaner,219,4,4
train,others,DevNode1_ex219_6.wav,vacuum_cleaner,219,6,1
train,others,DevNode2_ex219_7.wav,vacuum_cleaner,219,7,2
train,others,DevNode3_ex219_8.wav,vacuum_cleaner,219,8,3
train,others,DevNode4_ex219_10.wav,vacuum_cleaner,219,10,4
train,others,DevNode1_ex219_11.wav,vacuum_cleaner,219,11,1
train,others,DevNode2_ex219_12.wav,vacuum_cleaner,219,12,2
train,others,DevNode3_ex219_13.wav,vacuum_cleaner,219,13,3
train,others,DevNode4_ex219_15.wav,vacuum_cleaner,219,15,4
train,others,DevNode1_ex219_16.wav,vacuum_cleaner,219,16,1
train,others,DevNode2_ex219_17.wav,vacuum_cleaner,219,17,2
train,others,DevNode3_ex219_19.wav,vacuum_cleaner,219,19,3
train,others,DevNode4_ex219_20.wav,vacuum_cleaner,219,20,4
train,others,DevNode1_ex219_21.wav,vacuum_cleaner,219,21,1
train,others,DevNode2_ex219_23.wav,vacuum_cleaner,219,23,2
train,others,DevNode3_ex219_24.wav,vacuum_cleaner,219,24,3
train,others,DevNode4_ex219_25.wav,vacuum_cleaner,219,25,4
train,others,DevNode1_ex219_26.wav,vacuum_cleaner,219,26,1
train,others,DevNode2_ex220_1.wav,vacuum_cleaner,220,1,2
train,others,DevNode3_ex220_2.wav,vacuum_cleaner,220,2,3
train,others,DevNode4_ex220_3.wav,vacuum_cleaner,220,3,4
train,others,DevNode1_ex220_5.wav,vacuum_cleaner,220,5,1
train,others,DevNode2_ex220_6.wav,vacuum_cleaner,220,6,2
train,others,DevNode3_ex220_7.wav,vacuum_cleaner,220,7,3
train,others,DevNode4_ex220_9.wav,vacuum_cleaner,220,9,4
train,others,DevNode1_ex220_10.wav,vacuum_cleaner,220,10,1
train,others,DevNode2_ex220_11.wav,vacuum_cleaner,220,11,2
train,others,DevNode3_ex220_12.wav,vacuum_cleaner,220,12,3
train,others,DevNode4_ex220_14.wav,vacuum_cleaner,220,14,4
train,others,DevNode1_ex220_15.wav,vacuum_cleaner,220,15,1
train,others,DevNode2_ex220_16.wav,vacuum_cleaner,220,16,2
train,others,DevNode3_ex220_18.wav,vacuum_cleaner,220,18,3
train,others,DevNode4_ex220_19.wav,vacuum_cleaner,220,19,4
train,others,DevNode1_ex220_20.wav,vacuum_cleaner,220,20,1
train,others,DevNode2_ex220_22.wav,vacuum_cleaner,220,22,2
train,others,DevNode3_ex220_23.wav,vacuum_cleaner,220,23,3
train,others,DevNode4_ex220_24.wav,vacuum_cleaner,220,24,4
train,others,DevNode1_ex220_25.wav,vacuum_cleaner,220,25,1
train,others,DevNode2_ex220_27.wav,vacuum_cleaner,220,27,2
train,others,DevNode3_ex220_28.wav,vacuum_cleaner,220,28,3
train,others,DevNode4_ex220_29.wav,vacuum_cleaner,220,29,4
train,others,DevNode1_ex220_31.wav,vacuum_cleaner,220,31,1
train,others,DevNode2_ex220_32.wav,vacuum_cleaner,220,32,2
train,others,DevNode3_ex220_33.wav,vacuum_cleaner,220,33,3
train,others,DevNode4_ex220_35.wav,vacuum_cleaner,220,35,4
train,others,DevNode1_ex220_36.wav,vacuum_cleaner,220,36,1
train,others,DevNode2_ex220_37.wav,vacuum_cleaner,220,37,2
train,others,DevNode3_ex220_38.wav,vacuum_cleaner,220,38,3
train,others,DevNode4_ex220_40.wav,vacuum_cleaner,220,40,4
train,others,DevNode1_ex220_41.wav,vacuum_cleaner,220,41,1
train,others,DevNode2_ex220_42.wav,vacuum_cleaner,220,42,2
train,others,DevNode3_ex220_44.wav,vacuum_cleaner,220,44,3
train,others,DevNode4_ex220_45.wav,vacuum_cleaner,220,45,4
train,others,DevNode1_ex220_46.wav,vacuum_cleaner,220,46,1
val,others,DevNode1_ex222_1.wav,vacuum_cleaner,222,1,1
val,others,DevNode2_ex222_3.wav,vacuum_cleaner,222,3,2
val,others,DevNode3_ex222_5.wav,vacuum_cleaner,222,5,3
val,others,DevNode4_ex222_7.wav,vacuum_cleaner,222,7,4
val,others,DevNode1_ex222_9.wav,vacuum_cleaner,222,9,1
val,others,DevNode2_ex222_12.wav,vacuum_cleaner,222,12,2
val,others,DevNode3_ex222_14.wav,vacuum_cleaner,222,14,3
val,others,DevNode4_ex222_16.wav,vacuum_cleaner,222,16,4
val,others,DevNode1_ex222_18.wav,vacuum_cleaner,222,18,1
val,others,DevNode2_ex222_20.wav,vacuum_cleaner,222,20,2
val,others,DevNode3_ex222_23.wav,vacuum_cleaner,222,23,3
val,others,DevNode4_ex222_25.wav,vacuum_cleaner,222,25,4
val,others,DevNode1_ex222_27.wav,vacuum_cleaner,222,27,1
val,others,DevNode2_ex222_29.wav,vacuum_cleaner,222,29,2
val,others,DevNode3_ex222_31.wav,vacuum_cleaner,222,31,3
val,others,DevNode4_ex222_34.wav,vacuum_cleaner,222,34,4
val,others,DevNode1_ex222_36.wav,vacuum_cleaner,222,36,1
val,others,DevNode2_ex222_38.wav,vacuum_cleaner,222,38,2
val,others,DevNode3_ex222_40.wav,vacuum_cleaner,222,40,3
val,others,DevNode4_ex222_43.wav,vacuum_cleaner,222,43,4
val,others,DevNode1_ex222_45.wav,vacuum_cleaner,222,45,1
val,others,DevNode2_ex225_2.wav,vacuum_cleaner,225,2,2
val,others,DevNode3_ex225_4.wav,vacuum_cleaner,225,4,3
val,others,DevNode4_ex225_6.wav,vacuum_cleaner,225,6,4
val,others,DevNode1_ex225_9.wav,vacuum_cleaner,225,9,1
val,others,DevNode2_ex225_11.wav,vacuum_cleaner,225,11,2
val,others,DevNode3_ex225_13.wav,vacuum_cleaner,225,13,3
val,others,DevNode4_ex226_2.wav,vacuum_cleaner,226,2,4
val,others,DevNode1_ex226_4.wav,vacuum_cleaner,226,4,1
val,others,DevNode2_ex226_7.wav,vacuum_cleaner,226,7,2
val,others,DevNode3_ex226_9.wav,vacuum_cleaner,226,9,3
val,others,DevNode4_ex226_11.wav,vacuum_cleaner,226,11,4
val,others,DevNode1_ex226_13.wav,vacuum_cleaner,226,13,1
test,others,DevNode1_ex221_1.wav,vacuum_cleaner,221,1,1
test,others,DevNode2_ex221_3.wav,vacuum_cleaner,221,3,2
test,others,DevNode3_ex221_5.wav,vacuum_cleaner,221,5,3
test,others,DevNode4_ex221_7.wav,vacuum_cleaner,221,7,4
test,others,DevNode1_ex221_9.wav,vacuum_cleaner,221,9,1
test,others,DevNode2_ex221_11.wav,vacuum_cleaner,221,11,2
test,others,DevNode3_ex221_13.wav,vacuum_cleaner,221,13,3
test,others,DevNode4_ex221_15.wav,vacuum_cleaner,221,15,4
test,others,DevNode1_ex221_17.wav,vacuum_cleaner,221,17,1
test,others,DevNode2_ex221_20.wav,vacuum_cleaner,221,20,2
test,others,DevNode3_ex221_22.wav,vacuum_cleaner,221,22,3
test,others,DevNode4_ex221_24.wav,vacuum_cleaner,221,24,4
test,others,DevNode1_ex221_26.wav,vacuum_cleaner,221,26,1
test,others,DevNode2_ex221_28.wav,vacuum_cleaner,221,28,2
test,others,DevNode3_ex221_30.wav,vacuum_cleaner,221,30,3
test,others,DevNode4_ex221_32.wav,vacuum_cleaner,221,32,4
test,others,DevNode1_ex221_34.wav,vacuum_cleaner,221,34,1
test,others,DevNode2_ex221_37.wav,vacuum_cleaner,221,37,2
test,others,DevNode3_ex221_39.wav,vacuum_cleaner,221,39,3
test,others,DevNode4_ex221_41.wav,vacuum_cleaner,221,41,4
test,others,DevNode1_ex223_2.wav,vacuum_cleaner,223,2,1
test,others,DevNode2_ex223_4.wav,vacuum_cleaner,223,4,2
test,others,DevNode3_ex223_6.wav,vacuum_cleaner,223,6,3
test,others,DevNode4_ex223_8.wav,vacuum_cleaner,223,8,4
test,others,DevNode1_ex223_10.wav,vacuum_cleaner,223,10,1
test,others,DevNode2_ex223_13.wav,vacuum_cleaner,223,13,2
test,others,DevNode3_ex223_15.wav,vacuum_cleaner,223,15,3
test,others,DevNode4_ex224_1.wav,vacuum_cleaner,224,1,4
test,others,DevNode1_ex224_3.wav,vacuum_cleaner,224,3,1
test,others,DevNode2_ex224_5.wav,vacuum_cleaner,224,5,2
test,others,DevNode3_ex224_7.wav,vacuum_cleaner,224,7,3
test,others,DevNode4_ex224_9.wav,vacuum_cleaner,224,9,4
test,others,DevNode1_ex224_11.wav,vacuum_cleaner,224,11,1
train,others,DevNode2_ex69_1.wav,eating,69,1,2
train,others,DevNode3_ex69_3.wav,eating,69,3,3
train,others,DevNode4_ex69_6.wav,eating,69,6,4
train,others,DevNode1_ex69_9.wav,eating,69,9,1
train,others,DevNode2_ex69_12.wav,eating,69,12,2
train,others,DevNode3_ex69_15.wav,eating,69,15,3
train,others,DevNode4_ex69_18.wav,eating,69,18,4
train,others,DevNode1_ex69_21.wav,eating,69,21,1
train,others,DevNode2_ex69_24.wav,eating,69,24,2
train,others,DevNode3_ex69_27.wav,eating,69,27,3
train,others,DevNode4_ex74_1.wav,eating,74,1,4
train,others,DevNode1_ex74_4.wav,eating,74,4,1
train,others,DevNode2_ex74_7.wav,eating,74,7,2
train,others,DevNode3_ex74_10.wav,eating,74,10,3
train,others,DevNode4_ex74_13.wav,eating,74,13,4
train,others,DevNode1_ex74_16.wav,eating,74,16,1
train,others,DevNode2_ex74_19.wav,eating,74,19,2
train,others,DevNode3_ex74_22.wav,eating,74,22,3
train,others,DevNode4_ex74_25.wav,eating,74,25,4
train,others,DevNode1_ex74_28.wav,eating,74,28,1
train,others,DevNode2_ex74_31.wav,eating,74,31,2
train,others,DevNode3_ex74_34.wav,eating,74,34,3
train,others,DevNode4_ex74_37.wav,eating,74,37,4
train,others,DevNode1_ex74_40.wav,eating,74,40,1
train,others,DevNode2_ex74_42.wav,eating,74,42,2
train,others,DevNode3_ex74_45.wav,eating,74,45,3
train,others,DevNode4_ex74_48.wav,eating,74,48,4
train,others,DevNode1_ex74_51.wav,eating,74,51,1
train,others,DevNode2_ex74_54.wav,eating,74,54,2
train,others,DevNode3_ex74_57.wav,eating,74,57,3
train,others,DevNode4_ex74_60.wav,eating,74,60,4
train,others,DevNode1_ex76_3.wav,eating,76,3,1
train,others,DevNode2_ex76_6.wav,eating,76,6,2
train,others,DevNode3_ex76_9.wav,eating,76,9,3
train,others,DevNode4_ex76_12.wav,eating,76,12,4
train,others,DevNode1_ex76_15.wav,eating,76,15,1
train,others,DevNode2_ex76_18.wav,eating,76,18,2
train,others,DevNode3_ex76_21.wav,eating,76,21,3
train,others,DevNode4_ex76_24.wav,eating,76,24,4
train,others,DevNode1_ex76_27.wav,eating,76,27,1
train,others,DevNode2_ex76_30.wav,eating,76,30,2
train,others,DevNode3_ex76_33.wav,eating,76,33,3
train,others,DevNode4_ex76_36.wav,eating,76,36,4
train,others,DevNode1_ex76_39.wav,eating,76,39,1
train,others,DevNode2_ex76_42.wav,eating,76,42,2
train,others,DevNode3_ex76_45.wav,eating,76,45,3
train,others,DevNode4_ex76_48.wav,eating,76,48,4
train,others,DevNode1_ex76_50.wav,eating,76,50,1
train,others,DevNode2_ex76_53.wav,eating,76,53,2
train,others,DevNode3_ex76_56.wav,eating,76,56,3
train,others,DevNode4_ex76_59.wav,eating,76,59,4
train,others,DevNode1_ex76_62.wav,eating,76,62,1
train,others,DevNode2_ex76_65.wav,eating,76,65,2
train,others,DevNode3_ex76_68.wav,eating,76,68,3
train,others,DevNode4_ex76_71.wav,eating,76,71,4
train,others,DevNode1_ex76_74.wav,eating,76,74,1
train,others,DevNode2_ex76_77.wav,eating,76,77,2
train,others,DevNode3_ex77_2.wav,eating,77,2,3
train,others,DevNode4_ex77_5.wav,eating,77,5,4
train,others,DevNode1_ex77_8.wav,eating,77,8,1
train,others,DevNode2_ex77_11.wav,eating,77,11,2
train,others,DevNode3_ex77_14.wav,eating,77,14,3
train,others,DevNode4_ex77_17.wav,eating,77,17,4
train,others,DevNode1_ex77_20.wav,eating,77,20,1
train,others,DevNode2_ex77_23.wav,eating,77,23,2
train,others,DevNode3_ex77_26.wav,eating,77,26,3
train,others,DevNode4_ex77_29.wav,eating,77,29,4
train,others,DevNode1_ex77_32.wav,eating,77,32,1
train,others,DevNode2_ex77_35.wav,eating,77,35,2
train,others,DevNode3_ex77_38.wav,eating,77,38,3
val,others,DevNode2_ex67_1.wav,eating,67,1,2
val,others,DevNode3_ex67_7.wav,eating,67,7,3
val,others,DevNode4_ex67_13.wav,eating,67,13,4
val,others,DevNode1_ex67_19.wav,eating,67,19,1
val,others,DevNode2_ex67_25.wav,eating,67,25,2
val,others,DevNode3_ex67_31.wav,eating,67,31,3
val,others,DevNode4_ex67_37.wav,eating,67,37,4
val,others,DevNode1_ex67_43.wav,eating,67,43,1
val,others,DevNode2_ex67_49.wav,eating,67,49,2
val,others,DevNode3_ex71_5.wav,eating,71,5,3
val,others,DevNode4_ex71_11.wav,eating,71,11,4
val,others,DevNode1_ex71_17.wav,eating,71,17,1
val,others,DevNode2_ex71_23.wav,eating,71,23,2
val,others,DevNode3_ex71_29.wav,eating,71,29,3
val,others,DevNode4_ex72_4.wav,eating,72,4,4
val,others,DevNode1_ex72_10.wav,eating,72,10,1
val,others,DevNode2_ex72_16.wav,eating,72,16,2
val,others,DevNode3_ex72_22.wav,eating,72,22,3
val,others,DevNode4_ex72_28.wav,eating,72,28,4
val,others,DevNode1_ex72_34.wav,eating,72,34,1
val,others,DevNode2_ex72_40.wav,eating,72,40,2
val,others,DevNode3_ex72_46.wav,eating,72,46,3
val,others,DevNode4_ex72_52.wav,eating,72,52,4
val,others,DevNode1_ex72_58.wav,eating,72,58,1
val,others,DevNode2_ex72_64.wav,eating,72,64,2
val,others,DevNode3_ex72_70.wav,eating,72,70,3
val,others,DevNode4_ex72_76.wav,eating,72,76,4
val,others,DevNode1_ex73_5.wav,eating,73,5,1
val,others,DevNode2_ex73_11.wav,eating,73,11,2
val,others,DevNode3_ex73_17.wav,eating,73,17,3
test,others,DevNode2_ex66_1.wav,eating,66,1,2
test,others,DevNode3_ex66_7.wav,eating,66,7,3
test,others,DevNode4_ex66_13.wav,eating,66,13,4
test,others,DevNode1_ex68_6.wav,eating,68,6,1
test,others,DevNode2_ex68_13.wav,eating,68,13,2
test,others,DevNode3_ex68_19.wav,eating,68,19,3
test,others,DevNode4_ex68_25.wav,eating,68,25,4
test,others,DevNode1_ex68_32.wav,eating,68,32,1
test,others,DevNode2_ex68_38.wav,eating,68,38,2
test,others,DevNode3_ex68_44.wav,eating,68,44,3
test,others,DevNode4_ex68_51.wav,eating,68,51,4
test,others,DevNode1_ex70_4.wav,eating,70,4,1
test,others,DevNode2_ex70_10.wav,eating,70,10,2
test,others,DevNode3_ex70_16.wav,eating,70,16,3
test,others,DevNode4_ex70_23.wav,eating,70,23,4
test,others,DevNode1_ex70_29.wav,eating,70,29,1
test,others,DevNode2_ex70_35.wav,eating,70,35,2
test,others,DevNode3_ex70_42.wav,eating,70,42,3
test,others,DevNode4_ex70_48.wav,eating,70,48,4
test,others,DevNode1_ex70_54.wav,eating,70,54,1
test,others,DevNode2_ex70_61.wav,eating,70,61,2
test,others,DevNode3_ex75_5.wav,eating,75,5,3
test,others,DevNode4_ex75_11.wav,eating,75,11,4
test,others,DevNode1_ex75_17.wav,eating,75,17,1
test,others,DevNode2_ex75_24.wav,eating,75,24,2
test,others,DevNode3_ex75_30.wav,eating,75,30,3
test,others,DevNode4_ex75_36.wav,eating,75,36,4
test,others,DevNode1_ex78_6.wav,eating,78,6,1
test,others,DevNode2_ex78_12.wav,eating,78,12,2
test,others,DevNode3_ex78_18.wav,eating,78,18,3
