path,label
/mnt/c/workspace/journal/codes/Mark4.5/data/test/media_talking_test_001.wav,media_talking
/mnt/c/workspace/journal/codes/Mark4.5/data/test/media_talking_test_002.wav,media_talking
/mnt/c/workspace/journal/codes/Mark4.5/data/test/media_talking_test_003.wav,media_talking
/mnt/c/workspace/journal/codes/Mark4.5/data/test/media_talking_test_004.wav,media_talking
/mnt/c/workspace/journal/codes/Mark4.5/data/test/media_talking_test_005.wav,media_talking
/mnt/c/workspace/journal/codes/Mark4.5/data/test/media_talking_test_006.wav,media_talking
/mnt/c/workspace/journal/codes/Mark4.5/data/test/media_talking_test_007.wav,media_talking
/mnt/c/workspace/journal/codes/Mark4.5/data/test/media_talking_test_008.wav,media_talking
/mnt/c/workspace/journal/codes/Mark4.5/data/test/media_talking_test_009.wav,media_talking
/mnt/c/workspace/journal/codes/Mark4.5/data/test/media_talking_test_010.wav,media_talking
/mnt/c/workspace/journal/codes/Mark4.5/data/test/media_talking_test_011.wav,media_talking
/mnt/c/workspace/journal/codes/Mark4.5/data/test/media_talking_test_012.wav,media_talking
/mnt/c/workspace/journal/codes/Mark4.5/data/test/media_talking_test_013.wav,media_talking
/mnt/c/workspace/journal/codes/Mark4.5/data/test/media_talking_test_014.wav,media_talking
/mnt/c/workspace/journal/codes/Mark4.5/data/test/media_talking_test_015.wav,media_talking
/mnt/c/workspace/journal/codes/Mark4.5/data/test/media_talking_test_016.wav,media_talking
/mnt/c/workspace/journal/codes/Mark4.5/data/test/media_talking_test_017.wav,media_talking
/mnt/c/workspace/journal/codes/Mark4.5/data/test/media_talking_test_018.wav,media_talking
/mnt/c/workspace/journal/codes/Mark4.5/data/test/media_talking_test_019.wav,media_talking
/mnt/c/workspace/journal/codes/Mark4.5/data/test/media_talking_test_020.wav,media_talking
/mnt/c/workspace/journal/codes/Mark4.5/data/test/media_talking_test_021.wav,media_talking
/mnt/c/workspace/journal/codes/Mark4.5/data/test/media_talking_test_022.wav,media_talking
/mnt/c/workspace/journal/codes/Mark4.5/data/test/media_talking_test_023.wav,media_talking
/mnt/c/workspace/journal/codes/Mark4.5/data/test/media_talking_test_024.wav,media_talking
/mnt/c/workspace/journal/codes/Mark4.5/data/test/media_talking_test_025.wav,media_talking
/mnt/c/workspace/journal/codes/Mark4.5/data/test/media_talking_test_026.wav,media_talking
/mnt/c/workspace/journal/codes/Mark4.5/data/test/media_talking_test_027.wav,media_talking
/mnt/c/workspace/journal/codes/Mark4.5/data/test/media_talking_test_028.wav,media_talking
/mnt/c/workspace/journal/codes/Mark4.5/data/test/media_talking_test_029.wav,media_talking
/mnt/c/workspace/journal/codes/Mark4.5/data/test/media_talking_test_030.wav,media_talking
/mnt/c/workspace/journal/codes/Mark4.5/data/test/media_talking_test_031.wav,media_talking
/mnt/c/workspace/journal/codes/Mark4.5/data/test/media_talking_test_032.wav,media_talking
/mnt/c/workspace/journal/codes/Mark4.5/data/test/media_talking_test_033.wav,media_talking
/mnt/c/workspace/journal/codes/Mark4.5/data/test/media_talking_test_034.wav,media_talking
/mnt/c/workspace/journal/codes/Mark4.5/data/test/media_talking_test_035.wav,media_talking
/mnt/c/workspace/journal/codes/Mark4.5/data/test/media_talking_test_036.wav,media_talking
/mnt/c/workspace/journal/codes/Mark4.5/data/test/media_talking_test_037.wav,media_talking
/mnt/c/workspace/journal/codes/Mark4.5/data/test/media_talking_test_038.wav,media_talking
/mnt/c/workspace/journal/codes/Mark4.5/data/test/media_talking_test_039.wav,media_talking
/mnt/c/workspace/journal/codes/Mark4.5/data/test/media_talking_test_040.wav,media_talking
/mnt/c/workspace/journal/codes/Mark4.5/data/test/media_talking_test_041.wav,media_talking
/mnt/c/workspace/journal/codes/Mark4.5/data/test/media_talking_test_042.wav,media_talking
/mnt/c/workspace/journal/codes/Mark4.5/data/test/media_talking_test_043.wav,media_talking
/mnt/c/workspace/journal/codes/Mark4.5/data/test/media_talking_test_044.wav,media_talking
/mnt/c/workspace/journal/codes/Mark4.5/data/test/media_talking_test_045.wav,media_talking
/mnt/c/workspace/journal/codes/Mark4.5/data/test/media_talking_test_046.wav,media_talking
/mnt/c/workspace/journal/codes/Mark4.5/data/test/media_talking_test_047.wav,media_talking
/mnt/c/workspace/journal/codes/Mark4.5/data/test/media_talking_test_048.wav,media_talking
/mnt/c/workspace/journal/codes/Mark4.5/data/test/media_talking_test_049.wav,media_talking
/mnt/c/workspace/journal/codes/Mark4.5/data/test/media_talking_test_050.wav,media_talking
/mnt/c/workspace/journal/codes/Mark4.5/data/test/media_talking_test_051.wav,media_talking
/mnt/c/workspace/journal/codes/Mark4.5/data/test/media_talking_test_052.wav,media_talking
/mnt/c/workspace/journal/codes/Mark4.5/data/test/media_talking_test_053.wav,media_talking
/mnt/c/workspace/journal/codes/Mark4.5/data/test/media_talking_test_054.wav,media_talking
/mnt/c/workspace/journal/codes/Mark4.5/data/test/media_talking_test_055.wav,media_talking
/mnt/c/workspace/journal/codes/Mark4.5/data/test/media_talking_test_056.wav,media_talking
/mnt/c/workspace/journal/codes/Mark4.5/data/test/media_talking_test_057.wav,media_talking
/mnt/c/workspace/journal/codes/Mark4.5/data/test/media_talking_test_058.wav,media_talking
/mnt/c/workspace/journal/codes/Mark4.5/data/test/media_talking_test_059.wav,media_talking
/mnt/c/workspace/journal/codes/Mark4.5/data/test/media_talking_test_060.wav,media_talking
/mnt/c/workspace/journal/codes/Mark4.5/data/test/media_talking_test_061.wav,media_talking
/mnt/c/workspace/journal/codes/Mark4.5/data/test/media_talking_test_062.wav,media_talking
/mnt/c/workspace/journal/codes/Mark4.5/data/test/media_talking_test_063.wav,media_talking
/mnt/c/workspace/journal/codes/Mark4.5/data/test/media_talking_test_064.wav,media_talking
/mnt/c/workspace/journal/codes/Mark4.5/data/test/media_talking_test_065.wav,media_talking
/mnt/c/workspace/journal/codes/Mark4.5/data/test/media_talking_test_066.wav,media_talking
/mnt/c/workspace/journal/codes/Mark4.5/data/test/media_talking_test_067.wav,media_talking
/mnt/c/workspace/journal/codes/Mark4.5/data/test/media_talking_test_068.wav,media_talking
/mnt/c/workspace/journal/codes/Mark4.5/data/test/media_talking_test_069.wav,media_talking
/mnt/c/workspace/journal/codes/Mark4.5/data/test/media_talking_test_070.wav,media_talking
/mnt/c/workspace/journal/codes/Mark4.5/data/test/media_talking_test_071.wav,media_talking
/mnt/c/workspace/journal/codes/Mark4.5/data/test/media_talking_test_072.wav,media_talking
/mnt/c/workspace/journal/codes/Mark4.5/data/test/media_talking_test_073.wav,media_talking
/mnt/c/workspace/journal/codes/Mark4.5/data/test/media_talking_test_074.wav,media_talking
/mnt/c/workspace/journal/codes/Mark4.5/data/test/media_talking_test_075.wav,media_talking
/mnt/c/workspace/journal/codes/Mark4.5/data/test/media_talking_test_076.wav,media_talking
/mnt/c/workspace/journal/codes/Mark4.5/data/test/media_talking_test_077.wav,media_talking
/mnt/c/workspace/journal/codes/Mark4.5/data/test/media_talking_test_078.wav,media_talking
/mnt/c/workspace/journal/codes/Mark4.5/data/test/media_talking_test_079.wav,media_talking
/mnt/c/workspace/journal/codes/Mark4.5/data/test/media_talking_test_080.wav,media_talking
/mnt/c/workspace/journal/codes/Mark4.5/data/test/media_talking_test_081.wav,media_talking
/mnt/c/workspace/journal/codes/Mark4.5/data/test/media_talking_test_082.wav,media_talking
/mnt/c/workspace/journal/codes/Mark4.5/data/test/media_talking_test_083.wav,media_talking
/mnt/c/workspace/journal/codes/Mark4.5/data/test/media_talking_test_084.wav,media_talking
/mnt/c/workspace/journal/codes/Mark4.5/data/test/media_talking_test_085.wav,media_talking
/mnt/c/workspace/journal/codes/Mark4.5/data/test/media_talking_test_086.wav,media_talking
/mnt/c/workspace/journal/codes/Mark4.5/data/test/media_talking_test_087.wav,media_talking
/mnt/c/workspace/journal/codes/Mark4.5/data/test/media_talking_test_088.wav,media_talking
/mnt/c/workspace/journal/codes/Mark4.5/data/test/media_talking_test_089.wav,media_talking
/mnt/c/workspace/journal/codes/Mark4.5/data/test/media_talking_test_090.wav,media_talking
/mnt/c/workspace/journal/codes/Mark4.5/data/test/media_talking_test_091.wav,media_talking
/mnt/c/workspace/journal/codes/Mark4.5/data/test/media_talking_test_092.wav,media_talking
/mnt/c/workspace/journal/codes/Mark4.5/data/test/media_talking_test_093.wav,media_talking
/mnt/c/workspace/journal/codes/Mark4.5/data/test/media_talking_test_094.wav,media_talking
/mnt/c/workspace/journal/codes/Mark4.5/data/test/media_talking_test_095.wav,media_talking
/mnt/c/workspace/journal/codes/Mark4.5/data/test/media_talking_test_096.wav,media_talking
/mnt/c/workspace/journal/codes/Mark4.5/data/test/media_talking_test_097.wav,media_talking
/mnt/c/workspace/journal/codes/Mark4.5/data/test/media_talking_test_098.wav,media_talking
/mnt/c/workspace/journal/codes/Mark4.5/data/test/media_talking_test_099.wav,media_talking
/mnt/c/workspace/journal/codes/Mark4.5/data/test/media_talking_test_100.wav,media_talking
/mnt/c/workspace/journal/codes/Mark4.5/data/test/media_talking_test_101.wav,media_talking
/mnt/c/workspace/journal/codes/Mark4.5/data/test/media_talking_test_102.wav,media_talking
/mnt/c/workspace/journal/codes/Mark4.5/data/test/media_talking_test_103.wav,media_talking
/mnt/c/workspace/journal/codes/Mark4.5/data/test/media_talking_test_104.wav,media_talking
/mnt/c/workspace/journal/codes/Mark4.5/data/test/media_talking_test_105.wav,media_talking
/mnt/c/workspace/journal/codes/Mark4.5/data/test/media_talking_test_106.wav,media_talking
/mnt/c/workspace/journal/codes/Mark4.5/data/test/media_talking_test_107.wav,media_talking
/mnt/c/workspace/journal/codes/Mark4.5/data/test/media_talking_test_108.wav,media_talking
/mnt/c/workspace/journal/codes/Mark4.5/data/test/media_talking_test_109.wav,media_talking
/mnt/c/workspace/journal/codes/Mark4.5/data/test/media_talking_test_110.wav,media_talking
/mnt/c/workspace/journal/codes/Mark4.5/data/test/media_talking_test_111.wav,media_talking
/mnt/c/workspace/journal/codes/Mark4.5/data/test/media_talking_test_112.wav,media_talking
/mnt/c/workspace/journal/codes/Mark4.5/data/test/media_talking_test_113.wav,media_talking
/mnt/c/workspace/journal/codes/Mark4.5/data/test/media_talking_test_114.wav,media_talking
/mnt/c/workspace/journal/codes/Mark4.5/data/test/media_talking_test_115.wav,media_talking
/mnt/c/workspace/journal/codes/Mark4.5/data/test/media_talking_test_116.wav,media_talking
/mnt/c/workspace/journal/codes/Mark4.5/data/test/media_talking_test_117.wav,media_talking
/mnt/c/workspace/journal/codes/Mark4.5/data/test/media_talking_test_118.wav,media_talking
/mnt/c/workspace/journal/codes/Mark4.5/data/test/media_talking_test_119.wav,media_talking
/mnt/c/workspace/journal/codes/Mark4.5/data/test/media_talking_test_120.wav,media_talking
/mnt/c/workspace/journal/codes/Mark4.5/data/test/media_talking_test_121.wav,media_talking
/mnt/c/workspace/journal/codes/Mark4.5/data/test/media_talking_test_122.wav,media_talking
/mnt/c/workspace/journal/codes/Mark4.5/data/test/media_talking_test_123.wav,media_talking
/mnt/c/workspace/journal/codes/Mark4.5/data/test/media_talking_test_124.wav,media_talking
/mnt/c/workspace/journal/codes/Mark4.5/data/test/media_talking_test_125.wav,media_talking
/mnt/c/workspace/journal/codes/Mark4.5/data/test/media_talking_test_126.wav,media_talking
/mnt/c/workspace/journal/codes/Mark4.5/data/test/media_talking_test_127.wav,media_talking
/mnt/c/workspace/journal/codes/Mark4.5/data/test/media_talking_test_128.wav,media_talking
/mnt/c/workspace/journal/codes/Mark4.5/data/test/media_talking_test_129.wav,media_talking
/mnt/c/workspace/journal/codes/Mark4.5/data/test/media_talking_test_130.wav,media_talking
/mnt/c/workspace/journal/codes/Mark4.5/data/test/media_talking_test_131.wav,media_talking
/mnt/c/workspace/journal/codes/Mark4.5/data/test/media_talking_test_132.wav,media_talking
/mnt/c/workspace/journal/codes/Mark4.5/data/test/media_talking_test_133.wav,media_talking
/mnt/c/workspace/journal/codes/Mark4.5/data/test/media_talking_test_134.wav,media_talking
/mnt/c/workspace/journal/codes/Mark4.5/data/test/media_talking_test_135.wav,media_talking
/mnt/c/workspace/journal/codes/Mark4.5/data/test/media_talking_test_136.wav,media_talking
/mnt/c/workspace/journal/codes/Mark4.5/data/test/media_talking_test_137.wav,media_talking
/mnt/c/workspace/journal/codes/Mark4.5/data/test/media_talking_test_138.wav,media_talking
/mnt/c/workspace/journal/codes/Mark4.5/data/test/media_talking_test_139.wav,media_talking
/mnt/c/workspace/journal/codes/Mark4.5/data/test/media_talking_test_140.wav,media_talking
/mnt/c/workspace/journal/codes/Mark4.5/data/test/media_talking_test_141.wav,media_talking
/mnt/c/workspace/journal/codes/Mark4.5/data/test/media_talking_test_142.wav,media_talking
/mnt/c/workspace/journal/codes/Mark4.5/data/test/media_talking_test_143.wav,media_talking
/mnt/c/workspace/journal/codes/Mark4.5/data/test/media_talking_test_144.wav,media_talking
/mnt/c/workspace/journal/codes/Mark4.5/data/test/media_talking_test_145.wav,media_talking
/mnt/c/workspace/journal/codes/Mark4.5/data/test/media_talking_test_146.wav,media_talking
/mnt/c/workspace/journal/codes/Mark4.5/data/test/media_talking_test_147.wav,media_talking
/mnt/c/workspace/journal/codes/Mark4.5/data/test/media_talking_test_148.wav,media_talking
/mnt/c/workspace/journal/codes/Mark4.5/data/test/media_talking_test_149.wav,media_talking
/mnt/c/workspace/journal/codes/Mark4.5/data/test/media_talking_test_150.wav,media_talking
/mnt/c/workspace/journal/codes/Mark4.5/data/test/media_talking_test_151.wav,media_talking
/mnt/c/workspace/journal/codes/Mark4.5/data/test/media_talking_test_152.wav,media_talking
/mnt/c/workspace/journal/codes/Mark4.5/data/test/media_talking_test_153.wav,media_talking
/mnt/c/workspace/journal/codes/Mark4.5/data/test/media_talking_test_154.wav,media_talking
/mnt/c/workspace/journal/codes/Mark4.5/data/test/media_talking_test_155.wav,media_talking
/mnt/c/workspace/journal/codes/Mark4.5/data/test/media_talking_test_156.wav,media_talking
/mnt/c/workspace/journal/codes/Mark4.5/data/test/media_talking_test_157.wav,media_talking
/mnt/c/workspace/journal/codes/Mark4.5/data/test/media_talking_test_158.wav,media_talking
/mnt/c/workspace/journal/codes/Mark4.5/data/test/media_talking_test_159.wav,media_talking
/mnt/c/workspace/journal/codes/Mark4.5/data/test/media_talking_test_160.wav,media_talking
/mnt/c/workspace/journal/codes/Mark4.5/data/test/media_talking_test_161.wav,media_talking
/mnt/c/workspace/journal/codes/Mark4.5/data/test/media_talking_test_162.wav,media_talking
/mnt/c/workspace/journal/codes/Mark4.5/data/test/media_talking_test_163.wav,media_talking
/mnt/c/workspace/journal/codes/Mark4.5/data/test/media_talking_test_164.wav,media_talking
/mnt/c/workspace/journal/codes/Mark4.5/data/test/media_talking_test_165.wav,media_talking
/mnt/c/workspace/journal/codes/Mark4.5/data/test/media_talking_test_166.wav,media_talking
/mnt/c/workspace/journal/codes/Mark4.5/data/test/media_talking_test_167.wav,media_talking
/mnt/c/workspace/journal/codes/Mark4.5/data/test/media_talking_test_168.wav,media_talking
/mnt/c/workspace/journal/codes/Mark4.5/data/test/media_talking_test_169.wav,media_talking
/mnt/c/workspace/journal/codes/Mark4.5/data/test/media_talking_test_170.wav,media_talking
/mnt/c/workspace/journal/codes/Mark4.5/data/test/media_talking_test_171.wav,media_talking
/mnt/c/workspace/journal/codes/Mark4.5/data/test/media_talking_test_172.wav,media_talking
/mnt/c/workspace/journal/codes/Mark4.5/data/test/media_talking_test_173.wav,media_talking
/mnt/c/workspace/journal/codes/Mark4.5/data/test/media_talking_test_174.wav,media_talking
/mnt/c/workspace/journal/codes/Mark4.5/data/test/media_talking_test_175.wav,media_talking
/mnt/c/workspace/journal/codes/Mark4.5/data/test/media_talking_test_176.wav,media_talking
/mnt/c/workspace/journal/codes/Mark4.5/data/test/media_talking_test_177.wav,media_talking
/mnt/c/workspace/journal/codes/Mark4.5/data/test/media_talking_test_178.wav,media_talking
/mnt/c/workspace/journal/codes/Mark4.5/data/test/media_talking_test_179.wav,media_talking
/mnt/c/workspace/journal/codes/Mark4.5/data/test/media_talking_test_180.wav,media_talking
/mnt/c/workspace/journal/codes/Mark4.5/data/test/media_talking_test_181.wav,media_talking
/mnt/c/workspace/journal/codes/Mark4.5/data/test/media_talking_test_182.wav,media_talking
/mnt/c/workspace/journal/codes/Mark4.5/data/test/media_talking_test_183.wav,media_talking
/mnt/c/workspace/journal/codes/Mark4.5/data/test/media_talking_test_184.wav,media_talking
/mnt/c/workspace/journal/codes/Mark4.5/data/test/media_talking_test_185.wav,media_talking
/mnt/c/workspace/journal/codes/Mark4.5/data/test/media_talking_test_186.wav,media_talking
/mnt/c/workspace/journal/codes/Mark4.5/data/test/media_talking_test_187.wav,media_talking
/mnt/c/workspace/journal/codes/Mark4.5/data/test/media_talking_test_188.wav,media_talking
/mnt/c/workspace/journal/codes/Mark4.5/data/test/media_talking_test_189.wav,media_talking
/mnt/c/workspace/journal/codes/Mark4.5/data/test/media_talking_test_190.wav,media_talking
/mnt/c/workspace/journal/codes/Mark4.5/data/test/media_talking_test_191.wav,media_talking
/mnt/c/workspace/journal/codes/Mark4.5/data/test/media_talking_test_192.wav,media_talking
/mnt/c/workspace/journal/codes/Mark4.5/data/test/media_talking_test_193.wav,media_talking
/mnt/c/workspace/journal/codes/Mark4.5/data/test/media_talking_test_194.wav,media_talking
/mnt/c/workspace/journal/codes/Mark4.5/data/test/media_talking_test_195.wav,media_talking
/mnt/c/workspace/journal/codes/Mark4.5/data/test/media_talking_test_196.wav,media_talking
/mnt/c/workspace/journal/codes/Mark4.5/data/test/media_talking_test_197.wav,media_talking
/mnt/c/workspace/journal/codes/Mark4.5/data/test/media_talking_test_198.wav,media_talking
/mnt/c/workspace/journal/codes/Mark4.5/data/test/media_talking_test_199.wav,media_talking
/mnt/c/workspace/journal/codes/Mark4.5/data/test/media_talking_test_200.wav,media_talking
/mnt/c/workspace/journal/codes/Mark4.5/data/test/media_talking_test_201.wav,media_talking
/mnt/c/workspace/journal/codes/Mark4.5/data/test/media_talking_test_202.wav,media_talking
/mnt/c/workspace/journal/codes/Mark4.5/data/test/media_talking_test_203.wav,media_talking
/mnt/c/workspace/journal/codes/Mark4.5/data/test/media_talking_test_204.wav,media_talking
/mnt/c/workspace/journal/codes/Mark4.5/data/test/media_talking_test_205.wav,media_talking
/mnt/c/workspace/journal/codes/Mark4.5/data/test/media_talking_test_206.wav,media_talking
/mnt/c/workspace/journal/codes/Mark4.5/data/test/media_talking_test_207.wav,media_talking
/mnt/c/workspace/journal/codes/Mark4.5/data/test/media_talking_test_208.wav,media_talking
/mnt/c/workspace/journal/codes/Mark4.5/data/test/media_talking_test_209.wav,media_talking
/mnt/c/workspace/journal/codes/Mark4.5/data/test/media_talking_test_210.wav,media_talking
/mnt/c/workspace/journal/codes/Mark4.5/data/test/media_talking_test_211.wav,media_talking
/mnt/c/workspace/journal/codes/Mark4.5/data/test/media_talking_test_212.wav,media_talking
/mnt/c/workspace/journal/codes/Mark4.5/data/test/media_talking_test_213.wav,media_talking
/mnt/c/workspace/journal/codes/Mark4.5/data/test/media_talking_test_214.wav,media_talking
/mnt/c/workspace/journal/codes/Mark4.5/data/test/media_talking_test_215.wav,media_talking
/mnt/c/workspace/journal/codes/Mark4.5/data/test/others_test_216.wav,others
/mnt/c/workspace/journal/codes/Mark4.5/data/test/others_test_217.wav,others
/mnt/c/workspace/journal/codes/Mark4.5/data/test/others_test_218.wav,others
/mnt/c/workspace/journal/codes/Mark4.5/data/test/others_test_219.wav,others
/mnt/c/workspace/journal/codes/Mark4.5/data/test/others_test_220.wav,others
/mnt/c/workspace/journal/codes/Mark4.5/data/test/others_test_221.wav,others
/mnt/c/workspace/journal/codes/Mark4.5/data/test/others_test_222.wav,others
/mnt/c/workspace/journal/codes/Mark4.5/data/test/others_test_223.wav,others
/mnt/c/workspace/journal/codes/Mark4.5/data/test/others_test_224.wav,others
/mnt/c/workspace/journal/codes/Mark4.5/data/test/others_test_225.wav,others
/mnt/c/workspace/journal/codes/Mark4.5/data/test/others_test_226.wav,others
/mnt/c/workspace/journal/codes/Mark4.5/data/test/others_test_227.wav,others
/mnt/c/workspace/journal/codes/Mark4.5/data/test/others_test_228.wav,others
/mnt/c/workspace/journal/codes/Mark4.5/data/test/others_test_229.wav,others
/mnt/c/workspace/journal/codes/Mark4.5/data/test/others_test_230.wav,others
/mnt/c/workspace/journal/codes/Mark4.5/data/test/others_test_231.wav,others
/mnt/c/workspace/journal/codes/Mark4.5/data/test/others_test_232.wav,others
/mnt/c/workspace/journal/codes/Mark4.5/data/test/others_test_233.wav,others
/mnt/c/workspace/journal/codes/Mark4.5/data/test/others_test_234.wav,others
/mnt/c/workspace/journal/codes/Mark4.5/data/test/others_test_235.wav,others
/mnt/c/workspace/journal/codes/Mark4.5/data/test/others_test_236.wav,others
/mnt/c/workspace/journal/codes/Mark4.5/data/test/others_test_237.wav,others
/mnt/c/workspace/journal/codes/Mark4.5/data/test/others_test_238.wav,others
/mnt/c/workspace/journal/codes/Mark4.5/data/test/others_test_239.wav,others
/mnt/c/workspace/journal/codes/Mark4.5/data/test/others_test_240.wav,others
/mnt/c/workspace/journal/codes/Mark4.5/data/test/others_test_241.wav,others
/mnt/c/workspace/journal/codes/Mark4.5/data/test/others_test_242.wav,others
/mnt/c/workspace/journal/codes/Mark4.5/data/test/others_test_243.wav,others
/mnt/c/workspace/journal/codes/Mark4.5/data/test/others_test_244.wav,others
/mnt/c/workspace/journal/codes/Mark4.5/data/test/others_test_245.wav,others
/mnt/c/workspace/journal/codes/Mark4.5/data/test/others_test_246.wav,others
/mnt/c/workspace/journal/codes/Mark4.5/data/test/others_test_247.wav,others
/mnt/c/workspace/journal/codes/Mark4.5/data/test/others_test_248.wav,others
/mnt/c/workspace/journal/codes/Mark4.5/data/test/others_test_249.wav,others
/mnt/c/workspace/journal/codes/Mark4.5/data/test/others_test_250.wav,others
/mnt/c/workspace/journal/codes/Mark4.5/data/test/others_test_251.wav,others
/mnt/c/workspace/journal/codes/Mark4.5/data/test/others_test_252.wav,others
/mnt/c/workspace/journal/codes/Mark4.5/data/test/others_test_253.wav,others
/mnt/c/workspace/journal/codes/Mark4.5/data/test/others_test_254.wav,others
/mnt/c/workspace/journal/codes/Mark4.5/data/test/others_test_255.wav,others
/mnt/c/workspace/journal/codes/Mark4.5/data/test/others_test_256.wav,others
/mnt/c/workspace/journal/codes/Mark4.5/data/test/others_test_257.wav,others
/mnt/c/workspace/journal/codes/Mark4.5/data/test/others_test_258.wav,others
/mnt/c/workspace/journal/codes/Mark4.5/data/test/others_test_259.wav,others
/mnt/c/workspace/journal/codes/Mark4.5/data/test/others_test_260.wav,others
/mnt/c/workspace/journal/codes/Mark4.5/data/test/others_test_261.wav,others
/mnt/c/workspace/journal/codes/Mark4.5/data/test/others_test_262.wav,others
/mnt/c/workspace/journal/codes/Mark4.5/data/test/others_test_263.wav,others
/mnt/c/workspace/journal/codes/Mark4.5/data/test/others_test_264.wav,others
/mnt/c/workspace/journal/codes/Mark4.5/data/test/others_test_265.wav,others
/mnt/c/workspace/journal/codes/Mark4.5/data/test/others_test_266.wav,others
/mnt/c/workspace/journal/codes/Mark4.5/data/test/others_test_267.wav,others
/mnt/c/workspace/journal/codes/Mark4.5/data/test/others_test_268.wav,others
/mnt/c/workspace/journal/codes/Mark4.5/data/test/others_test_269.wav,others
/mnt/c/workspace/journal/codes/Mark4.5/data/test/others_test_270.wav,others
/mnt/c/workspace/journal/codes/Mark4.5/data/test/others_test_271.wav,others
/mnt/c/workspace/journal/codes/Mark4.5/data/test/others_test_272.wav,others
/mnt/c/workspace/journal/codes/Mark4.5/data/test/others_test_273.wav,others
/mnt/c/workspace/journal/codes/Mark4.5/data/test/others_test_274.wav,others
/mnt/c/workspace/journal/codes/Mark4.5/data/test/others_test_275.wav,others
/mnt/c/workspace/journal/codes/Mark4.5/data/test/others_test_276.wav,others
/mnt/c/workspace/journal/codes/Mark4.5/data/test/others_test_277.wav,others
/mnt/c/workspace/journal/codes/Mark4.5/data/test/others_test_278.wav,others
/mnt/c/workspace/journal/codes/Mark4.5/data/test/others_test_279.wav,others
/mnt/c/workspace/journal/codes/Mark4.5/data/test/others_test_280.wav,others
/mnt/c/workspace/journal/codes/Mark4.5/data/test/others_test_281.wav,others
/mnt/c/workspace/journal/codes/Mark4.5/data/test/others_test_282.wav,others
/mnt/c/workspace/journal/codes/Mark4.5/data/test/others_test_283.wav,others
/mnt/c/workspace/journal/codes/Mark4.5/data/test/others_test_284.wav,others
/mnt/c/workspace/journal/codes/Mark4.5/data/test/others_test_285.wav,others
/mnt/c/workspace/journal/codes/Mark4.5/data/test/others_test_286.wav,others
/mnt/c/workspace/journal/codes/Mark4.5/data/test/others_test_287.wav,others
/mnt/c/workspace/journal/codes/Mark4.5/data/test/others_test_288.wav,others
/mnt/c/workspace/journal/codes/Mark4.5/data/test/others_test_289.wav,others
/mnt/c/workspace/journal/codes/Mark4.5/data/test/others_test_290.wav,others
/mnt/c/workspace/journal/codes/Mark4.5/data/test/others_test_291.wav,others
/mnt/c/workspace/journal/codes/Mark4.5/data/test/others_test_292.wav,others
/mnt/c/workspace/journal/codes/Mark4.5/data/test/others_test_293.wav,others
/mnt/c/workspace/journal/codes/Mark4.5/data/test/others_test_294.wav,others
/mnt/c/workspace/journal/codes/Mark4.5/data/test/others_test_295.wav,others
/mnt/c/workspace/journal/codes/Mark4.5/data/test/others_test_296.wav,others
/mnt/c/workspace/journal/codes/Mark4.5/data/test/others_test_297.wav,others
/mnt/c/workspace/journal/codes/Mark4.5/data/test/others_test_298.wav,others
/mnt/c/workspace/journal/codes/Mark4.5/data/test/others_test_299.wav,others
/mnt/c/workspace/journal/codes/Mark4.5/data/test/others_test_300.wav,others
/mnt/c/workspace/journal/codes/Mark4.5/data/test/others_test_301.wav,others
/mnt/c/workspace/journal/codes/Mark4.5/data/test/others_test_302.wav,others
/mnt/c/workspace/journal/codes/Mark4.5/data/test/others_test_303.wav,others
/mnt/c/workspace/journal/codes/Mark4.5/data/test/others_test_304.wav,others
/mnt/c/workspace/journal/codes/Mark4.5/data/test/others_test_305.wav,others
/mnt/c/workspace/journal/codes/Mark4.5/data/test/others_test_306.wav,others
/mnt/c/workspace/journal/codes/Mark4.5/data/test/others_test_307.wav,others
/mnt/c/workspace/journal/codes/Mark4.5/data/test/others_test_308.wav,others
/mnt/c/workspace/journal/codes/Mark4.5/data/test/others_test_309.wav,others
/mnt/c/workspace/journal/codes/Mark4.5/data/test/others_test_310.wav,others
/mnt/c/workspace/journal/codes/Mark4.5/data/test/others_test_311.wav,others
/mnt/c/workspace/journal/codes/Mark4.5/data/test/others_test_312.wav,others
/mnt/c/workspace/journal/codes/Mark4.5/data/test/others_test_313.wav,others
/mnt/c/workspace/journal/codes/Mark4.5/data/test/others_test_314.wav,others
/mnt/c/workspace/journal/codes/Mark4.5/data/test/others_test_315.wav,others
/mnt/c/workspace/journal/codes/Mark4.5/data/test/others_test_316.wav,others
/mnt/c/workspace/journal/codes/Mark4.5/data/test/others_test_317.wav,others
/mnt/c/workspace/journal/codes/Mark4.5/data/test/others_test_318.wav,others
/mnt/c/workspace/journal/codes/Mark4.5/data/test/others_test_319.wav,others
/mnt/c/workspace/journal/codes/Mark4.5/data/test/others_test_320.wav,others
/mnt/c/workspace/journal/codes/Mark4.5/data/test/others_test_321.wav,others
/mnt/c/workspace/journal/codes/Mark4.5/data/test/others_test_322.wav,others
/mnt/c/workspace/journal/codes/Mark4.5/data/test/others_test_323.wav,others
/mnt/c/workspace/journal/codes/Mark4.5/data/test/others_test_324.wav,others
/mnt/c/workspace/journal/codes/Mark4.5/data/test/others_test_325.wav,others
/mnt/c/workspace/journal/codes/Mark4.5/data/test/others_test_326.wav,others
/mnt/c/workspace/journal/codes/Mark4.5/data/test/others_test_327.wav,others
/mnt/c/workspace/journal/codes/Mark4.5/data/test/others_test_328.wav,others
/mnt/c/workspace/journal/codes/Mark4.5/data/test/others_test_329.wav,others
/mnt/c/workspace/journal/codes/Mark4.5/data/test/others_test_330.wav,others
/mnt/c/workspace/journal/codes/Mark4.5/data/test/others_test_331.wav,others
/mnt/c/workspace/journal/codes/Mark4.5/data/test/others_test_332.wav,others
/mnt/c/workspace/journal/codes/Mark4.5/data/test/others_test_333.wav,others
/mnt/c/workspace/journal/codes/Mark4.5/data/test/others_test_334.wav,others
/mnt/c/workspace/journal/codes/Mark4.5/data/test/others_test_335.wav,others
/mnt/c/workspace/journal/codes/Mark4.5/data/test/others_test_336.wav,others
/mnt/c/workspace/journal/codes/Mark4.5/data/test/others_test_337.wav,others
/mnt/c/workspace/journal/codes/Mark4.5/data/test/others_test_338.wav,others
/mnt/c/workspace/journal/codes/Mark4.5/data/test/others_test_339.wav,others
/mnt/c/workspace/journal/codes/Mark4.5/data/test/others_test_340.wav,others
/mnt/c/workspace/journal/codes/Mark4.5/data/test/others_test_341.wav,others
/mnt/c/workspace/journal/codes/Mark4.5/data/test/others_test_342.wav,others
/mnt/c/workspace/journal/codes/Mark4.5/data/test/others_test_343.wav,others
/mnt/c/workspace/journal/codes/Mark4.5/data/test/others_test_344.wav,others
/mnt/c/workspace/journal/codes/Mark4.5/data/test/others_test_345.wav,others
/mnt/c/workspace/journal/codes/Mark4.5/data/test/others_test_346.wav,others
/mnt/c/workspace/journal/codes/Mark4.5/data/test/others_test_347.wav,others
/mnt/c/workspace/journal/codes/Mark4.5/data/test/others_test_348.wav,others
/mnt/c/workspace/journal/codes/Mark4.5/data/test/others_test_349.wav,others
/mnt/c/workspace/journal/codes/Mark4.5/data/test/others_test_350.wav,others
/mnt/c/workspace/journal/codes/Mark4.5/data/test/others_test_351.wav,others
/mnt/c/workspace/journal/codes/Mark4.5/data/test/others_test_352.wav,others
/mnt/c/workspace/journal/codes/Mark4.5/data/test/others_test_353.wav,others
/mnt/c/workspace/journal/codes/Mark4.5/data/test/others_test_354.wav,others
/mnt/c/workspace/journal/codes/Mark4.5/data/test/others_test_355.wav,others
/mnt/c/workspace/journal/codes/Mark4.5/data/test/others_test_356.wav,others
/mnt/c/workspace/journal/codes/Mark4.5/data/test/others_test_357.wav,others
/mnt/c/workspace/journal/codes/Mark4.5/data/test/others_test_358.wav,others
/mnt/c/workspace/journal/codes/Mark4.5/data/test/others_test_359.wav,others
/mnt/c/workspace/journal/codes/Mark4.5/data/test/others_test_360.wav,others
/mnt/c/workspace/journal/codes/Mark4.5/data/test/others_test_361.wav,others
/mnt/c/workspace/journal/codes/Mark4.5/data/test/others_test_362.wav,others
/mnt/c/workspace/journal/codes/Mark4.5/data/test/others_test_363.wav,others
/mnt/c/workspace/journal/codes/Mark4.5/data/test/others_test_364.wav,others
/mnt/c/workspace/journal/codes/Mark4.5/data/test/others_test_365.wav,others
/mnt/c/workspace/journal/codes/Mark4.5/data/test/others_test_366.wav,others
/mnt/c/workspace/journal/codes/Mark4.5/data/test/others_test_367.wav,others
/mnt/c/workspace/journal/codes/Mark4.5/data/test/others_test_368.wav,others
/mnt/c/workspace/journal/codes/Mark4.5/data/test/others_test_369.wav,others
/mnt/c/workspace/journal/codes/Mark4.5/data/test/others_test_370.wav,others
/mnt/c/workspace/journal/codes/Mark4.5/data/test/others_test_371.wav,others
/mnt/c/workspace/journal/codes/Mark4.5/data/test/others_test_372.wav,others
/mnt/c/workspace/journal/codes/Mark4.5/data/test/others_test_373.wav,others
/mnt/c/workspace/journal/codes/Mark4.5/data/test/others_test_374.wav,others
/mnt/c/workspace/journal/codes/Mark4.5/data/test/others_test_375.wav,others
/mnt/c/workspace/journal/codes/Mark4.5/data/test/others_test_376.wav,others
/mnt/c/workspace/journal/codes/Mark4.5/data/test/others_test_377.wav,others
/mnt/c/workspace/journal/codes/Mark4.5/data/test/others_test_378.wav,others
/mnt/c/workspace/journal/codes/Mark4.5/data/test/others_test_379.wav,others
/mnt/c/workspace/journal/codes/Mark4.5/data/test/others_test_380.wav,others
/mnt/c/workspace/journal/codes/Mark4.5/data/test/others_test_381.wav,others
/mnt/c/workspace/journal/codes/Mark4.5/data/test/others_test_382.wav,others
/mnt/c/workspace/journal/codes/Mark4.5/data/test/others_test_383.wav,others
/mnt/c/workspace/journal/codes/Mark4.5/data/test/others_test_384.wav,others
/mnt/c/workspace/journal/codes/Mark4.5/data/test/others_test_385.wav,others
/mnt/c/workspace/journal/codes/Mark4.5/data/test/others_test_386.wav,others
/mnt/c/workspace/journal/codes/Mark4.5/data/test/others_test_387.wav,others
/mnt/c/workspace/journal/codes/Mark4.5/data/test/others_test_388.wav,others
/mnt/c/workspace/journal/codes/Mark4.5/data/test/others_test_389.wav,others
/mnt/c/workspace/journal/codes/Mark4.5/data/test/others_test_390.wav,others
/mnt/c/workspace/journal/codes/Mark4.5/data/test/others_test_391.wav,others
/mnt/c/workspace/journal/codes/Mark4.5/data/test/others_test_392.wav,others
/mnt/c/workspace/journal/codes/Mark4.5/data/test/others_test_393.wav,others
/mnt/c/workspace/journal/codes/Mark4.5/data/test/others_test_394.wav,others
/mnt/c/workspace/journal/codes/Mark4.5/data/test/others_test_395.wav,others
/mnt/c/workspace/journal/codes/Mark4.5/data/test/others_test_396.wav,others
/mnt/c/workspace/journal/codes/Mark4.5/data/test/others_test_397.wav,others
/mnt/c/workspace/journal/codes/Mark4.5/data/test/others_test_398.wav,others
/mnt/c/workspace/journal/codes/Mark4.5/data/test/others_test_399.wav,others
/mnt/c/workspace/journal/codes/Mark4.5/data/test/others_test_400.wav,others
/mnt/c/workspace/journal/codes/Mark4.5/data/test/others_test_401.wav,others
/mnt/c/workspace/journal/codes/Mark4.5/data/test/others_test_402.wav,others
/mnt/c/workspace/journal/codes/Mark4.5/data/test/others_test_403.wav,others
/mnt/c/workspace/journal/codes/Mark4.5/data/test/others_test_404.wav,others
/mnt/c/workspace/journal/codes/Mark4.5/data/test/others_test_405.wav,others
/mnt/c/workspace/journal/codes/Mark4.5/data/test/others_test_406.wav,others
/mnt/c/workspace/journal/codes/Mark4.5/data/test/others_test_407.wav,others
/mnt/c/workspace/journal/codes/Mark4.5/data/test/others_test_408.wav,others
/mnt/c/workspace/journal/codes/Mark4.5/data/test/others_test_409.wav,others
/mnt/c/workspace/journal/codes/Mark4.5/data/test/others_test_410.wav,others
/mnt/c/workspace/journal/codes/Mark4.5/data/test/others_test_411.wav,others
/mnt/c/workspace/journal/codes/Mark4.5/data/test/others_test_412.wav,others
/mnt/c/workspace/journal/codes/Mark4.5/data/test/others_test_413.wav,others
/mnt/c/workspace/journal/codes/Mark4.5/data/test/others_test_414.wav,others
/mnt/c/workspace/journal/codes/Mark4.5/data/test/others_test_415.wav,others
/mnt/c/workspace/journal/codes/Mark4.5/data/test/others_test_416.wav,others
/mnt/c/workspace/journal/codes/Mark4.5/data/test/others_test_417.wav,others
/mnt/c/workspace/journal/codes/Mark4.5/data/test/others_test_418.wav,others
/mnt/c/workspace/journal/codes/Mark4.5/data/test/others_test_419.wav,others
/mnt/c/workspace/journal/codes/Mark4.5/data/test/others_test_420.wav,others
/mnt/c/workspace/journal/codes/Mark4.5/data/test/others_test_421.wav,others
/mnt/c/workspace/journal/codes/Mark4.5/data/test/others_test_422.wav,others
/mnt/c/workspace/journal/codes/Mark4.5/data/test/others_test_423.wav,others
/mnt/c/workspace/journal/codes/Mark4.5/data/test/others_test_424.wav,others
/mnt/c/workspace/journal/codes/Mark4.5/data/test/others_test_425.wav,others
/mnt/c/workspace/journal/codes/Mark4.5/data/test/others_test_426.wav,others
/mnt/c/workspace/journal/codes/Mark4.5/data/test/others_test_427.wav,others
/mnt/c/workspace/journal/codes/Mark4.5/data/test/others_test_428.wav,others
/mnt/c/workspace/journal/codes/Mark4.5/data/test/others_test_429.wav,others
/mnt/c/workspace/journal/codes/Mark4.5/data/test/others_test_430.wav,others
/mnt/c/workspace/journal/codes/Mark4.5/data/train/media_talking_train_001.wav,media_talking
/mnt/c/workspace/journal/codes/Mark4.5/data/train/media_talking_train_002.wav,media_talking
/mnt/c/workspace/journal/codes/Mark4.5/data/train/media_talking_train_003.wav,media_talking
/mnt/c/workspace/journal/codes/Mark4.5/data/train/media_talking_train_004.wav,media_talking
/mnt/c/workspace/journal/codes/Mark4.5/data/train/media_talking_train_005.wav,media_talking
/mnt/c/workspace/journal/codes/Mark4.5/data/train/media_talking_train_006.wav,media_talking
/mnt/c/workspace/journal/codes/Mark4.5/data/train/media_talking_train_007.wav,media_talking
/mnt/c/workspace/journal/codes/Mark4.5/data/train/media_talking_train_008.wav,media_talking
/mnt/c/workspace/journal/codes/Mark4.5/data/train/media_talking_train_009.wav,media_talking
/mnt/c/workspace/journal/codes/Mark4.5/data/train/media_talking_train_010.wav,media_talking
/mnt/c/workspace/journal/codes/Mark4.5/data/train/media_talking_train_011.wav,media_talking
/mnt/c/workspace/journal/codes/Mark4.5/data/train/media_talking_train_012.wav,media_talking
/mnt/c/workspace/journal/codes/Mark4.5/data/train/media_talking_train_013.wav,media_talking
/mnt/c/workspace/journal/codes/Mark4.5/data/train/media_talking_train_014.wav,media_talking
/mnt/c/workspace/journal/codes/Mark4.5/data/train/media_talking_train_015.wav,media_talking
/mnt/c/workspace/journal/codes/Mark4.5/data/train/media_talking_train_016.wav,media_talking
/mnt/c/workspace/journal/codes/Mark4.5/data/train/media_talking_train_017.wav,media_talking
/mnt/c/workspace/journal/codes/Mark4.5/data/train/media_talking_train_018.wav,media_talking
/mnt/c/workspace/journal/codes/Mark4.5/data/train/media_talking_train_019.wav,media_talking
/mnt/c/workspace/journal/codes/Mark4.5/data/train/media_talking_train_020.wav,media_talking
/mnt/c/workspace/journal/codes/Mark4.5/data/train/media_talking_train_021.wav,media_talking
/mnt/c/workspace/journal/codes/Mark4.5/data/train/media_talking_train_022.wav,media_talking
/mnt/c/workspace/journal/codes/Mark4.5/data/train/media_talking_train_023.wav,media_talking
/mnt/c/workspace/journal/codes/Mark4.5/data/train/media_talking_train_024.wav,media_talking
/mnt/c/workspace/journal/codes/Mark4.5/data/train/media_talking_train_025.wav,media_talking
/mnt/c/workspace/journal/codes/Mark4.5/data/train/media_talking_train_026.wav,media_talking
/mnt/c/workspace/journal/codes/Mark4.5/data/train/media_talking_train_027.wav,media_talking
/mnt/c/workspace/journal/codes/Mark4.5/data/train/media_talking_train_028.wav,media_talking
/mnt/c/workspace/journal/codes/Mark4.5/data/train/media_talking_train_029.wav,media_talking
/mnt/c/workspace/journal/codes/Mark4.5/data/train/media_talking_train_030.wav,media_talking
/mnt/c/workspace/journal/codes/Mark4.5/data/train/media_talking_train_031.wav,media_talking
/mnt/c/workspace/journal/codes/Mark4.5/data/train/media_talking_train_032.wav,media_talking
/mnt/c/workspace/journal/codes/Mark4.5/data/train/media_talking_train_033.wav,media_talking
/mnt/c/workspace/journal/codes/Mark4.5/data/train/media_talking_train_034.wav,media_talking
/mnt/c/workspace/journal/codes/Mark4.5/data/train/media_talking_train_035.wav,media_talking
/mnt/c/workspace/journal/codes/Mark4.5/data/train/media_talking_train_036.wav,media_talking
/mnt/c/workspace/journal/codes/Mark4.5/data/train/media_talking_train_037.wav,media_talking
/mnt/c/workspace/journal/codes/Mark4.5/data/train/media_talking_train_038.wav,media_talking
/mnt/c/workspace/journal/codes/Mark4.5/data/train/media_talking_train_039.wav,media_talking
/mnt/c/workspace/journal/codes/Mark4.5/data/train/media_talking_train_040.wav,media_talking
/mnt/c/workspace/journal/codes/Mark4.5/data/train/media_talking_train_041.wav,media_talking
/mnt/c/workspace/journal/codes/Mark4.5/data/train/media_talking_train_042.wav,media_talking
/mnt/c/workspace/journal/codes/Mark4.5/data/train/media_talking_train_043.wav,media_talking
/mnt/c/workspace/journal/codes/Mark4.5/data/train/media_talking_train_044.wav,media_talking
/mnt/c/workspace/journal/codes/Mark4.5/data/train/media_talking_train_045.wav,media_talking
/mnt/c/workspace/journal/codes/Mark4.5/data/train/media_talking_train_046.wav,media_talking
/mnt/c/workspace/journal/codes/Mark4.5/data/train/media_talking_train_047.wav,media_talking
/mnt/c/workspace/journal/codes/Mark4.5/data/train/media_talking_train_048.wav,media_talking
/mnt/c/workspace/journal/codes/Mark4.5/data/train/media_talking_train_049.wav,media_talking
/mnt/c/workspace/journal/codes/Mark4.5/data/train/media_talking_train_050.wav,media_talking
/mnt/c/workspace/journal/codes/Mark4.5/data/train/media_talking_train_051.wav,media_talking
/mnt/c/workspace/journal/codes/Mark4.5/data/train/media_talking_train_052.wav,media_talking
/mnt/c/workspace/journal/codes/Mark4.5/data/train/media_talking_train_053.wav,media_talking
/mnt/c/workspace/journal/codes/Mark4.5/data/train/media_talking_train_054.wav,media_talking
/mnt/c/workspace/journal/codes/Mark4.5/data/train/media_talking_train_055.wav,media_talking
/mnt/c/workspace/journal/codes/Mark4.5/data/train/media_talking_train_056.wav,media_talking
/mnt/c/workspace/journal/codes/Mark4.5/data/train/media_talking_train_057.wav,media_talking
/mnt/c/workspace/journal/codes/Mark4.5/data/train/media_talking_train_058.wav,media_talking
/mnt/c/workspace/journal/codes/Mark4.5/data/train/media_talking_train_059.wav,media_talking
/mnt/c/workspace/journal/codes/Mark4.5/data/train/media_talking_train_060.wav,media_talking
/mnt/c/workspace/journal/codes/Mark4.5/data/train/media_talking_train_061.wav,media_talking
/mnt/c/workspace/journal/codes/Mark4.5/data/train/media_talking_train_062.wav,media_talking
/mnt/c/workspace/journal/codes/Mark4.5/data/train/media_talking_train_063.wav,media_talking
/mnt/c/workspace/journal/codes/Mark4.5/data/train/media_talking_train_064.wav,media_talking
/mnt/c/workspace/journal/codes/Mark4.5/data/train/media_talking_train_065.wav,media_talking
/mnt/c/workspace/journal/codes/Mark4.5/data/train/media_talking_train_066.wav,media_talking
/mnt/c/workspace/journal/codes/Mark4.5/data/train/media_talking_train_067.wav,media_talking
/mnt/c/workspace/journal/codes/Mark4.5/data/train/media_talking_train_068.wav,media_talking
/mnt/c/workspace/journal/codes/Mark4.5/data/train/media_talking_train_069.wav,media_talking
/mnt/c/workspace/journal/codes/Mark4.5/data/train/media_talking_train_070.wav,media_talking
/mnt/c/workspace/journal/codes/Mark4.5/data/train/media_talking_train_071.wav,media_talking
/mnt/c/workspace/journal/codes/Mark4.5/data/train/media_talking_train_072.wav,media_talking
/mnt/c/workspace/journal/codes/Mark4.5/data/train/media_talking_train_073.wav,media_talking
/mnt/c/workspace/journal/codes/Mark4.5/data/train/media_talking_train_074.wav,media_talking
/mnt/c/workspace/journal/codes/Mark4.5/data/train/media_talking_train_075.wav,media_talking
/mnt/c/workspace/journal/codes/Mark4.5/data/train/media_talking_train_076.wav,media_talking
/mnt/c/workspace/journal/codes/Mark4.5/data/train/media_talking_train_077.wav,media_talking
/mnt/c/workspace/journal/codes/Mark4.5/data/train/media_talking_train_078.wav,media_talking
/mnt/c/workspace/journal/codes/Mark4.5/data/train/media_talking_train_079.wav,media_talking
/mnt/c/workspace/journal/codes/Mark4.5/data/train/media_talking_train_080.wav,media_talking
/mnt/c/workspace/journal/codes/Mark4.5/data/train/media_talking_train_081.wav,media_talking
/mnt/c/workspace/journal/codes/Mark4.5/data/train/media_talking_train_082.wav,media_talking
/mnt/c/workspace/journal/codes/Mark4.5/data/train/media_talking_train_083.wav,media_talking
/mnt/c/workspace/journal/codes/Mark4.5/data/train/media_talking_train_084.wav,media_talking
/mnt/c/workspace/journal/codes/Mark4.5/data/train/media_talking_train_085.wav,media_talking
/mnt/c/workspace/journal/codes/Mark4.5/data/train/media_talking_train_086.wav,media_talking
/mnt/c/workspace/journal/codes/Mark4.5/data/train/media_talking_train_087.wav,media_talking
/mnt/c/workspace/journal/codes/Mark4.5/data/train/media_talking_train_088.wav,media_talking
/mnt/c/workspace/journal/codes/Mark4.5/data/train/media_talking_train_089.wav,media_talking
/mnt/c/workspace/journal/codes/Mark4.5/data/train/media_talking_train_090.wav,media_talking
/mnt/c/workspace/journal/codes/Mark4.5/data/train/media_talking_train_091.wav,media_talking
/mnt/c/workspace/journal/codes/Mark4.5/data/train/media_talking_train_092.wav,media_talking
/mnt/c/workspace/journal/codes/Mark4.5/data/train/media_talking_train_093.wav,media_talking
/mnt/c/workspace/journal/codes/Mark4.5/data/train/media_talking_train_094.wav,media_talking
/mnt/c/workspace/journal/codes/Mark4.5/data/train/media_talking_train_095.wav,media_talking
/mnt/c/workspace/journal/codes/Mark4.5/data/train/media_talking_train_096.wav,media_talking
/mnt/c/workspace/journal/codes/Mark4.5/data/train/media_talking_train_097.wav,media_talking
/mnt/c/workspace/journal/codes/Mark4.5/data/train/media_talking_train_098.wav,media_talking
/mnt/c/workspace/journal/codes/Mark4.5/data/train/media_talking_train_099.wav,media_talking
/mnt/c/workspace/journal/codes/Mark4.5/data/train/media_talking_train_100.wav,media_talking
/mnt/c/workspace/journal/codes/Mark4.5/data/train/media_talking_train_101.wav,media_talking
/mnt/c/workspace/journal/codes/Mark4.5/data/train/media_talking_train_102.wav,media_talking
/mnt/c/workspace/journal/codes/Mark4.5/data/train/media_talking_train_103.wav,media_talking
/mnt/c/workspace/journal/codes/Mark4.5/data/train/media_talking_train_104.wav,media_talking
/mnt/c/workspace/journal/codes/Mark4.5/data/train/media_talking_train_105.wav,media_talking
/mnt/c/workspace/journal/codes/Mark4.5/data/train/media_talking_train_106.wav,media_talking
/mnt/c/workspace/journal/codes/Mark4.5/data/train/media_talking_train_107.wav,media_talking
/mnt/c/workspace/journal/codes/Mark4.5/data/train/media_talking_train_108.wav,media_talking
/mnt/c/workspace/journal/codes/Mark4.5/data/train/media_talking_train_109.wav,media_talking
/mnt/c/workspace/journal/codes/Mark4.5/data/train/media_talking_train_110.wav,media_talking
/mnt/c/workspace/journal/codes/Mark4.5/data/train/media_talking_train_111.wav,media_talking
/mnt/c/workspace/journal/codes/Mark4.5/data/train/media_talking_train_112.wav,media_talking
/mnt/c/workspace/journal/codes/Mark4.5/data/train/media_talking_train_113.wav,media_talking
/mnt/c/workspace/journal/codes/Mark4.5/data/train/media_talking_train_114.wav,media_talking
/mnt/c/workspace/journal/codes/Mark4.5/data/train/media_talking_train_115.wav,media_talking
/mnt/c/workspace/journal/codes/Mark4.5/data/train/media_talking_train_116.wav,media_talking
/mnt/c/workspace/journal/codes/Mark4.5/data/train/media_talking_train_117.wav,media_talking
/mnt/c/workspace/journal/codes/Mark4.5/data/train/media_talking_train_118.wav,media_talking
/mnt/c/workspace/journal/codes/Mark4.5/data/train/media_talking_train_119.wav,media_talking
/mnt/c/workspace/journal/codes/Mark4.5/data/train/media_talking_train_120.wav,media_talking
/mnt/c/workspace/journal/codes/Mark4.5/data/train/media_talking_train_121.wav,media_talking
/mnt/c/workspace/journal/codes/Mark4.5/data/train/media_talking_train_122.wav,media_talking
/mnt/c/workspace/journal/codes/Mark4.5/data/train/media_talking_train_123.wav,media_talking
/mnt/c/workspace/journal/codes/Mark4.5/data/train/media_talking_train_124.wav,media_talking
/mnt/c/workspace/journal/codes/Mark4.5/data/train/media_talking_train_125.wav,media_talking
/mnt/c/workspace/journal/codes/Mark4.5/data/train/media_talking_train_126.wav,media_talking
/mnt/c/workspace/journal/codes/Mark4.5/data/train/media_talking_train_127.wav,media_talking
/mnt/c/workspace/journal/codes/Mark4.5/data/train/media_talking_train_128.wav,media_talking
/mnt/c/workspace/journal/codes/Mark4.5/data/train/media_talking_train_129.wav,media_talking
/mnt/c/workspace/journal/codes/Mark4.5/data/train/media_talking_train_130.wav,media_talking
/mnt/c/workspace/journal/codes/Mark4.5/data/train/media_talking_train_131.wav,media_talking
/mnt/c/workspace/journal/codes/Mark4.5/data/train/media_talking_train_132.wav,media_talking
/mnt/c/workspace/journal/codes/Mark4.5/data/train/media_talking_train_133.wav,media_talking
/mnt/c/workspace/journal/codes/Mark4.5/data/train/media_talking_train_134.wav,media_talking
/mnt/c/workspace/journal/codes/Mark4.5/data/train/media_talking_train_135.wav,media_talking
/mnt/c/workspace/journal/codes/Mark4.5/data/train/media_talking_train_136.wav,media_talking
/mnt/c/workspace/journal/codes/Mark4.5/data/train/media_talking_train_137.wav,media_talking
/mnt/c/workspace/journal/codes/Mark4.5/data/train/media_talking_train_138.wav,media_talking
/mnt/c/workspace/journal/codes/Mark4.5/data/train/media_talking_train_139.wav,media_talking
/mnt/c/workspace/journal/codes/Mark4.5/data/train/media_talking_train_140.wav,media_talking
/mnt/c/workspace/journal/codes/Mark4.5/data/train/media_talking_train_141.wav,media_talking
/mnt/c/workspace/journal/codes/Mark4.5/data/train/media_talking_train_142.wav,media_talking
/mnt/c/workspace/journal/codes/Mark4.5/data/train/media_talking_train_143.wav,media_talking
/mnt/c/workspace/journal/codes/Mark4.5/data/train/media_talking_train_144.wav,media_talking
/mnt/c/workspace/journal/codes/Mark4.5/data/train/media_talking_train_145.wav,media_talking
/mnt/c/workspace/journal/codes/Mark4.5/data/train/media_talking_train_146.wav,media_talking
/mnt/c/workspace/journal/codes/Mark4.5/data/train/media_talking_train_147.wav,media_talking
/mnt/c/workspace/journal/codes/Mark4.5/data/train/media_talking_train_148.wav,media_talking
/mnt/c/workspace/journal/codes/Mark4.5/data/train/media_talking_train_149.wav,media_talking
/mnt/c/workspace/journal/codes/Mark4.5/data/train/media_talking_train_150.wav,media_talking
/mnt/c/workspace/journal/codes/Mark4.5/data/train/media_talking_train_151.wav,media_talking
/mnt/c/workspace/journal/codes/Mark4.5/data/train/media_talking_train_152.wav,media_talking
/mnt/c/workspace/journal/codes/Mark4.5/data/train/media_talking_train_153.wav,media_talking
/mnt/c/workspace/journal/codes/Mark4.5/data/train/media_talking_train_154.wav,media_talking
/mnt/c/workspace/journal/codes/Mark4.5/data/train/media_talking_train_155.wav,media_talking
/mnt/c/workspace/journal/codes/Mark4.5/data/train/media_talking_train_156.wav,media_talking
/mnt/c/workspace/journal/codes/Mark4.5/data/train/media_talking_train_157.wav,media_talking
/mnt/c/workspace/journal/codes/Mark4.5/data/train/media_talking_train_158.wav,media_talking
/mnt/c/workspace/journal/codes/Mark4.5/data/train/media_talking_train_159.wav,media_talking
/mnt/c/workspace/journal/codes/Mark4.5/data/train/media_talking_train_160.wav,media_talking
/mnt/c/workspace/journal/codes/Mark4.5/data/train/media_talking_train_161.wav,media_talking
/mnt/c/workspace/journal/codes/Mark4.5/data/train/media_talking_train_162.wav,media_talking
/mnt/c/workspace/journal/codes/Mark4.5/data/train/media_talking_train_163.wav,media_talking
/mnt/c/workspace/journal/codes/Mark4.5/data/train/media_talking_train_164.wav,media_talking
/mnt/c/workspace/journal/codes/Mark4.5/data/train/media_talking_train_165.wav,media_talking
/mnt/c/workspace/journal/codes/Mark4.5/data/train/media_talking_train_166.wav,media_talking
/mnt/c/workspace/journal/codes/Mark4.5/data/train/media_talking_train_167.wav,media_talking
/mnt/c/workspace/journal/codes/Mark4.5/data/train/media_talking_train_168.wav,media_talking
/mnt/c/workspace/journal/codes/Mark4.5/data/train/media_talking_train_169.wav,media_talking
/mnt/c/workspace/journal/codes/Mark4.5/data/train/media_talking_train_170.wav,media_talking
/mnt/c/workspace/journal/codes/Mark4.5/data/train/media_talking_train_171.wav,media_talking
/mnt/c/workspace/journal/codes/Mark4.5/data/train/media_talking_train_172.wav,media_talking
/mnt/c/workspace/journal/codes/Mark4.5/data/train/media_talking_train_173.wav,media_talking
/mnt/c/workspace/journal/codes/Mark4.5/data/train/media_talking_train_174.wav,media_talking
/mnt/c/workspace/journal/codes/Mark4.5/data/train/media_talking_train_175.wav,media_talking
/mnt/c/workspace/journal/codes/Mark4.5/data/train/media_talking_train_176.wav,media_talking
/mnt/c/workspace/journal/codes/Mark4.5/data/train/media_talking_train_177.wav,media_talking
/mnt/c/workspace/journal/codes/Mark4.5/data/train/media_talking_train_178.wav,media_talking
/mnt/c/workspace/journal/codes/Mark4.5/data/train/media_talking_train_179.wav,media_talking
/mnt/c/workspace/journal/codes/Mark4.5/data/train/media_talking_train_180.wav,media_talking
/mnt/c/workspace/journal/codes/Mark4.5/data/train/media_talking_train_181.wav,media_talking
/mnt/c/workspace/journal/codes/Mark4.5/data/train/media_talking_train_182.wav,media_talking
/mnt/c/workspace/journal/codes/Mark4.5/data/train/media_talking_train_183.wav,media_talking
/mnt/c/workspace/journal/codes/Mark4.5/data/train/media_talking_train_184.wav,media_talking
/mnt/c/workspace/journal/codes/Mark4.5/data/train/media_talking_train_185.wav,media_talking
/mnt/c/workspace/journal/codes/Mark4.5/data/train/media_talking_train_186.wav,media_talking
/mnt/c/workspace/journal/codes/Mark4.5/data/train/media_talking_train_187.wav,media_talking
/mnt/c/workspace/journal/codes/Mark4.5/data/train/media_talking_train_188.wav,media_talking
/mnt/c/workspace/journal/codes/Mark4.5/data/train/media_talking_train_189.wav,media_talking
/mnt/c/workspace/journal/codes/Mark4.5/data/train/media_talking_train_190.wav,media_talking
/mnt/c/workspace/journal/codes/Mark4.5/data/train/media_talking_train_191.wav,media_talking
/mnt/c/workspace/journal/codes/Mark4.5/data/train/media_talking_train_192.wav,media_talking
/mnt/c/workspace/journal/codes/Mark4.5/data/train/media_talking_train_193.wav,media_talking
/mnt/c/workspace/journal/codes/Mark4.5/data/train/media_talking_train_194.wav,media_talking
/mnt/c/workspace/journal/codes/Mark4.5/data/train/media_talking_train_195.wav,media_talking
/mnt/c/workspace/journal/codes/Mark4.5/data/train/media_talking_train_196.wav,media_talking
/mnt/c/workspace/journal/codes/Mark4.5/data/train/media_talking_train_197.wav,media_talking
/mnt/c/workspace/journal/codes/Mark4.5/data/train/media_talking_train_198.wav,media_talking
/mnt/c/workspace/journal/codes/Mark4.5/data/train/media_talking_train_199.wav,media_talking
/mnt/c/workspace/journal/codes/Mark4.5/data/train/media_talking_train_200.wav,media_talking
/mnt/c/workspace/journal/codes/Mark4.5/data/train/media_talking_train_201.wav,media_talking
/mnt/c/workspace/journal/codes/Mark4.5/data/train/media_talking_train_202.wav,media_talking
/mnt/c/workspace/journal/codes/Mark4.5/data/train/media_talking_train_203.wav,media_talking
/mnt/c/workspace/journal/codes/Mark4.5/data/train/media_talking_train_204.wav,media_talking
/mnt/c/workspace/journal/codes/Mark4.5/data/train/media_talking_train_205.wav,media_talking
/mnt/c/workspace/journal/codes/Mark4.5/data/train/media_talking_train_206.wav,media_talking
/mnt/c/workspace/journal/codes/Mark4.5/data/train/media_talking_train_207.wav,media_talking
/mnt/c/workspace/journal/codes/Mark4.5/data/train/media_talking_train_208.wav,media_talking
/mnt/c/workspace/journal/codes/Mark4.5/data/train/media_talking_train_209.wav,media_talking
/mnt/c/workspace/journal/codes/Mark4.5/data/train/media_talking_train_210.wav,media_talking
/mnt/c/workspace/journal/codes/Mark4.5/data/train/media_talking_train_211.wav,media_talking
/mnt/c/workspace/journal/codes/Mark4.5/data/train/media_talking_train_212.wav,media_talking
/mnt/c/workspace/journal/codes/Mark4.5/data/train/media_talking_train_213.wav,media_talking
/mnt/c/workspace/journal/codes/Mark4.5/data/train/media_talking_train_214.wav,media_talking
/mnt/c/workspace/journal/codes/Mark4.5/data/train/media_talking_train_215.wav,media_talking
/mnt/c/workspace/journal/codes/Mark4.5/data/train/media_talking_train_216.wav,media_talking
/mnt/c/workspace/journal/codes/Mark4.5/data/train/media_talking_train_217.wav,media_talking
/mnt/c/workspace/journal/codes/Mark4.5/data/train/media_talking_train_218.wav,media_talking
/mnt/c/workspace/journal/codes/Mark4.5/data/train/media_talking_train_219.wav,media_talking
/mnt/c/workspace/journal/codes/Mark4.5/data/train/media_talking_train_220.wav,media_talking
/mnt/c/workspace/journal/codes/Mark4.5/data/train/media_talking_train_221.wav,media_talking
/mnt/c/workspace/journal/codes/Mark4.5/data/train/media_talking_train_222.wav,media_talking
/mnt/c/workspace/journal/codes/Mark4.5/data/train/media_talking_train_223.wav,media_talking
/mnt/c/workspace/journal/codes/Mark4.5/data/train/media_talking_train_224.wav,media_talking
/mnt/c/workspace/journal/codes/Mark4.5/data/train/media_talking_train_225.wav,media_talking
/mnt/c/workspace/journal/codes/Mark4.5/data/train/media_talking_train_226.wav,media_talking
/mnt/c/workspace/journal/codes/Mark4.5/data/train/media_talking_train_227.wav,media_talking
/mnt/c/workspace/journal/codes/Mark4.5/data/train/media_talking_train_228.wav,media_talking
/mnt/c/workspace/journal/codes/Mark4.5/data/train/media_talking_train_229.wav,media_talking
/mnt/c/workspace/journal/codes/Mark4.5/data/train/media_talking_train_230.wav,media_talking
/mnt/c/workspace/journal/codes/Mark4.5/data/train/media_talking_train_231.wav,media_talking
/mnt/c/workspace/journal/codes/Mark4.5/data/train/media_talking_train_232.wav,media_talking
/mnt/c/workspace/journal/codes/Mark4.5/data/train/media_talking_train_233.wav,media_talking
/mnt/c/workspace/journal/codes/Mark4.5/data/train/media_talking_train_234.wav,media_talking
/mnt/c/workspace/journal/codes/Mark4.5/data/train/media_talking_train_235.wav,media_talking
/mnt/c/workspace/journal/codes/Mark4.5/data/train/media_talking_train_236.wav,media_talking
/mnt/c/workspace/journal/codes/Mark4.5/data/train/media_talking_train_237.wav,media_talking
/mnt/c/workspace/journal/codes/Mark4.5/data/train/media_talking_train_238.wav,media_talking
/mnt/c/workspace/journal/codes/Mark4.5/data/train/media_talking_train_239.wav,media_talking
/mnt/c/workspace/journal/codes/Mark4.5/data/train/media_talking_train_240.wav,media_talking
/mnt/c/workspace/journal/codes/Mark4.5/data/train/media_talking_train_241.wav,media_talking
/mnt/c/workspace/journal/codes/Mark4.5/data/train/media_talking_train_242.wav,media_talking
/mnt/c/workspace/journal/codes/Mark4.5/data/train/media_talking_train_243.wav,media_talking
/mnt/c/workspace/journal/codes/Mark4.5/data/train/media_talking_train_244.wav,media_talking
/mnt/c/workspace/journal/codes/Mark4.5/data/train/media_talking_train_245.wav,media_talking
/mnt/c/workspace/journal/codes/Mark4.5/data/train/media_talking_train_246.wav,media_talking
/mnt/c/workspace/journal/codes/Mark4.5/data/train/media_talking_train_247.wav,media_talking
/mnt/c/workspace/journal/codes/Mark4.5/data/train/media_talking_train_248.wav,media_talking
/mnt/c/workspace/journal/codes/Mark4.5/data/train/media_talking_train_249.wav,media_talking
/mnt/c/workspace/journal/codes/Mark4.5/data/train/media_talking_train_250.wav,media_talking
/mnt/c/workspace/journal/codes/Mark4.5/data/train/media_talking_train_251.wav,media_talking
/mnt/c/workspace/journal/codes/Mark4.5/data/train/media_talking_train_252.wav,media_talking
/mnt/c/workspace/journal/codes/Mark4.5/data/train/media_talking_train_253.wav,media_talking
/mnt/c/workspace/journal/codes/Mark4.5/data/train/media_talking_train_254.wav,media_talking
/mnt/c/workspace/journal/codes/Mark4.5/data/train/media_talking_train_255.wav,media_talking
/mnt/c/workspace/journal/codes/Mark4.5/data/train/media_talking_train_256.wav,media_talking
/mnt/c/workspace/journal/codes/Mark4.5/data/train/media_talking_train_257.wav,media_talking
/mnt/c/workspace/journal/codes/Mark4.5/data/train/media_talking_train_258.wav,media_talking
/mnt/c/workspace/journal/codes/Mark4.5/data/train/media_talking_train_259.wav,media_talking
/mnt/c/workspace/journal/codes/Mark4.5/data/train/media_talking_train_260.wav,media_talking
/mnt/c/workspace/journal/codes/Mark4.5/data/train/media_talking_train_261.wav,media_talking
/mnt/c/workspace/journal/codes/Mark4.5/data/train/media_talking_train_262.wav,media_talking
/mnt/c/workspace/journal/codes/Mark4.5/data/train/media_talking_train_263.wav,media_talking
/mnt/c/workspace/journal/codes/Mark4.5/data/train/media_talking_train_264.wav,media_talking
/mnt/c/workspace/journal/codes/Mark4.5/data/train/media_talking_train_265.wav,media_talking
/mnt/c/workspace/journal/codes/Mark4.5/data/train/media_talking_train_266.wav,media_talking
/mnt/c/workspace/journal/codes/Mark4.5/data/train/media_talking_train_267.wav,media_talking
/mnt/c/workspace/journal/codes/Mark4.5/data/train/media_talking_train_268.wav,media_talking
/mnt/c/workspace/journal/codes/Mark4.5/data/train/media_talking_train_269.wav,media_talking
/mnt/c/workspace/journal/codes/Mark4.5/data/train/media_talking_train_270.wav,media_talking
/mnt/c/workspace/journal/codes/Mark4.5/data/train/media_talking_train_271.wav,media_talking
/mnt/c/workspace/journal/codes/Mark4.5/data/train/media_talking_train_272.wav,media_talking
/mnt/c/workspace/journal/codes/Mark4.5/data/train/media_talking_train_273.wav,media_talking
/mnt/c/workspace/journal/codes/Mark4.5/data/train/media_talking_train_274.wav,media_talking
/mnt/c/workspace/journal/codes/Mark4.5/data/train/media_talking_train_275.wav,media_talking
/mnt/c/workspace/journal/codes/Mark4.5/data/train/media_talking_train_276.wav,media_talking
/mnt/c/workspace/journal/codes/Mark4.5/data/train/media_talking_train_277.wav,media_talking
/mnt/c/workspace/journal/codes/Mark4.5/data/train/media_talking_train_278.wav,media_talking
/mnt/c/workspace/journal/codes/Mark4.5/data/train/media_talking_train_279.wav,media_talking
/mnt/c/workspace/journal/codes/Mark4.5/data/train/media_talking_train_280.wav,media_talking
/mnt/c/workspace/journal/codes/Mark4.5/data/train/media_talking_train_281.wav,media_talking
/mnt/c/workspace/journal/codes/Mark4.5/data/train/media_talking_train_282.wav,media_talking
/mnt/c/workspace/journal/codes/Mark4.5/data/train/media_talking_train_283.wav,media_talking
/mnt/c/workspace/journal/codes/Mark4.5/data/train/media_talking_train_284.wav,media_talking
/mnt/c/workspace/journal/codes/Mark4.5/data/train/media_talking_train_285.wav,media_talking
/mnt/c/workspace/journal/codes/Mark4.5/data/train/media_talking_train_286.wav,media_talking
/mnt/c/workspace/journal/codes/Mark4.5/data/train/media_talking_train_287.wav,media_talking
/mnt/c/workspace/journal/codes/Mark4.5/data/train/media_talking_train_288.wav,media_talking
/mnt/c/workspace/journal/codes/Mark4.5/data/train/media_talking_train_289.wav,media_talking
/mnt/c/workspace/journal/codes/Mark4.5/data/train/media_talking_train_290.wav,media_talking
/mnt/c/workspace/journal/codes/Mark4.5/data/train/media_talking_train_291.wav,media_talking
/mnt/c/workspace/journal/codes/Mark4.5/data/train/media_talking_train_292.wav,media_talking
/mnt/c/workspace/journal/codes/Mark4.5/data/train/media_talking_train_293.wav,media_talking
/mnt/c/workspace/journal/codes/Mark4.5/data/train/media_talking_train_294.wav,media_talking
/mnt/c/workspace/journal/codes/Mark4.5/data/train/media_talking_train_295.wav,media_talking
/mnt/c/workspace/journal/codes/Mark4.5/data/train/media_talking_train_296.wav,media_talking
/mnt/c/workspace/journal/codes/Mark4.5/data/train/media_talking_train_297.wav,media_talking
/mnt/c/workspace/journal/codes/Mark4.5/data/train/media_talking_train_298.wav,media_talking
/mnt/c/workspace/journal/codes/Mark4.5/data/train/media_talking_train_299.wav,media_talking
/mnt/c/workspace/journal/codes/Mark4.5/data/train/media_talking_train_300.wav,media_talking
/mnt/c/workspace/journal/codes/Mark4.5/data/train/media_talking_train_301.wav,media_talking
/mnt/c/workspace/journal/codes/Mark4.5/data/train/media_talking_train_302.wav,media_talking
/mnt/c/workspace/journal/codes/Mark4.5/data/train/media_talking_train_303.wav,media_talking
/mnt/c/workspace/journal/codes/Mark4.5/data/train/media_talking_train_304.wav,media_talking
/mnt/c/workspace/journal/codes/Mark4.5/data/train/media_talking_train_305.wav,media_talking
/mnt/c/workspace/journal/codes/Mark4.5/data/train/media_talking_train_306.wav,media_talking
/mnt/c/workspace/journal/codes/Mark4.5/data/train/media_talking_train_307.wav,media_talking
/mnt/c/workspace/journal/codes/Mark4.5/data/train/media_talking_train_308.wav,media_talking
/mnt/c/workspace/journal/codes/Mark4.5/data/train/media_talking_train_309.wav,media_talking
/mnt/c/workspace/journal/codes/Mark4.5/data/train/media_talking_train_310.wav,media_talking
/mnt/c/workspace/journal/codes/Mark4.5/data/train/media_talking_train_311.wav,media_talking
/mnt/c/workspace/journal/codes/Mark4.5/data/train/media_talking_train_312.wav,media_talking
/mnt/c/workspace/journal/codes/Mark4.5/data/train/media_talking_train_313.wav,media_talking
/mnt/c/workspace/journal/codes/Mark4.5/data/train/media_talking_train_314.wav,media_talking
/mnt/c/workspace/journal/codes/Mark4.5/data/train/media_talking_train_315.wav,media_talking
/mnt/c/workspace/journal/codes/Mark4.5/data/train/media_talking_train_316.wav,media_talking
/mnt/c/workspace/journal/codes/Mark4.5/data/train/media_talking_train_317.wav,media_talking
/mnt/c/workspace/journal/codes/Mark4.5/data/train/media_talking_train_318.wav,media_talking
/mnt/c/workspace/journal/codes/Mark4.5/data/train/media_talking_train_319.wav,media_talking
/mnt/c/workspace/journal/codes/Mark4.5/data/train/media_talking_train_320.wav,media_talking
/mnt/c/workspace/journal/codes/Mark4.5/data/train/media_talking_train_321.wav,media_talking
/mnt/c/workspace/journal/codes/Mark4.5/data/train/media_talking_train_322.wav,media_talking
/mnt/c/workspace/journal/codes/Mark4.5/data/train/media_talking_train_323.wav,media_talking
/mnt/c/workspace/journal/codes/Mark4.5/data/train/media_talking_train_324.wav,media_talking
/mnt/c/workspace/journal/codes/Mark4.5/data/train/media_talking_train_325.wav,media_talking
/mnt/c/workspace/journal/codes/Mark4.5/data/train/media_talking_train_326.wav,media_talking
/mnt/c/workspace/journal/codes/Mark4.5/data/train/media_talking_train_327.wav,media_talking
/mnt/c/workspace/journal/codes/Mark4.5/data/train/media_talking_train_328.wav,media_talking
/mnt/c/workspace/journal/codes/Mark4.5/data/train/media_talking_train_329.wav,media_talking
/mnt/c/workspace/journal/codes/Mark4.5/data/train/media_talking_train_330.wav,media_talking
/mnt/c/workspace/journal/codes/Mark4.5/data/train/media_talking_train_331.wav,media_talking
/mnt/c/workspace/journal/codes/Mark4.5/data/train/media_talking_train_332.wav,media_talking
/mnt/c/workspace/journal/codes/Mark4.5/data/train/media_talking_train_333.wav,media_talking
/mnt/c/workspace/journal/codes/Mark4.5/data/train/media_talking_train_334.wav,media_talking
/mnt/c/workspace/journal/codes/Mark4.5/data/train/media_talking_train_335.wav,media_talking
/mnt/c/workspace/journal/codes/Mark4.5/data/train/media_talking_train_336.wav,media_talking
/mnt/c/workspace/journal/codes/Mark4.5/data/train/media_talking_train_337.wav,media_talking
/mnt/c/workspace/journal/codes/Mark4.5/data/train/media_talking_train_338.wav,media_talking
/mnt/c/workspace/journal/codes/Mark4.5/data/train/media_talking_train_339.wav,media_talking
/mnt/c/workspace/journal/codes/Mark4.5/data/train/media_talking_train_340.wav,media_talking
/mnt/c/workspace/journal/codes/Mark4.5/data/train/media_talking_train_341.wav,media_talking
/mnt/c/workspace/journal/codes/Mark4.5/data/train/media_talking_train_342.wav,media_talking
/mnt/c/workspace/journal/codes/Mark4.5/data/train/media_talking_train_343.wav,media_talking
/mnt/c/workspace/journal/codes/Mark4.5/data/train/media_talking_train_344.wav,media_talking
/mnt/c/workspace/journal/codes/Mark4.5/data/train/media_talking_train_345.wav,media_talking
/mnt/c/workspace/journal/codes/Mark4.5/data/train/media_talking_train_346.wav,media_talking
/mnt/c/workspace/journal/codes/Mark4.5/data/train/media_talking_train_347.wav,media_talking
/mnt/c/workspace/journal/codes/Mark4.5/data/train/media_talking_train_348.wav,media_talking
/mnt/c/workspace/journal/codes/Mark4.5/data/train/media_talking_train_349.wav,media_talking
/mnt/c/workspace/journal/codes/Mark4.5/data/train/media_talking_train_350.wav,media_talking
/mnt/c/workspace/journal/codes/Mark4.5/data/train/media_talking_train_351.wav,media_talking
/mnt/c/workspace/journal/codes/Mark4.5/data/train/media_talking_train_352.wav,media_talking
/mnt/c/workspace/journal/codes/Mark4.5/data/train/media_talking_train_353.wav,media_talking
/mnt/c/workspace/journal/codes/Mark4.5/data/train/media_talking_train_354.wav,media_talking
/mnt/c/workspace/journal/codes/Mark4.5/data/train/media_talking_train_355.wav,media_talking
/mnt/c/workspace/journal/codes/Mark4.5/data/train/media_talking_train_356.wav,media_talking
/mnt/c/workspace/journal/codes/Mark4.5/data/train/media_talking_train_357.wav,media_talking
/mnt/c/workspace/journal/codes/Mark4.5/data/train/media_talking_train_358.wav,media_talking
/mnt/c/workspace/journal/codes/Mark4.5/data/train/media_talking_train_359.wav,media_talking
/mnt/c/workspace/journal/codes/Mark4.5/data/train/media_talking_train_360.wav,media_talking
/mnt/c/workspace/journal/codes/Mark4.5/data/train/media_talking_train_361.wav,media_talking
/mnt/c/workspace/journal/codes/Mark4.5/data/train/media_talking_train_362.wav,media_talking
/mnt/c/workspace/journal/codes/Mark4.5/data/train/media_talking_train_363.wav,media_talking
/mnt/c/workspace/journal/codes/Mark4.5/data/train/media_talking_train_364.wav,media_talking
/mnt/c/workspace/journal/codes/Mark4.5/data/train/media_talking_train_365.wav,media_talking
/mnt/c/workspace/journal/codes/Mark4.5/data/train/media_talking_train_366.wav,media_talking
/mnt/c/workspace/journal/codes/Mark4.5/data/train/media_talking_train_367.wav,media_talking
/mnt/c/workspace/journal/codes/Mark4.5/data/train/media_talking_train_368.wav,media_talking
/mnt/c/workspace/journal/codes/Mark4.5/data/train/media_talking_train_369.wav,media_talking
/mnt/c/workspace/journal/codes/Mark4.5/data/train/media_talking_train_370.wav,media_talking
/mnt/c/workspace/journal/codes/Mark4.5/data/train/media_talking_train_371.wav,media_talking
/mnt/c/workspace/journal/codes/Mark4.5/data/train/media_talking_train_372.wav,media_talking
/mnt/c/workspace/journal/codes/Mark4.5/data/train/media_talking_train_373.wav,media_talking
/mnt/c/workspace/journal/codes/Mark4.5/data/train/media_talking_train_374.wav,media_talking
/mnt/c/workspace/journal/codes/Mark4.5/data/train/media_talking_train_375.wav,media_talking
/mnt/c/workspace/journal/codes/Mark4.5/data/train/media_talking_train_376.wav,media_talking
/mnt/c/workspace/journal/codes/Mark4.5/data/train/media_talking_train_377.wav,media_talking
/mnt/c/workspace/journal/codes/Mark4.5/data/train/media_talking_train_378.wav,media_talking
/mnt/c/workspace/journal/codes/Mark4.5/data/train/media_talking_train_379.wav,media_talking
/mnt/c/workspace/journal/codes/Mark4.5/data/train/media_talking_train_380.wav,media_talking
/mnt/c/workspace/journal/codes/Mark4.5/data/train/media_talking_train_381.wav,media_talking
/mnt/c/workspace/journal/codes/Mark4.5/data/train/media_talking_train_382.wav,media_talking
/mnt/c/workspace/journal/codes/Mark4.5/data/train/media_talking_train_383.wav,media_talking
/mnt/c/workspace/journal/codes/Mark4.5/data/train/media_talking_train_384.wav,media_talking
/mnt/c/workspace/journal/codes/Mark4.5/data/train/media_talking_train_385.wav,media_talking
/mnt/c/workspace/journal/codes/Mark4.5/data/train/media_talking_train_386.wav,media_talking
/mnt/c/workspace/journal/codes/Mark4.5/data/train/media_talking_train_387.wav,media_talking
/mnt/c/workspace/journal/codes/Mark4.5/data/train/media_talking_train_388.wav,media_talking
/mnt/c/workspace/journal/codes/Mark4.5/data/train/media_talking_train_389.wav,media_talking
/mnt/c/workspace/journal/codes/Mark4.5/data/train/media_talking_train_390.wav,media_talking
/mnt/c/workspace/journal/codes/Mark4.5/data/train/media_talking_train_391.wav,media_talking
/mnt/c/workspace/journal/codes/Mark4.5/data/train/media_talking_train_392.wav,media_talking
/mnt/c/workspace/journal/codes/Mark4.5/data/train/media_talking_train_393.wav,media_talking
/mnt/c/workspace/journal/codes/Mark4.5/data/train/media_talking_train_394.wav,media_talking
/mnt/c/workspace/journal/codes/Mark4.5/data/train/media_talking_train_395.wav,media_talking
/mnt/c/workspace/journal/codes/Mark4.5/data/train/media_talking_train_396.wav,media_talking
/mnt/c/workspace/journal/codes/Mark4.5/data/train/media_talking_train_397.wav,media_talking
/mnt/c/workspace/journal/codes/Mark4.5/data/train/media_talking_train_398.wav,media_talking
/mnt/c/workspace/journal/codes/Mark4.5/data/train/media_talking_train_399.wav,media_talking
/mnt/c/workspace/journal/codes/Mark4.5/data/train/media_talking_train_400.wav,media_talking
/mnt/c/workspace/journal/codes/Mark4.5/data/train/media_talking_train_401.wav,media_talking
/mnt/c/workspace/journal/codes/Mark4.5/data/train/media_talking_train_402.wav,media_talking
/mnt/c/workspace/journal/codes/Mark4.5/data/train/media_talking_train_403.wav,media_talking
/mnt/c/workspace/journal/codes/Mark4.5/data/train/media_talking_train_404.wav,media_talking
/mnt/c/workspace/journal/codes/Mark4.5/data/train/media_talking_train_405.wav,media_talking
/mnt/c/workspace/journal/codes/Mark4.5/data/train/media_talking_train_406.wav,media_talking
/mnt/c/workspace/journal/codes/Mark4.5/data/train/media_talking_train_407.wav,media_talking
/mnt/c/workspace/journal/codes/Mark4.5/data/train/media_talking_train_408.wav,media_talking
/mnt/c/workspace/journal/codes/Mark4.5/data/train/media_talking_train_409.wav,media_talking
/mnt/c/workspace/journal/codes/Mark4.5/data/train/media_talking_train_410.wav,media_talking
/mnt/c/workspace/journal/codes/Mark4.5/data/train/media_talking_train_411.wav,media_talking
/mnt/c/workspace/journal/codes/Mark4.5/data/train/media_talking_train_412.wav,media_talking
/mnt/c/workspace/journal/codes/Mark4.5/data/train/media_talking_train_413.wav,media_talking
/mnt/c/workspace/journal/codes/Mark4.5/data/train/media_talking_train_414.wav,media_talking
/mnt/c/workspace/journal/codes/Mark4.5/data/train/media_talking_train_415.wav,media_talking
/mnt/c/workspace/journal/codes/Mark4.5/data/train/media_talking_train_416.wav,media_talking
/mnt/c/workspace/journal/codes/Mark4.5/data/train/media_talking_train_417.wav,media_talking
/mnt/c/workspace/journal/codes/Mark4.5/data/train/media_talking_train_418.wav,media_talking
/mnt/c/workspace/journal/codes/Mark4.5/data/train/media_talking_train_419.wav,media_talking
/mnt/c/workspace/journal/codes/Mark4.5/data/train/media_talking_train_420.wav,media_talking
/mnt/c/workspace/journal/codes/Mark4.5/data/train/media_talking_train_421.wav,media_talking
/mnt/c/workspace/journal/codes/Mark4.5/data/train/media_talking_train_422.wav,media_talking
/mnt/c/workspace/journal/codes/Mark4.5/data/train/media_talking_train_423.wav,media_talking
/mnt/c/workspace/journal/codes/Mark4.5/data/train/media_talking_train_424.wav,media_talking
/mnt/c/workspace/journal/codes/Mark4.5/data/train/media_talking_train_425.wav,media_talking
/mnt/c/workspace/journal/codes/Mark4.5/data/train/media_talking_train_426.wav,media_talking
/mnt/c/workspace/journal/codes/Mark4.5/data/train/media_talking_train_427.wav,media_talking
/mnt/c/workspace/journal/codes/Mark4.5/data/train/media_talking_train_428.wav,media_talking
/mnt/c/workspace/journal/codes/Mark4.5/data/train/media_talking_train_429.wav,media_talking
/mnt/c/workspace/journal/codes/Mark4.5/data/train/media_talking_train_430.wav,media_talking
/mnt/c/workspace/journal/codes/Mark4.5/data/train/media_talking_train_431.wav,media_talking
/mnt/c/workspace/journal/codes/Mark4.5/data/train/media_talking_train_432.wav,media_talking
/mnt/c/workspace/journal/codes/Mark4.5/data/train/media_talking_train_433.wav,media_talking
/mnt/c/workspace/journal/codes/Mark4.5/data/train/media_talking_train_434.wav,media_talking
/mnt/c/workspace/journal/codes/Mark4.5/data/train/media_talking_train_435.wav,media_talking
/mnt/c/workspace/journal/codes/Mark4.5/data/train/media_talking_train_436.wav,media_talking
/mnt/c/workspace/journal/codes/Mark4.5/data/train/media_talking_train_437.wav,media_talking
/mnt/c/workspace/journal/codes/Mark4.5/data/train/media_talking_train_438.wav,media_talking
/mnt/c/workspace/journal/codes/Mark4.5/data/train/media_talking_train_439.wav,media_talking
/mnt/c/workspace/journal/codes/Mark4.5/data/train/media_talking_train_440.wav,media_talking
/mnt/c/workspace/journal/codes/Mark4.5/data/train/media_talking_train_441.wav,media_talking
/mnt/c/workspace/journal/codes/Mark4.5/data/train/media_talking_train_442.wav,media_talking
/mnt/c/workspace/journal/codes/Mark4.5/data/train/media_talking_train_443.wav,media_talking
/mnt/c/workspace/journal/codes/Mark4.5/data/train/media_talking_train_444.wav,media_talking
/mnt/c/workspace/journal/codes/Mark4.5/data/train/media_talking_train_445.wav,media_talking
/mnt/c/workspace/journal/codes/Mark4.5/data/train/media_talking_train_446.wav,media_talking
/mnt/c/workspace/journal/codes/Mark4.5/data/train/media_talking_train_447.wav,media_talking
/mnt/c/workspace/journal/codes/Mark4.5/data/train/media_talking_train_448.wav,media_talking
/mnt/c/workspace/journal/codes/Mark4.5/data/train/media_talking_train_449.wav,media_talking
/mnt/c/workspace/journal/codes/Mark4.5/data/train/media_talking_train_450.wav,media_talking
/mnt/c/workspace/journal/codes/Mark4.5/data/train/media_talking_train_451.wav,media_talking
/mnt/c/workspace/journal/codes/Mark4.5/data/train/media_talking_train_452.wav,media_talking
/mnt/c/workspace/journal/codes/Mark4.5/data/train/media_talking_train_453.wav,media_talking
/mnt/c/workspace/journal/codes/Mark4.5/data/train/media_talking_train_454.wav,media_talking
/mnt/c/workspace/journal/codes/Mark4.5/data/train/media_talking_train_455.wav,media_talking
/mnt/c/workspace/journal/codes/Mark4.5/data/train/media_talking_train_456.wav,media_talking
/mnt/c/workspace/journal/codes/Mark4.5/data/train/media_talking_train_457.wav,media_talking
/mnt/c/workspace/journal/codes/Mark4.5/data/train/media_talking_train_458.wav,media_talking
/mnt/c/workspace/journal/codes/Mark4.5/data/train/media_talking_train_459.wav,media_talking
/mnt/c/workspace/journal/codes/Mark4.5/data/train/media_talking_train_460.wav,media_talking
/mnt/c/workspace/journal/codes/Mark4.5/data/train/media_talking_train_461.wav,media_talking
/mnt/c/workspace/journal/codes/Mark4.5/data/train/media_talking_train_462.wav,media_talking
/mnt/c/workspace/journal/codes/Mark4.5/data/train/media_talking_train_463.wav,media_talking
/mnt/c/workspace/journal/codes/Mark4.5/data/train/media_talking_train_464.wav,media_talking
/mnt/c/workspace/journal/codes/Mark4.5/data/train/media_talking_train_465.wav,media_talking
/mnt/c/workspace/journal/codes/Mark4.5/data/train/media_talking_train_466.wav,media_talking
/mnt/c/workspace/journal/codes/Mark4.5/data/train/media_talking_train_467.wav,media_talking
/mnt/c/workspace/journal/codes/Mark4.5/data/train/media_talking_train_468.wav,media_talking
/mnt/c/workspace/journal/codes/Mark4.5/data/train/media_talking_train_469.wav,media_talking
/mnt/c/workspace/journal/codes/Mark4.5/data/train/media_talking_train_470.wav,media_talking
/mnt/c/workspace/journal/codes/Mark4.5/data/train/media_talking_train_471.wav,media_talking
/mnt/c/workspace/journal/codes/Mark4.5/data/train/media_talking_train_472.wav,media_talking
/mnt/c/workspace/journal/codes/Mark4.5/data/train/media_talking_train_473.wav,media_talking
/mnt/c/workspace/journal/codes/Mark4.5/data/train/media_talking_train_474.wav,media_talking
/mnt/c/workspace/journal/codes/Mark4.5/data/train/media_talking_train_475.wav,media_talking
/mnt/c/workspace/journal/codes/Mark4.5/data/train/media_talking_train_476.wav,media_talking
/mnt/c/workspace/journal/codes/Mark4.5/data/train/media_talking_train_477.wav,media_talking
/mnt/c/workspace/journal/codes/Mark4.5/data/train/media_talking_train_478.wav,media_talking
/mnt/c/workspace/journal/codes/Mark4.5/data/train/media_talking_train_479.wav,media_talking
/mnt/c/workspace/journal/codes/Mark4.5/data/train/media_talking_train_480.wav,media_talking
/mnt/c/workspace/journal/codes/Mark4.5/data/train/media_talking_train_481.wav,media_talking
/mnt/c/workspace/journal/codes/Mark4.5/data/train/media_talking_train_482.wav,media_talking
/mnt/c/workspace/journal/codes/Mark4.5/data/train/media_talking_train_483.wav,media_talking
/mnt/c/workspace/journal/codes/Mark4.5/data/train/media_talking_train_484.wav,media_talking
/mnt/c/workspace/journal/codes/Mark4.5/data/train/media_talking_train_485.wav,media_talking
/mnt/c/workspace/journal/codes/Mark4.5/data/train/media_talking_train_486.wav,media_talking
/mnt/c/workspace/journal/codes/Mark4.5/data/train/media_talking_train_487.wav,media_talking
/mnt/c/workspace/journal/codes/Mark4.5/data/train/media_talking_train_488.wav,media_talking
/mnt/c/workspace/journal/codes/Mark4.5/data/train/media_talking_train_489.wav,media_talking
/mnt/c/workspace/journal/codes/Mark4.5/data/train/media_talking_train_490.wav,media_talking
/mnt/c/workspace/journal/codes/Mark4.5/data/train/media_talking_train_491.wav,media_talking
/mnt/c/workspace/journal/codes/Mark4.5/data/train/media_talking_train_492.wav,media_talking
/mnt/c/workspace/journal/codes/Mark4.5/data/train/media_talking_train_493.wav,media_talking
/mnt/c/workspace/journal/codes/Mark4.5/data/train/media_talking_train_494.wav,media_talking
/mnt/c/workspace/journal/codes/Mark4.5/data/train/media_talking_train_495.wav,media_talking
/mnt/c/workspace/journal/codes/Mark4.5/data/train/media_talking_train_496.wav,media_talking
/mnt/c/workspace/journal/codes/Mark4.5/data/train/media_talking_train_497.wav,media_talking
/mnt/c/workspace/journal/codes/Mark4.5/data/train/media_talking_train_498.wav,media_talking
/mnt/c/workspace/journal/codes/Mark4.5/data/train/media_talking_train_499.wav,media_talking
/mnt/c/workspace/journal/codes/Mark4.5/data/train/media_talking_train_500.wav,media_talking
/mnt/c/workspace/journal/codes/Mark4.5/data/train/media_talking_train_aug_001.wav,media_talking
/mnt/c/workspace/journal/codes/Mark4.5/data/train/media_talking_train_aug_002.wav,media_talking
/mnt/c/workspace/journal/codes/Mark4.5/data/train/media_talking_train_aug_003.wav,media_talking
/mnt/c/workspace/journal/codes/Mark4.5/data/train/media_talking_train_aug_004.wav,media_talking
/mnt/c/workspace/journal/codes/Mark4.5/data/train/media_talking_train_aug_005.wav,media_talking
/mnt/c/workspace/journal/codes/Mark4.5/data/train/media_talking_train_aug_006.wav,media_talking
/mnt/c/workspace/journal/codes/Mark4.5/data/train/media_talking_train_aug_007.wav,media_talking
/mnt/c/workspace/journal/codes/Mark4.5/data/train/media_talking_train_aug_008.wav,media_talking
/mnt/c/workspace/journal/codes/Mark4.5/data/train/media_talking_train_aug_009.wav,media_talking
/mnt/c/workspace/journal/codes/Mark4.5/data/train/media_talking_train_aug_010.wav,media_talking
/mnt/c/workspace/journal/codes/Mark4.5/data/train/media_talking_train_aug_011.wav,media_talking
/mnt/c/workspace/journal/codes/Mark4.5/data/train/media_talking_train_aug_012.wav,media_talking
/mnt/c/workspace/journal/codes/Mark4.5/data/train/media_talking_train_aug_013.wav,media_talking
/mnt/c/workspace/journal/codes/Mark4.5/data/train/media_talking_train_aug_014.wav,media_talking
/mnt/c/workspace/journal/codes/Mark4.5/data/train/media_talking_train_aug_015.wav,media_talking
/mnt/c/workspace/journal/codes/Mark4.5/data/train/media_talking_train_aug_016.wav,media_talking
/mnt/c/workspace/journal/codes/Mark4.5/data/train/media_talking_train_aug_017.wav,media_talking
/mnt/c/workspace/journal/codes/Mark4.5/data/train/media_talking_train_aug_018.wav,media_talking
/mnt/c/workspace/journal/codes/Mark4.5/data/train/media_talking_train_aug_019.wav,media_talking
/mnt/c/workspace/journal/codes/Mark4.5/data/train/media_talking_train_aug_020.wav,media_talking
/mnt/c/workspace/journal/codes/Mark4.5/data/train/media_talking_train_aug_021.wav,media_talking
/mnt/c/workspace/journal/codes/Mark4.5/data/train/media_talking_train_aug_022.wav,media_talking
/mnt/c/workspace/journal/codes/Mark4.5/data/train/media_talking_train_aug_023.wav,media_talking
/mnt/c/workspace/journal/codes/Mark4.5/data/train/media_talking_train_aug_024.wav,media_talking
/mnt/c/workspace/journal/codes/Mark4.5/data/train/media_talking_train_aug_025.wav,media_talking
/mnt/c/workspace/journal/codes/Mark4.5/data/train/media_talking_train_aug_026.wav,media_talking
/mnt/c/workspace/journal/codes/Mark4.5/data/train/media_talking_train_aug_027.wav,media_talking
/mnt/c/workspace/journal/codes/Mark4.5/data/train/media_talking_train_aug_028.wav,media_talking
/mnt/c/workspace/journal/codes/Mark4.5/data/train/media_talking_train_aug_029.wav,media_talking
/mnt/c/workspace/journal/codes/Mark4.5/data/train/media_talking_train_aug_030.wav,media_talking
/mnt/c/workspace/journal/codes/Mark4.5/data/train/media_talking_train_aug_031.wav,media_talking
/mnt/c/workspace/journal/codes/Mark4.5/data/train/media_talking_train_aug_032.wav,media_talking
/mnt/c/workspace/journal/codes/Mark4.5/data/train/media_talking_train_aug_033.wav,media_talking
/mnt/c/workspace/journal/codes/Mark4.5/data/train/media_talking_train_aug_034.wav,media_talking
/mnt/c/workspace/journal/codes/Mark4.5/data/train/media_talking_train_aug_035.wav,media_talking
/mnt/c/workspace/journal/codes/Mark4.5/data/train/media_talking_train_aug_036.wav,media_talking
/mnt/c/workspace/journal/codes/Mark4.5/data/train/media_talking_train_aug_037.wav,media_talking
/mnt/c/workspace/journal/codes/Mark4.5/data/train/media_talking_train_aug_038.wav,media_talking
/mnt/c/workspace/journal/codes/Mark4.5/data/train/media_talking_train_aug_039.wav,media_talking
/mnt/c/workspace/journal/codes/Mark4.5/data/train/media_talking_train_aug_040.wav,media_talking
/mnt/c/workspace/journal/codes/Mark4.5/data/train/media_talking_train_aug_041.wav,media_talking
/mnt/c/workspace/journal/codes/Mark4.5/data/train/media_talking_train_aug_042.wav,media_talking
/mnt/c/workspace/journal/codes/Mark4.5/data/train/media_talking_train_aug_043.wav,media_talking
/mnt/c/workspace/journal/codes/Mark4.5/data/train/media_talking_train_aug_044.wav,media_talking
/mnt/c/workspace/journal/codes/Mark4.5/data/train/media_talking_train_aug_045.wav,media_talking
/mnt/c/workspace/journal/codes/Mark4.5/data/train/media_talking_train_aug_046.wav,media_talking
/mnt/c/workspace/journal/codes/Mark4.5/data/train/media_talking_train_aug_047.wav,media_talking
/mnt/c/workspace/journal/codes/Mark4.5/data/train/media_talking_train_aug_048.wav,media_talking
/mnt/c/workspace/journal/codes/Mark4.5/data/train/media_talking_train_aug_049.wav,media_talking
/mnt/c/workspace/journal/codes/Mark4.5/data/train/media_talking_train_aug_050.wav,media_talking
/mnt/c/workspace/journal/codes/Mark4.5/data/train/media_talking_train_aug_051.wav,media_talking
/mnt/c/workspace/journal/codes/Mark4.5/data/train/media_talking_train_aug_052.wav,media_talking
/mnt/c/workspace/journal/codes/Mark4.5/data/train/media_talking_train_aug_053.wav,media_talking
/mnt/c/workspace/journal/codes/Mark4.5/data/train/media_talking_train_aug_054.wav,media_talking
/mnt/c/workspace/journal/codes/Mark4.5/data/train/media_talking_train_aug_055.wav,media_talking
/mnt/c/workspace/journal/codes/Mark4.5/data/train/media_talking_train_aug_056.wav,media_talking
/mnt/c/workspace/journal/codes/Mark4.5/data/train/media_talking_train_aug_057.wav,media_talking
/mnt/c/workspace/journal/codes/Mark4.5/data/train/media_talking_train_aug_058.wav,media_talking
/mnt/c/workspace/journal/codes/Mark4.5/data/train/media_talking_train_aug_059.wav,media_talking
/mnt/c/workspace/journal/codes/Mark4.5/data/train/media_talking_train_aug_060.wav,media_talking
/mnt/c/workspace/journal/codes/Mark4.5/data/train/media_talking_train_aug_061.wav,media_talking
/mnt/c/workspace/journal/codes/Mark4.5/data/train/media_talking_train_aug_062.wav,media_talking
/mnt/c/workspace/journal/codes/Mark4.5/data/train/media_talking_train_aug_063.wav,media_talking
/mnt/c/workspace/journal/codes/Mark4.5/data/train/media_talking_train_aug_064.wav,media_talking
/mnt/c/workspace/journal/codes/Mark4.5/data/train/media_talking_train_aug_065.wav,media_talking
/mnt/c/workspace/journal/codes/Mark4.5/data/train/media_talking_train_aug_066.wav,media_talking
/mnt/c/workspace/journal/codes/Mark4.5/data/train/media_talking_train_aug_067.wav,media_talking
/mnt/c/workspace/journal/codes/Mark4.5/data/train/media_talking_train_aug_068.wav,media_talking
/mnt/c/workspace/journal/codes/Mark4.5/data/train/media_talking_train_aug_069.wav,media_talking
/mnt/c/workspace/journal/codes/Mark4.5/data/train/media_talking_train_aug_070.wav,media_talking
/mnt/c/workspace/journal/codes/Mark4.5/data/train/media_talking_train_aug_071.wav,media_talking
/mnt/c/workspace/journal/codes/Mark4.5/data/train/media_talking_train_aug_072.wav,media_talking
/mnt/c/workspace/journal/codes/Mark4.5/data/train/media_talking_train_aug_073.wav,media_talking
/mnt/c/workspace/journal/codes/Mark4.5/data/train/media_talking_train_aug_074.wav,media_talking
/mnt/c/workspace/journal/codes/Mark4.5/data/train/media_talking_train_aug_075.wav,media_talking
/mnt/c/workspace/journal/codes/Mark4.5/data/train/media_talking_train_aug_076.wav,media_talking
/mnt/c/workspace/journal/codes/Mark4.5/data/train/media_talking_train_aug_077.wav,media_talking
/mnt/c/workspace/journal/codes/Mark4.5/data/train/media_talking_train_aug_078.wav,media_talking
/mnt/c/workspace/journal/codes/Mark4.5/data/train/media_talking_train_aug_079.wav,media_talking
/mnt/c/workspace/journal/codes/Mark4.5/data/train/media_talking_train_aug_080.wav,media_talking
/mnt/c/workspace/journal/codes/Mark4.5/data/train/media_talking_train_aug_081.wav,media_talking
/mnt/c/workspace/journal/codes/Mark4.5/data/train/media_talking_train_aug_082.wav,media_talking
/mnt/c/workspace/journal/codes/Mark4.5/data/train/media_talking_train_aug_083.wav,media_talking
/mnt/c/workspace/journal/codes/Mark4.5/data/train/media_talking_train_aug_084.wav,media_talking
/mnt/c/workspace/journal/codes/Mark4.5/data/train/media_talking_train_aug_085.wav,media_talking
/mnt/c/workspace/journal/codes/Mark4.5/data/train/media_talking_train_aug_086.wav,media_talking
/mnt/c/workspace/journal/codes/Mark4.5/data/train/media_talking_train_aug_087.wav,media_talking
/mnt/c/workspace/journal/codes/Mark4.5/data/train/media_talking_train_aug_088.wav,media_talking
/mnt/c/workspace/journal/codes/Mark4.5/data/train/media_talking_train_aug_089.wav,media_talking
/mnt/c/workspace/journal/codes/Mark4.5/data/train/media_talking_train_aug_090.wav,media_talking
/mnt/c/workspace/journal/codes/Mark4.5/data/train/media_talking_train_aug_091.wav,media_talking
/mnt/c/workspace/journal/codes/Mark4.5/data/train/media_talking_train_aug_092.wav,media_talking
/mnt/c/workspace/journal/codes/Mark4.5/data/train/media_talking_train_aug_093.wav,media_talking
/mnt/c/workspace/journal/codes/Mark4.5/data/train/media_talking_train_aug_094.wav,media_talking
/mnt/c/workspace/journal/codes/Mark4.5/data/train/media_talking_train_aug_095.wav,media_talking
/mnt/c/workspace/journal/codes/Mark4.5/data/train/media_talking_train_aug_096.wav,media_talking
/mnt/c/workspace/journal/codes/Mark4.5/data/train/media_talking_train_aug_097.wav,media_talking
/mnt/c/workspace/journal/codes/Mark4.5/data/train/media_talking_train_aug_098.wav,media_talking
/mnt/c/workspace/journal/codes/Mark4.5/data/train/media_talking_train_aug_099.wav,media_talking
/mnt/c/workspace/journal/codes/Mark4.5/data/train/media_talking_train_aug_100.wav,media_talking
/mnt/c/workspace/journal/codes/Mark4.5/data/train/media_talking_train_aug_101.wav,media_talking
/mnt/c/workspace/journal/codes/Mark4.5/data/train/media_talking_train_aug_102.wav,media_talking
/mnt/c/workspace/journal/codes/Mark4.5/data/train/media_talking_train_aug_103.wav,media_talking
/mnt/c/workspace/journal/codes/Mark4.5/data/train/media_talking_train_aug_104.wav,media_talking
/mnt/c/workspace/journal/codes/Mark4.5/data/train/media_talking_train_aug_105.wav,media_talking
/mnt/c/workspace/journal/codes/Mark4.5/data/train/media_talking_train_aug_106.wav,media_talking
/mnt/c/workspace/journal/codes/Mark4.5/data/train/media_talking_train_aug_107.wav,media_talking
/mnt/c/workspace/journal/codes/Mark4.5/data/train/media_talking_train_aug_108.wav,media_talking
/mnt/c/workspace/journal/codes/Mark4.5/data/train/media_talking_train_aug_109.wav,media_talking
/mnt/c/workspace/journal/codes/Mark4.5/data/train/media_talking_train_aug_110.wav,media_talking
/mnt/c/workspace/journal/codes/Mark4.5/data/train/media_talking_train_aug_111.wav,media_talking
/mnt/c/workspace/journal/codes/Mark4.5/data/train/media_talking_train_aug_112.wav,media_talking
/mnt/c/workspace/journal/codes/Mark4.5/data/train/media_talking_train_aug_113.wav,media_talking
/mnt/c/workspace/journal/codes/Mark4.5/data/train/media_talking_train_aug_114.wav,media_talking
/mnt/c/workspace/journal/codes/Mark4.5/data/train/media_talking_train_aug_115.wav,media_talking
/mnt/c/workspace/journal/codes/Mark4.5/data/train/media_talking_train_aug_116.wav,media_talking
/mnt/c/workspace/journal/codes/Mark4.5/data/train/media_talking_train_aug_117.wav,media_talking
/mnt/c/workspace/journal/codes/Mark4.5/data/train/media_talking_train_aug_118.wav,media_talking
/mnt/c/workspace/journal/codes/Mark4.5/data/train/media_talking_train_aug_119.wav,media_talking
/mnt/c/workspace/journal/codes/Mark4.5/data/train/media_talking_train_aug_120.wav,media_talking
/mnt/c/workspace/journal/codes/Mark4.5/data/train/media_talking_train_aug_121.wav,media_talking
/mnt/c/workspace/journal/codes/Mark4.5/data/train/media_talking_train_aug_122.wav,media_talking
/mnt/c/workspace/journal/codes/Mark4.5/data/train/media_talking_train_aug_123.wav,media_talking
/mnt/c/workspace/journal/codes/Mark4.5/data/train/media_talking_train_aug_124.wav,media_talking
/mnt/c/workspace/journal/codes/Mark4.5/data/train/media_talking_train_aug_125.wav,media_talking
/mnt/c/workspace/journal/codes/Mark4.5/data/train/media_talking_train_aug_126.wav,media_talking
/mnt/c/workspace/journal/codes/Mark4.5/data/train/media_talking_train_aug_127.wav,media_talking
/mnt/c/workspace/journal/codes/Mark4.5/data/train/media_talking_train_aug_128.wav,media_talking
/mnt/c/workspace/journal/codes/Mark4.5/data/train/media_talking_train_aug_129.wav,media_talking
/mnt/c/workspace/journal/codes/Mark4.5/data/train/media_talking_train_aug_130.wav,media_talking
/mnt/c/workspace/journal/codes/Mark4.5/data/train/media_talking_train_aug_131.wav,media_talking
/mnt/c/workspace/journal/codes/Mark4.5/data/train/media_talking_train_aug_132.wav,media_talking
/mnt/c/workspace/journal/codes/Mark4.5/data/train/media_talking_train_aug_133.wav,media_talking
/mnt/c/workspace/journal/codes/Mark4.5/data/train/media_talking_train_aug_134.wav,media_talking
/mnt/c/workspace/journal/codes/Mark4.5/data/train/media_talking_train_aug_135.wav,media_talking
/mnt/c/workspace/journal/codes/Mark4.5/data/train/media_talking_train_aug_136.wav,media_talking
/mnt/c/workspace/journal/codes/Mark4.5/data/train/media_talking_train_aug_137.wav,media_talking
/mnt/c/workspace/journal/codes/Mark4.5/data/train/media_talking_train_aug_138.wav,media_talking
/mnt/c/workspace/journal/codes/Mark4.5/data/train/media_talking_train_aug_139.wav,media_talking
/mnt/c/workspace/journal/codes/Mark4.5/data/train/media_talking_train_aug_140.wav,media_talking
/mnt/c/workspace/journal/codes/Mark4.5/data/train/media_talking_train_aug_141.wav,media_talking
/mnt/c/workspace/journal/codes/Mark4.5/data/train/media_talking_train_aug_142.wav,media_talking
/mnt/c/workspace/journal/codes/Mark4.5/data/train/media_talking_train_aug_143.wav,media_talking
/mnt/c/workspace/journal/codes/Mark4.5/data/train/media_talking_train_aug_144.wav,media_talking
/mnt/c/workspace/journal/codes/Mark4.5/data/train/media_talking_train_aug_145.wav,media_talking
/mnt/c/workspace/journal/codes/Mark4.5/data/train/media_talking_train_aug_146.wav,media_talking
/mnt/c/workspace/journal/codes/Mark4.5/data/train/media_talking_train_aug_147.wav,media_talking
/mnt/c/workspace/journal/codes/Mark4.5/data/train/media_talking_train_aug_148.wav,media_talking
/mnt/c/workspace/journal/codes/Mark4.5/data/train/media_talking_train_aug_149.wav,media_talking
/mnt/c/workspace/journal/codes/Mark4.5/data/train/media_talking_train_aug_150.wav,media_talking
/mnt/c/workspace/journal/codes/Mark4.5/data/train/media_talking_train_aug_151.wav,media_talking
/mnt/c/workspace/journal/codes/Mark4.5/data/train/media_talking_train_aug_152.wav,media_talking
/mnt/c/workspace/journal/codes/Mark4.5/data/train/media_talking_train_aug_153.wav,media_talking
/mnt/c/workspace/journal/codes/Mark4.5/data/train/media_talking_train_aug_154.wav,media_talking
/mnt/c/workspace/journal/codes/Mark4.5/data/train/media_talking_train_aug_155.wav,media_talking
/mnt/c/workspace/journal/codes/Mark4.5/data/train/media_talking_train_aug_156.wav,media_talking
/mnt/c/workspace/journal/codes/Mark4.5/data/train/media_talking_train_aug_157.wav,media_talking
/mnt/c/workspace/journal/codes/Mark4.5/data/train/media_talking_train_aug_158.wav,media_talking
/mnt/c/workspace/journal/codes/Mark4.5/data/train/media_talking_train_aug_159.wav,media_talking
/mnt/c/workspace/journal/codes/Mark4.5/data/train/media_talking_train_aug_160.wav,media_talking
/mnt/c/workspace/journal/codes/Mark4.5/data/train/media_talking_train_aug_161.wav,media_talking
/mnt/c/workspace/journal/codes/Mark4.5/data/train/media_talking_train_aug_162.wav,media_talking
/mnt/c/workspace/journal/codes/Mark4.5/data/train/media_talking_train_aug_163.wav,media_talking
/mnt/c/workspace/journal/codes/Mark4.5/data/train/media_talking_train_aug_164.wav,media_talking
/mnt/c/workspace/journal/codes/Mark4.5/data/train/media_talking_train_aug_165.wav,media_talking
/mnt/c/workspace/journal/codes/Mark4.5/data/train/media_talking_train_aug_166.wav,media_talking
/mnt/c/workspace/journal/codes/Mark4.5/data/train/media_talking_train_aug_167.wav,media_talking
/mnt/c/workspace/journal/codes/Mark4.5/data/train/media_talking_train_aug_168.wav,media_talking
/mnt/c/workspace/journal/codes/Mark4.5/data/train/media_talking_train_aug_169.wav,media_talking
/mnt/c/workspace/journal/codes/Mark4.5/data/train/media_talking_train_aug_170.wav,media_talking
/mnt/c/workspace/journal/codes/Mark4.5/data/train/media_talking_train_aug_171.wav,media_talking
/mnt/c/workspace/journal/codes/Mark4.5/data/train/media_talking_train_aug_172.wav,media_talking
/mnt/c/workspace/journal/codes/Mark4.5/data/train/media_talking_train_aug_173.wav,media_talking
/mnt/c/workspace/journal/codes/Mark4.5/data/train/media_talking_train_aug_174.wav,media_talking
/mnt/c/workspace/journal/codes/Mark4.5/data/train/media_talking_train_aug_175.wav,media_talking
/mnt/c/workspace/journal/codes/Mark4.5/data/train/media_talking_train_aug_176.wav,media_talking
/mnt/c/workspace/journal/codes/Mark4.5/data/train/media_talking_train_aug_177.wav,media_talking
/mnt/c/workspace/journal/codes/Mark4.5/data/train/media_talking_train_aug_178.wav,media_talking
/mnt/c/workspace/journal/codes/Mark4.5/data/train/media_talking_train_aug_179.wav,media_talking
/mnt/c/workspace/journal/codes/Mark4.5/data/train/media_talking_train_aug_180.wav,media_talking
/mnt/c/workspace/journal/codes/Mark4.5/data/train/media_talking_train_aug_181.wav,media_talking
/mnt/c/workspace/journal/codes/Mark4.5/data/train/media_talking_train_aug_182.wav,media_talking
/mnt/c/workspace/journal/codes/Mark4.5/data/train/media_talking_train_aug_183.wav,media_talking
/mnt/c/workspace/journal/codes/Mark4.5/data/train/media_talking_train_aug_184.wav,media_talking
/mnt/c/workspace/journal/codes/Mark4.5/data/train/media_talking_train_aug_185.wav,media_talking
/mnt/c/workspace/journal/codes/Mark4.5/data/train/media_talking_train_aug_186.wav,media_talking
/mnt/c/workspace/journal/codes/Mark4.5/data/train/media_talking_train_aug_187.wav,media_talking
/mnt/c/workspace/journal/codes/Mark4.5/data/train/media_talking_train_aug_188.wav,media_talking
/mnt/c/workspace/journal/codes/Mark4.5/data/train/media_talking_train_aug_189.wav,media_talking
/mnt/c/workspace/journal/codes/Mark4.5/data/train/media_talking_train_aug_190.wav,media_talking
/mnt/c/workspace/journal/codes/Mark4.5/data/train/media_talking_train_aug_191.wav,media_talking
/mnt/c/workspace/journal/codes/Mark4.5/data/train/media_talking_train_aug_192.wav,media_talking
/mnt/c/workspace/journal/codes/Mark4.5/data/train/media_talking_train_aug_193.wav,media_talking
/mnt/c/workspace/journal/codes/Mark4.5/data/train/media_talking_train_aug_194.wav,media_talking
/mnt/c/workspace/journal/codes/Mark4.5/data/train/media_talking_train_aug_195.wav,media_talking
/mnt/c/workspace/journal/codes/Mark4.5/data/train/media_talking_train_aug_196.wav,media_talking
/mnt/c/workspace/journal/codes/Mark4.5/data/train/media_talking_train_aug_197.wav,media_talking
/mnt/c/workspace/journal/codes/Mark4.5/data/train/media_talking_train_aug_198.wav,media_talking
/mnt/c/workspace/journal/codes/Mark4.5/data/train/media_talking_train_aug_199.wav,media_talking
/mnt/c/workspace/journal/codes/Mark4.5/data/train/media_talking_train_aug_200.wav,media_talking
/mnt/c/workspace/journal/codes/Mark4.5/data/train/media_talking_train_aug_201.wav,media_talking
/mnt/c/workspace/journal/codes/Mark4.5/data/train/media_talking_train_aug_202.wav,media_talking
/mnt/c/workspace/journal/codes/Mark4.5/data/train/media_talking_train_aug_203.wav,media_talking
/mnt/c/workspace/journal/codes/Mark4.5/data/train/media_talking_train_aug_204.wav,media_talking
/mnt/c/workspace/journal/codes/Mark4.5/data/train/media_talking_train_aug_205.wav,media_talking
/mnt/c/workspace/journal/codes/Mark4.5/data/train/media_talking_train_aug_206.wav,media_talking
/mnt/c/workspace/journal/codes/Mark4.5/data/train/media_talking_train_aug_207.wav,media_talking
/mnt/c/workspace/journal/codes/Mark4.5/data/train/media_talking_train_aug_208.wav,media_talking
/mnt/c/workspace/journal/codes/Mark4.5/data/train/media_talking_train_aug_209.wav,media_talking
/mnt/c/workspace/journal/codes/Mark4.5/data/train/media_talking_train_aug_210.wav,media_talking
/mnt/c/workspace/journal/codes/Mark4.5/data/train/media_talking_train_aug_211.wav,media_talking
/mnt/c/workspace/journal/codes/Mark4.5/data/train/media_talking_train_aug_212.wav,media_talking
/mnt/c/workspace/journal/codes/Mark4.5/data/train/media_talking_train_aug_213.wav,media_talking
/mnt/c/workspace/journal/codes/Mark4.5/data/train/media_talking_train_aug_214.wav,media_talking
/mnt/c/workspace/journal/codes/Mark4.5/data/train/media_talking_train_aug_215.wav,media_talking
/mnt/c/workspace/journal/codes/Mark4.5/data/train/media_talking_train_aug_216.wav,media_talking
/mnt/c/workspace/journal/codes/Mark4.5/data/train/media_talking_train_aug_217.wav,media_talking
/mnt/c/workspace/journal/codes/Mark4.5/data/train/media_talking_train_aug_218.wav,media_talking
/mnt/c/workspace/journal/codes/Mark4.5/data/train/media_talking_train_aug_219.wav,media_talking
/mnt/c/workspace/journal/codes/Mark4.5/data/train/media_talking_train_aug_220.wav,media_talking
/mnt/c/workspace/journal/codes/Mark4.5/data/train/media_talking_train_aug_221.wav,media_talking
/mnt/c/workspace/journal/codes/Mark4.5/data/train/media_talking_train_aug_222.wav,media_talking
/mnt/c/workspace/journal/codes/Mark4.5/data/train/media_talking_train_aug_223.wav,media_talking
/mnt/c/workspace/journal/codes/Mark4.5/data/train/media_talking_train_aug_224.wav,media_talking
/mnt/c/workspace/journal/codes/Mark4.5/data/train/media_talking_train_aug_225.wav,media_talking
/mnt/c/workspace/journal/codes/Mark4.5/data/train/media_talking_train_aug_226.wav,media_talking
/mnt/c/workspace/journal/codes/Mark4.5/data/train/media_talking_train_aug_227.wav,media_talking
/mnt/c/workspace/journal/codes/Mark4.5/data/train/media_talking_train_aug_228.wav,media_talking
/mnt/c/workspace/journal/codes/Mark4.5/data/train/media_talking_train_aug_229.wav,media_talking
/mnt/c/workspace/journal/codes/Mark4.5/data/train/media_talking_train_aug_230.wav,media_talking
/mnt/c/workspace/journal/codes/Mark4.5/data/train/media_talking_train_aug_231.wav,media_talking
/mnt/c/workspace/journal/codes/Mark4.5/data/train/media_talking_train_aug_232.wav,media_talking
/mnt/c/workspace/journal/codes/Mark4.5/data/train/media_talking_train_aug_233.wav,media_talking
/mnt/c/workspace/journal/codes/Mark4.5/data/train/media_talking_train_aug_234.wav,media_talking
/mnt/c/workspace/journal/codes/Mark4.5/data/train/media_talking_train_aug_235.wav,media_talking
/mnt/c/workspace/journal/codes/Mark4.5/data/train/media_talking_train_aug_236.wav,media_talking
/mnt/c/workspace/journal/codes/Mark4.5/data/train/media_talking_train_aug_237.wav,media_talking
/mnt/c/workspace/journal/codes/Mark4.5/data/train/media_talking_train_aug_238.wav,media_talking
/mnt/c/workspace/journal/codes/Mark4.5/data/train/media_talking_train_aug_239.wav,media_talking
/mnt/c/workspace/journal/codes/Mark4.5/data/train/media_talking_train_aug_240.wav,media_talking
/mnt/c/workspace/journal/codes/Mark4.5/data/train/media_talking_train_aug_241.wav,media_talking
/mnt/c/workspace/journal/codes/Mark4.5/data/train/media_talking_train_aug_242.wav,media_talking
/mnt/c/workspace/journal/codes/Mark4.5/data/train/media_talking_train_aug_243.wav,media_talking
/mnt/c/workspace/journal/codes/Mark4.5/data/train/media_talking_train_aug_244.wav,media_talking
/mnt/c/workspace/journal/codes/Mark4.5/data/train/media_talking_train_aug_245.wav,media_talking
/mnt/c/workspace/journal/codes/Mark4.5/data/train/media_talking_train_aug_246.wav,media_talking
/mnt/c/workspace/journal/codes/Mark4.5/data/train/media_talking_train_aug_247.wav,media_talking
/mnt/c/workspace/journal/codes/Mark4.5/data/train/media_talking_train_aug_248.wav,media_talking
/mnt/c/workspace/journal/codes/Mark4.5/data/train/media_talking_train_aug_249.wav,media_talking
/mnt/c/workspace/journal/codes/Mark4.5/data/train/media_talking_train_aug_250.wav,media_talking
/mnt/c/workspace/journal/codes/Mark4.5/data/train/media_talking_train_aug_251.wav,media_talking
/mnt/c/workspace/journal/codes/Mark4.5/data/train/media_talking_train_aug_252.wav,media_talking
/mnt/c/workspace/journal/codes/Mark4.5/data/train/media_talking_train_aug_253.wav,media_talking
/mnt/c/workspace/journal/codes/Mark4.5/data/train/media_talking_train_aug_254.wav,media_talking
/mnt/c/workspace/journal/codes/Mark4.5/data/train/media_talking_train_aug_255.wav,media_talking
/mnt/c/workspace/journal/codes/Mark4.5/data/train/media_talking_train_aug_256.wav,media_talking
/mnt/c/workspace/journal/codes/Mark4.5/data/train/media_talking_train_aug_257.wav,media_talking
/mnt/c/workspace/journal/codes/Mark4.5/data/train/media_talking_train_aug_258.wav,media_talking
/mnt/c/workspace/journal/codes/Mark4.5/data/train/media_talking_train_aug_259.wav,media_talking
/mnt/c/workspace/journal/codes/Mark4.5/data/train/media_talking_train_aug_260.wav,media_talking
/mnt/c/workspace/journal/codes/Mark4.5/data/train/media_talking_train_aug_261.wav,media_talking
/mnt/c/workspace/journal/codes/Mark4.5/data/train/media_talking_train_aug_262.wav,media_talking
/mnt/c/workspace/journal/codes/Mark4.5/data/train/media_talking_train_aug_263.wav,media_talking
/mnt/c/workspace/journal/codes/Mark4.5/data/train/media_talking_train_aug_264.wav,media_talking
/mnt/c/workspace/journal/codes/Mark4.5/data/train/media_talking_train_aug_265.wav,media_talking
/mnt/c/workspace/journal/codes/Mark4.5/data/train/media_talking_train_aug_266.wav,media_talking
/mnt/c/workspace/journal/codes/Mark4.5/data/train/media_talking_train_aug_267.wav,media_talking
/mnt/c/workspace/journal/codes/Mark4.5/data/train/media_talking_train_aug_268.wav,media_talking
/mnt/c/workspace/journal/codes/Mark4.5/data/train/media_talking_train_aug_269.wav,media_talking
/mnt/c/workspace/journal/codes/Mark4.5/data/train/media_talking_train_aug_270.wav,media_talking
/mnt/c/workspace/journal/codes/Mark4.5/data/train/media_talking_train_aug_271.wav,media_talking
/mnt/c/workspace/journal/codes/Mark4.5/data/train/media_talking_train_aug_272.wav,media_talking
/mnt/c/workspace/journal/codes/Mark4.5/data/train/media_talking_train_aug_273.wav,media_talking
/mnt/c/workspace/journal/codes/Mark4.5/data/train/media_talking_train_aug_274.wav,media_talking
/mnt/c/workspace/journal/codes/Mark4.5/data/train/media_talking_train_aug_275.wav,media_talking
/mnt/c/workspace/journal/codes/Mark4.5/data/train/media_talking_train_aug_276.wav,media_talking
/mnt/c/workspace/journal/codes/Mark4.5/data/train/media_talking_train_aug_277.wav,media_talking
/mnt/c/workspace/journal/codes/Mark4.5/data/train/media_talking_train_aug_278.wav,media_talking
/mnt/c/workspace/journal/codes/Mark4.5/data/train/media_talking_train_aug_279.wav,media_talking
/mnt/c/workspace/journal/codes/Mark4.5/data/train/media_talking_train_aug_280.wav,media_talking
/mnt/c/workspace/journal/codes/Mark4.5/data/train/media_talking_train_aug_281.wav,media_talking
/mnt/c/workspace/journal/codes/Mark4.5/data/train/media_talking_train_aug_282.wav,media_talking
/mnt/c/workspace/journal/codes/Mark4.5/data/train/media_talking_train_aug_283.wav,media_talking
/mnt/c/workspace/journal/codes/Mark4.5/data/train/media_talking_train_aug_284.wav,media_talking
/mnt/c/workspace/journal/codes/Mark4.5/data/train/media_talking_train_aug_285.wav,media_talking
/mnt/c/workspace/journal/codes/Mark4.5/data/train/media_talking_train_aug_286.wav,media_talking
/mnt/c/workspace/journal/codes/Mark4.5/data/train/media_talking_train_aug_287.wav,media_talking
/mnt/c/workspace/journal/codes/Mark4.5/data/train/media_talking_train_aug_288.wav,media_talking
/mnt/c/workspace/journal/codes/Mark4.5/data/train/media_talking_train_aug_289.wav,media_talking
/mnt/c/workspace/journal/codes/Mark4.5/data/train/media_talking_train_aug_290.wav,media_talking
/mnt/c/workspace/journal/codes/Mark4.5/data/train/media_talking_train_aug_291.wav,media_talking
/mnt/c/workspace/journal/codes/Mark4.5/data/train/media_talking_train_aug_292.wav,media_talking
/mnt/c/workspace/journal/codes/Mark4.5/data/train/media_talking_train_aug_293.wav,media_talking
/mnt/c/workspace/journal/codes/Mark4.5/data/train/media_talking_train_aug_294.wav,media_talking
/mnt/c/workspace/journal/codes/Mark4.5/data/train/media_talking_train_aug_295.wav,media_talking
/mnt/c/workspace/journal/codes/Mark4.5/data/train/media_talking_train_aug_296.wav,media_talking
/mnt/c/workspace/journal/codes/Mark4.5/data/train/media_talking_train_aug_297.wav,media_talking
/mnt/c/workspace/journal/codes/Mark4.5/data/train/media_talking_train_aug_298.wav,media_talking
/mnt/c/workspace/journal/codes/Mark4.5/data/train/media_talking_train_aug_299.wav,media_talking
/mnt/c/workspace/journal/codes/Mark4.5/data/train/media_talking_train_aug_300.wav,media_talking
/mnt/c/workspace/journal/codes/Mark4.5/data/train/media_talking_train_aug_301.wav,media_talking
/mnt/c/workspace/journal/codes/Mark4.5/data/train/media_talking_train_aug_302.wav,media_talking
/mnt/c/workspace/journal/codes/Mark4.5/data/train/media_talking_train_aug_303.wav,media_talking
/mnt/c/workspace/journal/codes/Mark4.5/data/train/media_talking_train_aug_304.wav,media_talking
/mnt/c/workspace/journal/codes/Mark4.5/data/train/media_talking_train_aug_305.wav,media_talking
/mnt/c/workspace/journal/codes/Mark4.5/data/train/media_talking_train_aug_306.wav,media_talking
/mnt/c/workspace/journal/codes/Mark4.5/data/train/media_talking_train_aug_307.wav,media_talking
/mnt/c/workspace/journal/codes/Mark4.5/data/train/media_talking_train_aug_308.wav,media_talking
/mnt/c/workspace/journal/codes/Mark4.5/data/train/media_talking_train_aug_309.wav,media_talking
/mnt/c/workspace/journal/codes/Mark4.5/data/train/media_talking_train_aug_310.wav,media_talking
/mnt/c/workspace/journal/codes/Mark4.5/data/train/media_talking_train_aug_311.wav,media_talking
/mnt/c/workspace/journal/codes/Mark4.5/data/train/media_talking_train_aug_312.wav,media_talking
/mnt/c/workspace/journal/codes/Mark4.5/data/train/media_talking_train_aug_313.wav,media_talking
/mnt/c/workspace/journal/codes/Mark4.5/data/train/media_talking_train_aug_314.wav,media_talking
/mnt/c/workspace/journal/codes/Mark4.5/data/train/media_talking_train_aug_315.wav,media_talking
/mnt/c/workspace/journal/codes/Mark4.5/data/train/media_talking_train_aug_316.wav,media_talking
/mnt/c/workspace/journal/codes/Mark4.5/data/train/media_talking_train_aug_317.wav,media_talking
/mnt/c/workspace/journal/codes/Mark4.5/data/train/media_talking_train_aug_318.wav,media_talking
/mnt/c/workspace/journal/codes/Mark4.5/data/train/media_talking_train_aug_319.wav,media_talking
/mnt/c/workspace/journal/codes/Mark4.5/data/train/media_talking_train_aug_320.wav,media_talking
/mnt/c/workspace/journal/codes/Mark4.5/data/train/media_talking_train_aug_321.wav,media_talking
/mnt/c/workspace/journal/codes/Mark4.5/data/train/media_talking_train_aug_322.wav,media_talking
/mnt/c/workspace/journal/codes/Mark4.5/data/train/media_talking_train_aug_323.wav,media_talking
/mnt/c/workspace/journal/codes/Mark4.5/data/train/media_talking_train_aug_324.wav,media_talking
/mnt/c/workspace/journal/codes/Mark4.5/data/train/media_talking_train_aug_325.wav,media_talking
/mnt/c/workspace/journal/codes/Mark4.5/data/train/media_talking_train_aug_326.wav,media_talking
/mnt/c/workspace/journal/codes/Mark4.5/data/train/media_talking_train_aug_327.wav,media_talking
/mnt/c/workspace/journal/codes/Mark4.5/data/train/media_talking_train_aug_328.wav,media_talking
/mnt/c/workspace/journal/codes/Mark4.5/data/train/media_talking_train_aug_329.wav,media_talking
/mnt/c/workspace/journal/codes/Mark4.5/data/train/media_talking_train_aug_330.wav,media_talking
/mnt/c/workspace/journal/codes/Mark4.5/data/train/media_talking_train_aug_331.wav,media_talking
/mnt/c/workspace/journal/codes/Mark4.5/data/train/media_talking_train_aug_332.wav,media_talking
/mnt/c/workspace/journal/codes/Mark4.5/data/train/media_talking_train_aug_333.wav,media_talking
/mnt/c/workspace/journal/codes/Mark4.5/data/train/media_talking_train_aug_334.wav,media_talking
/mnt/c/workspace/journal/codes/Mark4.5/data/train/media_talking_train_aug_335.wav,media_talking
/mnt/c/workspace/journal/codes/Mark4.5/data/train/media_talking_train_aug_336.wav,media_talking
/mnt/c/workspace/journal/codes/Mark4.5/data/train/media_talking_train_aug_337.wav,media_talking
/mnt/c/workspace/journal/codes/Mark4.5/data/train/media_talking_train_aug_338.wav,media_talking
/mnt/c/workspace/journal/codes/Mark4.5/data/train/media_talking_train_aug_339.wav,media_talking
/mnt/c/workspace/journal/codes/Mark4.5/data/train/media_talking_train_aug_340.wav,media_talking
/mnt/c/workspace/journal/codes/Mark4.5/data/train/media_talking_train_aug_341.wav,media_talking
/mnt/c/workspace/journal/codes/Mark4.5/data/train/media_talking_train_aug_342.wav,media_talking
/mnt/c/workspace/journal/codes/Mark4.5/data/train/media_talking_train_aug_343.wav,media_talking
/mnt/c/workspace/journal/codes/Mark4.5/data/train/media_talking_train_aug_344.wav,media_talking
/mnt/c/workspace/journal/codes/Mark4.5/data/train/media_talking_train_aug_345.wav,media_talking
/mnt/c/workspace/journal/codes/Mark4.5/data/train/media_talking_train_aug_346.wav,media_talking
/mnt/c/workspace/journal/codes/Mark4.5/data/train/media_talking_train_aug_347.wav,media_talking
/mnt/c/workspace/journal/codes/Mark4.5/data/train/media_talking_train_aug_348.wav,media_talking
/mnt/c/workspace/journal/codes/Mark4.5/data/train/media_talking_train_aug_349.wav,media_talking
/mnt/c/workspace/journal/codes/Mark4.5/data/train/media_talking_train_aug_350.wav,media_talking
/mnt/c/workspace/journal/codes/Mark4.5/data/train/media_talking_train_aug_351.wav,media_talking
/mnt/c/workspace/journal/codes/Mark4.5/data/train/media_talking_train_aug_352.wav,media_talking
/mnt/c/workspace/journal/codes/Mark4.5/data/train/media_talking_train_aug_353.wav,media_talking
/mnt/c/workspace/journal/codes/Mark4.5/data/train/media_talking_train_aug_354.wav,media_talking
/mnt/c/workspace/journal/codes/Mark4.5/data/train/media_talking_train_aug_355.wav,media_talking
/mnt/c/workspace/journal/codes/Mark4.5/data/train/media_talking_train_aug_356.wav,media_talking
/mnt/c/workspace/journal/codes/Mark4.5/data/train/media_talking_train_aug_357.wav,media_talking
/mnt/c/workspace/journal/codes/Mark4.5/data/train/media_talking_train_aug_358.wav,media_talking
/mnt/c/workspace/journal/codes/Mark4.5/data/train/media_talking_train_aug_359.wav,media_talking
/mnt/c/workspace/journal/codes/Mark4.5/data/train/media_talking_train_aug_360.wav,media_talking
/mnt/c/workspace/journal/codes/Mark4.5/data/train/media_talking_train_aug_361.wav,media_talking
/mnt/c/workspace/journal/codes/Mark4.5/data/train/media_talking_train_aug_362.wav,media_talking
/mnt/c/workspace/journal/codes/Mark4.5/data/train/media_talking_train_aug_363.wav,media_talking
/mnt/c/workspace/journal/codes/Mark4.5/data/train/media_talking_train_aug_364.wav,media_talking
/mnt/c/workspace/journal/codes/Mark4.5/data/train/media_talking_train_aug_365.wav,media_talking
/mnt/c/workspace/journal/codes/Mark4.5/data/train/media_talking_train_aug_366.wav,media_talking
/mnt/c/workspace/journal/codes/Mark4.5/data/train/media_talking_train_aug_367.wav,media_talking
/mnt/c/workspace/journal/codes/Mark4.5/data/train/media_talking_train_aug_368.wav,media_talking
/mnt/c/workspace/journal/codes/Mark4.5/data/train/media_talking_train_aug_369.wav,media_talking
/mnt/c/workspace/journal/codes/Mark4.5/data/train/media_talking_train_aug_370.wav,media_talking
/mnt/c/workspace/journal/codes/Mark4.5/data/train/media_talking_train_aug_371.wav,media_talking
/mnt/c/workspace/journal/codes/Mark4.5/data/train/media_talking_train_aug_372.wav,media_talking
/mnt/c/workspace/journal/codes/Mark4.5/data/train/media_talking_train_aug_373.wav,media_talking
/mnt/c/workspace/journal/codes/Mark4.5/data/train/media_talking_train_aug_374.wav,media_talking
/mnt/c/workspace/journal/codes/Mark4.5/data/train/media_talking_train_aug_375.wav,media_talking
/mnt/c/workspace/journal/codes/Mark4.5/data/train/media_talking_train_aug_376.wav,media_talking
/mnt/c/workspace/journal/codes/Mark4.5/data/train/media_talking_train_aug_377.wav,media_talking
/mnt/c/workspace/journal/codes/Mark4.5/data/train/media_talking_train_aug_378.wav,media_talking
/mnt/c/workspace/journal/codes/Mark4.5/data/train/media_talking_train_aug_379.wav,media_talking
/mnt/c/workspace/journal/codes/Mark4.5/data/train/media_talking_train_aug_380.wav,media_talking
/mnt/c/workspace/journal/codes/Mark4.5/data/train/media_talking_train_aug_381.wav,media_talking
/mnt/c/workspace/journal/codes/Mark4.5/data/train/media_talking_train_aug_382.wav,media_talking
/mnt/c/workspace/journal/codes/Mark4.5/data/train/media_talking_train_aug_383.wav,media_talking
/mnt/c/workspace/journal/codes/Mark4.5/data/train/media_talking_train_aug_384.wav,media_talking
/mnt/c/workspace/journal/codes/Mark4.5/data/train/media_talking_train_aug_385.wav,media_talking
/mnt/c/workspace/journal/codes/Mark4.5/data/train/media_talking_train_aug_386.wav,media_talking
/mnt/c/workspace/journal/codes/Mark4.5/data/train/media_talking_train_aug_387.wav,media_talking
/mnt/c/workspace/journal/codes/Mark4.5/data/train/media_talking_train_aug_388.wav,media_talking
/mnt/c/workspace/journal/codes/Mark4.5/data/train/media_talking_train_aug_389.wav,media_talking
/mnt/c/workspace/journal/codes/Mark4.5/data/train/media_talking_train_aug_390.wav,media_talking
/mnt/c/workspace/journal/codes/Mark4.5/data/train/media_talking_train_aug_391.wav,media_talking
/mnt/c/workspace/journal/codes/Mark4.5/data/train/media_talking_train_aug_392.wav,media_talking
/mnt/c/workspace/journal/codes/Mark4.5/data/train/media_talking_train_aug_393.wav,media_talking
/mnt/c/workspace/journal/codes/Mark4.5/data/train/media_talking_train_aug_394.wav,media_talking
/mnt/c/workspace/journal/codes/Mark4.5/data/train/media_talking_train_aug_395.wav,media_talking
/mnt/c/workspace/journal/codes/Mark4.5/data/train/media_talking_train_aug_396.wav,media_talking
/mnt/c/workspace/journal/codes/Mark4.5/data/train/media_talking_train_aug_397.wav,media_talking
/mnt/c/workspace/journal/codes/Mark4.5/data/train/media_talking_train_aug_398.wav,media_talking
/mnt/c/workspace/journal/codes/Mark4.5/data/train/media_talking_train_aug_399.wav,media_talking
/mnt/c/workspace/journal/codes/Mark4.5/data/train/media_talking_train_aug_400.wav,media_talking
/mnt/c/workspace/journal/codes/Mark4.5/data/train/media_talking_train_aug_401.wav,media_talking
/mnt/c/workspace/journal/codes/Mark4.5/data/train/media_talking_train_aug_402.wav,media_talking
/mnt/c/workspace/journal/codes/Mark4.5/data/train/media_talking_train_aug_403.wav,media_talking
/mnt/c/workspace/journal/codes/Mark4.5/data/train/media_talking_train_aug_404.wav,media_talking
/mnt/c/workspace/journal/codes/Mark4.5/data/train/media_talking_train_aug_405.wav,media_talking
/mnt/c/workspace/journal/codes/Mark4.5/data/train/media_talking_train_aug_406.wav,media_talking
/mnt/c/workspace/journal/codes/Mark4.5/data/train/media_talking_train_aug_407.wav,media_talking
/mnt/c/workspace/journal/codes/Mark4.5/data/train/media_talking_train_aug_408.wav,media_talking
/mnt/c/workspace/journal/codes/Mark4.5/data/train/media_talking_train_aug_409.wav,media_talking
/mnt/c/workspace/journal/codes/Mark4.5/data/train/media_talking_train_aug_410.wav,media_talking
/mnt/c/workspace/journal/codes/Mark4.5/data/train/media_talking_train_aug_411.wav,media_talking
/mnt/c/workspace/journal/codes/Mark4.5/data/train/media_talking_train_aug_412.wav,media_talking
/mnt/c/workspace/journal/codes/Mark4.5/data/train/media_talking_train_aug_413.wav,media_talking
/mnt/c/workspace/journal/codes/Mark4.5/data/train/media_talking_train_aug_414.wav,media_talking
/mnt/c/workspace/journal/codes/Mark4.5/data/train/media_talking_train_aug_415.wav,media_talking
/mnt/c/workspace/journal/codes/Mark4.5/data/train/media_talking_train_aug_416.wav,media_talking
/mnt/c/workspace/journal/codes/Mark4.5/data/train/media_talking_train_aug_417.wav,media_talking
/mnt/c/workspace/journal/codes/Mark4.5/data/train/media_talking_train_aug_418.wav,media_talking
/mnt/c/workspace/journal/codes/Mark4.5/data/train/media_talking_train_aug_419.wav,media_talking
/mnt/c/workspace/journal/codes/Mark4.5/data/train/media_talking_train_aug_420.wav,media_talking
/mnt/c/workspace/journal/codes/Mark4.5/data/train/media_talking_train_aug_421.wav,media_talking
/mnt/c/workspace/journal/codes/Mark4.5/data/train/media_talking_train_aug_422.wav,media_talking
/mnt/c/workspace/journal/codes/Mark4.5/data/train/media_talking_train_aug_423.wav,media_talking
/mnt/c/workspace/journal/codes/Mark4.5/data/train/media_talking_train_aug_424.wav,media_talking
/mnt/c/workspace/journal/codes/Mark4.5/data/train/media_talking_train_aug_425.wav,media_talking
/mnt/c/workspace/journal/codes/Mark4.5/data/train/media_talking_train_aug_426.wav,media_talking
/mnt/c/workspace/journal/codes/Mark4.5/data/train/media_talking_train_aug_427.wav,media_talking
/mnt/c/workspace/journal/codes/Mark4.5/data/train/media_talking_train_aug_428.wav,media_talking
/mnt/c/workspace/journal/codes/Mark4.5/data/train/media_talking_train_aug_429.wav,media_talking
/mnt/c/workspace/journal/codes/Mark4.5/data/train/media_talking_train_aug_430.wav,media_talking
/mnt/c/workspace/journal/codes/Mark4.5/data/train/media_talking_train_aug_431.wav,media_talking
/mnt/c/workspace/journal/codes/Mark4.5/data/train/media_talking_train_aug_432.wav,media_talking
/mnt/c/workspace/journal/codes/Mark4.5/data/train/media_talking_train_aug_433.wav,media_talking
/mnt/c/workspace/journal/codes/Mark4.5/data/train/media_talking_train_aug_434.wav,media_talking
/mnt/c/workspace/journal/codes/Mark4.5/data/train/media_talking_train_aug_435.wav,media_talking
/mnt/c/workspace/journal/codes/Mark4.5/data/train/media_talking_train_aug_436.wav,media_talking
/mnt/c/workspace/journal/codes/Mark4.5/data/train/media_talking_train_aug_437.wav,media_talking
/mnt/c/workspace/journal/codes/Mark4.5/data/train/media_talking_train_aug_438.wav,media_talking
/mnt/c/workspace/journal/codes/Mark4.5/data/train/media_talking_train_aug_439.wav,media_talking
/mnt/c/workspace/journal/codes/Mark4.5/data/train/media_talking_train_aug_440.wav,media_talking
/mnt/c/workspace/journal/codes/Mark4.5/data/train/media_talking_train_aug_441.wav,media_talking
/mnt/c/workspace/journal/codes/Mark4.5/data/train/media_talking_train_aug_442.wav,media_talking
/mnt/c/workspace/journal/codes/Mark4.5/data/train/media_talking_train_aug_443.wav,media_talking
/mnt/c/workspace/journal/codes/Mark4.5/data/train/media_talking_train_aug_444.wav,media_talking
/mnt/c/workspace/journal/codes/Mark4.5/data/train/media_talking_train_aug_445.wav,media_talking
/mnt/c/workspace/journal/codes/Mark4.5/data/train/media_talking_train_aug_446.wav,media_talking
/mnt/c/workspace/journal/codes/Mark4.5/data/train/media_talking_train_aug_447.wav,media_talking
/mnt/c/workspace/journal/codes/Mark4.5/data/train/media_talking_train_aug_448.wav,media_talking
/mnt/c/workspace/journal/codes/Mark4.5/data/train/media_talking_train_aug_449.wav,media_talking
/mnt/c/workspace/journal/codes/Mark4.5/data/train/media_talking_train_aug_450.wav,media_talking
/mnt/c/workspace/journal/codes/Mark4.5/data/train/media_talking_train_aug_451.wav,media_talking
/mnt/c/workspace/journal/codes/Mark4.5/data/train/media_talking_train_aug_452.wav,media_talking
/mnt/c/workspace/journal/codes/Mark4.5/data/train/media_talking_train_aug_453.wav,media_talking
/mnt/c/workspace/journal/codes/Mark4.5/data/train/media_talking_train_aug_454.wav,media_talking
/mnt/c/workspace/journal/codes/Mark4.5/data/train/media_talking_train_aug_455.wav,media_talking
/mnt/c/workspace/journal/codes/Mark4.5/data/train/media_talking_train_aug_456.wav,media_talking
/mnt/c/workspace/journal/codes/Mark4.5/data/train/media_talking_train_aug_457.wav,media_talking
/mnt/c/workspace/journal/codes/Mark4.5/data/train/media_talking_train_aug_458.wav,media_talking
/mnt/c/workspace/journal/codes/Mark4.5/data/train/media_talking_train_aug_459.wav,media_talking
/mnt/c/workspace/journal/codes/Mark4.5/data/train/media_talking_train_aug_460.wav,media_talking
/mnt/c/workspace/journal/codes/Mark4.5/data/train/media_talking_train_aug_461.wav,media_talking
/mnt/c/workspace/journal/codes/Mark4.5/data/train/media_talking_train_aug_462.wav,media_talking
/mnt/c/workspace/journal/codes/Mark4.5/data/train/media_talking_train_aug_463.wav,media_talking
/mnt/c/workspace/journal/codes/Mark4.5/data/train/media_talking_train_aug_464.wav,media_talking
/mnt/c/workspace/journal/codes/Mark4.5/data/train/media_talking_train_aug_465.wav,media_talking
/mnt/c/workspace/journal/codes/Mark4.5/data/train/media_talking_train_aug_466.wav,media_talking
/mnt/c/workspace/journal/codes/Mark4.5/data/train/media_talking_train_aug_467.wav,media_talking
/mnt/c/workspace/journal/codes/Mark4.5/data/train/media_talking_train_aug_468.wav,media_talking
/mnt/c/workspace/journal/codes/Mark4.5/data/train/media_talking_train_aug_469.wav,media_talking
/mnt/c/workspace/journal/codes/Mark4.5/data/train/media_talking_train_aug_470.wav,media_talking
/mnt/c/workspace/journal/codes/Mark4.5/data/train/media_talking_train_aug_471.wav,media_talking
/mnt/c/workspace/journal/codes/Mark4.5/data/train/media_talking_train_aug_472.wav,media_talking
/mnt/c/workspace/journal/codes/Mark4.5/data/train/media_talking_train_aug_473.wav,media_talking
/mnt/c/workspace/journal/codes/Mark4.5/data/train/media_talking_train_aug_474.wav,media_talking
/mnt/c/workspace/journal/codes/Mark4.5/data/train/media_talking_train_aug_475.wav,media_talking
/mnt/c/workspace/journal/codes/Mark4.5/data/train/media_talking_train_aug_476.wav,media_talking
/mnt/c/workspace/journal/codes/Mark4.5/data/train/media_talking_train_aug_477.wav,media_talking
/mnt/c/workspace/journal/codes/Mark4.5/data/train/media_talking_train_aug_478.wav,media_talking
/mnt/c/workspace/journal/codes/Mark4.5/data/train/media_talking_train_aug_479.wav,media_talking
/mnt/c/workspace/journal/codes/Mark4.5/data/train/media_talking_train_aug_480.wav,media_talking
/mnt/c/workspace/journal/codes/Mark4.5/data/train/media_talking_train_aug_481.wav,media_talking
/mnt/c/workspace/journal/codes/Mark4.5/data/train/media_talking_train_aug_482.wav,media_talking
/mnt/c/workspace/journal/codes/Mark4.5/data/train/media_talking_train_aug_483.wav,media_talking
/mnt/c/workspace/journal/codes/Mark4.5/data/train/media_talking_train_aug_484.wav,media_talking
/mnt/c/workspace/journal/codes/Mark4.5/data/train/media_talking_train_aug_485.wav,media_talking
/mnt/c/workspace/journal/codes/Mark4.5/data/train/media_talking_train_aug_486.wav,media_talking
/mnt/c/workspace/journal/codes/Mark4.5/data/train/media_talking_train_aug_487.wav,media_talking
/mnt/c/workspace/journal/codes/Mark4.5/data/train/media_talking_train_aug_488.wav,media_talking
/mnt/c/workspace/journal/codes/Mark4.5/data/train/media_talking_train_aug_489.wav,media_talking
/mnt/c/workspace/journal/codes/Mark4.5/data/train/media_talking_train_aug_490.wav,media_talking
/mnt/c/workspace/journal/codes/Mark4.5/data/train/media_talking_train_aug_491.wav,media_talking
/mnt/c/workspace/journal/codes/Mark4.5/data/train/media_talking_train_aug_492.wav,media_talking
/mnt/c/workspace/journal/codes/Mark4.5/data/train/media_talking_train_aug_493.wav,media_talking
/mnt/c/workspace/journal/codes/Mark4.5/data/train/media_talking_train_aug_494.wav,media_talking
/mnt/c/workspace/journal/codes/Mark4.5/data/train/media_talking_train_aug_495.wav,media_talking
/mnt/c/workspace/journal/codes/Mark4.5/data/train/media_talking_train_aug_496.wav,media_talking
/mnt/c/workspace/journal/codes/Mark4.5/data/train/media_talking_train_aug_497.wav,media_talking
/mnt/c/workspace/journal/codes/Mark4.5/data/train/media_talking_train_aug_498.wav,media_talking
/mnt/c/workspace/journal/codes/Mark4.5/data/train/media_talking_train_aug_499.wav,media_talking
/mnt/c/workspace/journal/codes/Mark4.5/data/train/media_talking_train_aug_500.wav,media_talking
/mnt/c/workspace/journal/codes/Mark4.5/data/train/others_train_1000.wav,others
/mnt/c/workspace/journal/codes/Mark4.5/data/train/others_train_1001.wav,others
/mnt/c/workspace/journal/codes/Mark4.5/data/train/others_train_1002.wav,others
/mnt/c/workspace/journal/codes/Mark4.5/data/train/others_train_1003.wav,others
/mnt/c/workspace/journal/codes/Mark4.5/data/train/others_train_1004.wav,others
/mnt/c/workspace/journal/codes/Mark4.5/data/train/others_train_1005.wav,others
/mnt/c/workspace/journal/codes/Mark4.5/data/train/others_train_1006.wav,others
/mnt/c/workspace/journal/codes/Mark4.5/data/train/others_train_1007.wav,others
/mnt/c/workspace/journal/codes/Mark4.5/data/train/others_train_1008.wav,others
/mnt/c/workspace/journal/codes/Mark4.5/data/train/others_train_1009.wav,others
/mnt/c/workspace/journal/codes/Mark4.5/data/train/others_train_1010.wav,others
/mnt/c/workspace/journal/codes/Mark4.5/data/train/others_train_1011.wav,others
/mnt/c/workspace/journal/codes/Mark4.5/data/train/others_train_1012.wav,others
/mnt/c/workspace/journal/codes/Mark4.5/data/train/others_train_1013.wav,others
/mnt/c/workspace/journal/codes/Mark4.5/data/train/others_train_1014.wav,others
/mnt/c/workspace/journal/codes/Mark4.5/data/train/others_train_1015.wav,others
/mnt/c/workspace/journal/codes/Mark4.5/data/train/others_train_1016.wav,others
/mnt/c/workspace/journal/codes/Mark4.5/data/train/others_train_1017.wav,others
/mnt/c/workspace/journal/codes/Mark4.5/data/train/others_train_1018.wav,others
/mnt/c/workspace/journal/codes/Mark4.5/data/train/others_train_1019.wav,others
/mnt/c/workspace/journal/codes/Mark4.5/data/train/others_train_1020.wav,others
/mnt/c/workspace/journal/codes/Mark4.5/data/train/others_train_1021.wav,others
/mnt/c/workspace/journal/codes/Mark4.5/data/train/others_train_1022.wav,others
/mnt/c/workspace/journal/codes/Mark4.5/data/train/others_train_1023.wav,others
/mnt/c/workspace/journal/codes/Mark4.5/data/train/others_train_1024.wav,others
/mnt/c/workspace/journal/codes/Mark4.5/data/train/others_train_1025.wav,others
/mnt/c/workspace/journal/codes/Mark4.5/data/train/others_train_1026.wav,others
/mnt/c/workspace/journal/codes/Mark4.5/data/train/others_train_1027.wav,others
/mnt/c/workspace/journal/codes/Mark4.5/data/train/others_train_1028.wav,others
/mnt/c/workspace/journal/codes/Mark4.5/data/train/others_train_1029.wav,others
/mnt/c/workspace/journal/codes/Mark4.5/data/train/others_train_1030.wav,others
/mnt/c/workspace/journal/codes/Mark4.5/data/train/others_train_1031.wav,others
/mnt/c/workspace/journal/codes/Mark4.5/data/train/others_train_1032.wav,others
/mnt/c/workspace/journal/codes/Mark4.5/data/train/others_train_1033.wav,others
/mnt/c/workspace/journal/codes/Mark4.5/data/train/others_train_1034.wav,others
/mnt/c/workspace/journal/codes/Mark4.5/data/train/others_train_1035.wav,others
/mnt/c/workspace/journal/codes/Mark4.5/data/train/others_train_1036.wav,others
/mnt/c/workspace/journal/codes/Mark4.5/data/train/others_train_1037.wav,others
/mnt/c/workspace/journal/codes/Mark4.5/data/train/others_train_1038.wav,others
/mnt/c/workspace/journal/codes/Mark4.5/data/train/others_train_1039.wav,others
/mnt/c/workspace/journal/codes/Mark4.5/data/train/others_train_1040.wav,others
/mnt/c/workspace/journal/codes/Mark4.5/data/train/others_train_1041.wav,others
/mnt/c/workspace/journal/codes/Mark4.5/data/train/others_train_1042.wav,others
/mnt/c/workspace/journal/codes/Mark4.5/data/train/others_train_1043.wav,others
/mnt/c/workspace/journal/codes/Mark4.5/data/train/others_train_1044.wav,others
/mnt/c/workspace/journal/codes/Mark4.5/data/train/others_train_1045.wav,others
/mnt/c/workspace/journal/codes/Mark4.5/data/train/others_train_1046.wav,others
/mnt/c/workspace/journal/codes/Mark4.5/data/train/others_train_1047.wav,others
/mnt/c/workspace/journal/codes/Mark4.5/data/train/others_train_1048.wav,others
/mnt/c/workspace/journal/codes/Mark4.5/data/train/others_train_1049.wav,others
/mnt/c/workspace/journal/codes/Mark4.5/data/train/others_train_1050.wav,others
/mnt/c/workspace/journal/codes/Mark4.5/data/train/others_train_1051.wav,others
/mnt/c/workspace/journal/codes/Mark4.5/data/train/others_train_1052.wav,others
/mnt/c/workspace/journal/codes/Mark4.5/data/train/others_train_1053.wav,others
/mnt/c/workspace/journal/codes/Mark4.5/data/train/others_train_1054.wav,others
/mnt/c/workspace/journal/codes/Mark4.5/data/train/others_train_1055.wav,others
/mnt/c/workspace/journal/codes/Mark4.5/data/train/others_train_1056.wav,others
/mnt/c/workspace/journal/codes/Mark4.5/data/train/others_train_1057.wav,others
/mnt/c/workspace/journal/codes/Mark4.5/data/train/others_train_1058.wav,others
/mnt/c/workspace/journal/codes/Mark4.5/data/train/others_train_1059.wav,others
/mnt/c/workspace/journal/codes/Mark4.5/data/train/others_train_1060.wav,others
/mnt/c/workspace/journal/codes/Mark4.5/data/train/others_train_1061.wav,others
/mnt/c/workspace/journal/codes/Mark4.5/data/train/others_train_1062.wav,others
/mnt/c/workspace/journal/codes/Mark4.5/data/train/others_train_1063.wav,others
/mnt/c/workspace/journal/codes/Mark4.5/data/train/others_train_1064.wav,others
/mnt/c/workspace/journal/codes/Mark4.5/data/train/others_train_1065.wav,others
/mnt/c/workspace/journal/codes/Mark4.5/data/train/others_train_1066.wav,others
/mnt/c/workspace/journal/codes/Mark4.5/data/train/others_train_1067.wav,others
/mnt/c/workspace/journal/codes/Mark4.5/data/train/others_train_1068.wav,others
/mnt/c/workspace/journal/codes/Mark4.5/data/train/others_train_1069.wav,others
/mnt/c/workspace/journal/codes/Mark4.5/data/train/others_train_1070.wav,others
/mnt/c/workspace/journal/codes/Mark4.5/data/train/others_train_1071.wav,others
/mnt/c/workspace/journal/codes/Mark4.5/data/train/others_train_1072.wav,others
/mnt/c/workspace/journal/codes/Mark4.5/data/train/others_train_1073.wav,others
/mnt/c/workspace/journal/codes/Mark4.5/data/train/others_train_1074.wav,others
/mnt/c/workspace/journal/codes/Mark4.5/data/train/others_train_1075.wav,others
/mnt/c/workspace/journal/codes/Mark4.5/data/train/others_train_1076.wav,others
/mnt/c/workspace/journal/codes/Mark4.5/data/train/others_train_1077.wav,others
/mnt/c/workspace/journal/codes/Mark4.5/data/train/others_train_1078.wav,others
/mnt/c/workspace/journal/codes/Mark4.5/data/train/others_train_1079.wav,others
/mnt/c/workspace/journal/codes/Mark4.5/data/train/others_train_1080.wav,others
/mnt/c/workspace/journal/codes/Mark4.5/data/train/others_train_1081.wav,others
/mnt/c/workspace/journal/codes/Mark4.5/data/train/others_train_1082.wav,others
/mnt/c/workspace/journal/codes/Mark4.5/data/train/others_train_1083.wav,others
/mnt/c/workspace/journal/codes/Mark4.5/data/train/others_train_1084.wav,others
/mnt/c/workspace/journal/codes/Mark4.5/data/train/others_train_1085.wav,others
/mnt/c/workspace/journal/codes/Mark4.5/data/train/others_train_1086.wav,others
/mnt/c/workspace/journal/codes/Mark4.5/data/train/others_train_1087.wav,others
/mnt/c/workspace/journal/codes/Mark4.5/data/train/others_train_1088.wav,others
/mnt/c/workspace/journal/codes/Mark4.5/data/train/others_train_1089.wav,others
/mnt/c/workspace/journal/codes/Mark4.5/data/train/others_train_1090.wav,others
/mnt/c/workspace/journal/codes/Mark4.5/data/train/others_train_1091.wav,others
/mnt/c/workspace/journal/codes/Mark4.5/data/train/others_train_1092.wav,others
/mnt/c/workspace/journal/codes/Mark4.5/data/train/others_train_1093.wav,others
/mnt/c/workspace/journal/codes/Mark4.5/data/train/others_train_1094.wav,others
/mnt/c/workspace/journal/codes/Mark4.5/data/train/others_train_1095.wav,others
/mnt/c/workspace/journal/codes/Mark4.5/data/train/others_train_1096.wav,others
/mnt/c/workspace/journal/codes/Mark4.5/data/train/others_train_1097.wav,others
/mnt/c/workspace/journal/codes/Mark4.5/data/train/others_train_1098.wav,others
/mnt/c/workspace/journal/codes/Mark4.5/data/train/others_train_1099.wav,others
/mnt/c/workspace/journal/codes/Mark4.5/data/train/others_train_1100.wav,others
/mnt/c/workspace/journal/codes/Mark4.5/data/train/others_train_1101.wav,others
/mnt/c/workspace/journal/codes/Mark4.5/data/train/others_train_1102.wav,others
/mnt/c/workspace/journal/codes/Mark4.5/data/train/others_train_1103.wav,others
/mnt/c/workspace/journal/codes/Mark4.5/data/train/others_train_1104.wav,others
/mnt/c/workspace/journal/codes/Mark4.5/data/train/others_train_1105.wav,others
/mnt/c/workspace/journal/codes/Mark4.5/data/train/others_train_1106.wav,others
/mnt/c/workspace/journal/codes/Mark4.5/data/train/others_train_1107.wav,others
/mnt/c/workspace/journal/codes/Mark4.5/data/train/others_train_1108.wav,others
/mnt/c/workspace/journal/codes/Mark4.5/data/train/others_train_1109.wav,others
/mnt/c/workspace/journal/codes/Mark4.5/data/train/others_train_1110.wav,others
/mnt/c/workspace/journal/codes/Mark4.5/data/train/others_train_1111.wav,others
/mnt/c/workspace/journal/codes/Mark4.5/data/train/others_train_1112.wav,others
/mnt/c/workspace/journal/codes/Mark4.5/data/train/others_train_1113.wav,others
/mnt/c/workspace/journal/codes/Mark4.5/data/train/others_train_1114.wav,others
/mnt/c/workspace/journal/codes/Mark4.5/data/train/others_train_1115.wav,others
/mnt/c/workspace/journal/codes/Mark4.5/data/train/others_train_1116.wav,others
/mnt/c/workspace/journal/codes/Mark4.5/data/train/others_train_1117.wav,others
/mnt/c/workspace/journal/codes/Mark4.5/data/train/others_train_1118.wav,others
/mnt/c/workspace/journal/codes/Mark4.5/data/train/others_train_1119.wav,others
/mnt/c/workspace/journal/codes/Mark4.5/data/train/others_train_1120.wav,others
/mnt/c/workspace/journal/codes/Mark4.5/data/train/others_train_1121.wav,others
/mnt/c/workspace/journal/codes/Mark4.5/data/train/others_train_1122.wav,others
/mnt/c/workspace/journal/codes/Mark4.5/data/train/others_train_1123.wav,others
/mnt/c/workspace/journal/codes/Mark4.5/data/train/others_train_1124.wav,others
/mnt/c/workspace/journal/codes/Mark4.5/data/train/others_train_1125.wav,others
/mnt/c/workspace/journal/codes/Mark4.5/data/train/others_train_1126.wav,others
/mnt/c/workspace/journal/codes/Mark4.5/data/train/others_train_1127.wav,others
/mnt/c/workspace/journal/codes/Mark4.5/data/train/others_train_1128.wav,others
/mnt/c/workspace/journal/codes/Mark4.5/data/train/others_train_1129.wav,others
/mnt/c/workspace/journal/codes/Mark4.5/data/train/others_train_1130.wav,others
/mnt/c/workspace/journal/codes/Mark4.5/data/train/others_train_1131.wav,others
/mnt/c/workspace/journal/codes/Mark4.5/data/train/others_train_1132.wav,others
/mnt/c/workspace/journal/codes/Mark4.5/data/train/others_train_1133.wav,others
/mnt/c/workspace/journal/codes/Mark4.5/data/train/others_train_1134.wav,others
/mnt/c/workspace/journal/codes/Mark4.5/data/train/others_train_1135.wav,others
/mnt/c/workspace/journal/codes/Mark4.5/data/train/others_train_1136.wav,others
/mnt/c/workspace/journal/codes/Mark4.5/data/train/others_train_1137.wav,others
/mnt/c/workspace/journal/codes/Mark4.5/data/train/others_train_1138.wav,others
/mnt/c/workspace/journal/codes/Mark4.5/data/train/others_train_1139.wav,others
/mnt/c/workspace/journal/codes/Mark4.5/data/train/others_train_1140.wav,others
/mnt/c/workspace/journal/codes/Mark4.5/data/train/others_train_1141.wav,others
/mnt/c/workspace/journal/codes/Mark4.5/data/train/others_train_1142.wav,others
/mnt/c/workspace/journal/codes/Mark4.5/data/train/others_train_1143.wav,others
/mnt/c/workspace/journal/codes/Mark4.5/data/train/others_train_1144.wav,others
/mnt/c/workspace/journal/codes/Mark4.5/data/train/others_train_1145.wav,others
/mnt/c/workspace/journal/codes/Mark4.5/data/train/others_train_1146.wav,others
/mnt/c/workspace/journal/codes/Mark4.5/data/train/others_train_1147.wav,others
/mnt/c/workspace/journal/codes/Mark4.5/data/train/others_train_1148.wav,others
/mnt/c/workspace/journal/codes/Mark4.5/data/train/others_train_1149.wav,others
/mnt/c/workspace/journal/codes/Mark4.5/data/train/others_train_1150.wav,others
/mnt/c/workspace/journal/codes/Mark4.5/data/train/others_train_1151.wav,others
/mnt/c/workspace/journal/codes/Mark4.5/data/train/others_train_1152.wav,others
/mnt/c/workspace/journal/codes/Mark4.5/data/train/others_train_1153.wav,others
/mnt/c/workspace/journal/codes/Mark4.5/data/train/others_train_1154.wav,others
/mnt/c/workspace/journal/codes/Mark4.5/data/train/others_train_1155.wav,others
/mnt/c/workspace/journal/codes/Mark4.5/data/train/others_train_1156.wav,others
/mnt/c/workspace/journal/codes/Mark4.5/data/train/others_train_1157.wav,others
/mnt/c/workspace/journal/codes/Mark4.5/data/train/others_train_1158.wav,others
/mnt/c/workspace/journal/codes/Mark4.5/data/train/others_train_1159.wav,others
/mnt/c/workspace/journal/codes/Mark4.5/data/train/others_train_1160.wav,others
/mnt/c/workspace/journal/codes/Mark4.5/data/train/others_train_1161.wav,others
/mnt/c/workspace/journal/codes/Mark4.5/data/train/others_train_1162.wav,others
/mnt/c/workspace/journal/codes/Mark4.5/data/train/others_train_1163.wav,others
/mnt/c/workspace/journal/codes/Mark4.5/data/train/others_train_1164.wav,others
/mnt/c/workspace/journal/codes/Mark4.5/data/train/others_train_1165.wav,others
/mnt/c/workspace/journal/codes/Mark4.5/data/train/others_train_1166.wav,others
/mnt/c/workspace/journal/codes/Mark4.5/data/train/others_train_1167.wav,others
/mnt/c/workspace/journal/codes/Mark4.5/data/train/others_train_1168.wav,others
/mnt/c/workspace/journal/codes/Mark4.5/data/train/others_train_1169.wav,others
/mnt/c/workspace/journal/codes/Mark4.5/data/train/others_train_1170.wav,others
/mnt/c/workspace/journal/codes/Mark4.5/data/train/others_train_1171.wav,others
/mnt/c/workspace/journal/codes/Mark4.5/data/train/others_train_1172.wav,others
/mnt/c/workspace/journal/codes/Mark4.5/data/train/others_train_1173.wav,others
/mnt/c/workspace/journal/codes/Mark4.5/data/train/others_train_1174.wav,others
/mnt/c/workspace/journal/codes/Mark4.5/data/train/others_train_1175.wav,others
/mnt/c/workspace/journal/codes/Mark4.5/data/train/others_train_1176.wav,others
/mnt/c/workspace/journal/codes/Mark4.5/data/train/others_train_1177.wav,others
/mnt/c/workspace/journal/codes/Mark4.5/data/train/others_train_1178.wav,others
/mnt/c/workspace/journal/codes/Mark4.5/data/train/others_train_1179.wav,others
/mnt/c/workspace/journal/codes/Mark4.5/data/train/others_train_1180.wav,others
/mnt/c/workspace/journal/codes/Mark4.5/data/train/others_train_1181.wav,others
/mnt/c/workspace/journal/codes/Mark4.5/data/train/others_train_1182.wav,others
/mnt/c/workspace/journal/codes/Mark4.5/data/train/others_train_1183.wav,others
/mnt/c/workspace/journal/codes/Mark4.5/data/train/others_train_1184.wav,others
/mnt/c/workspace/journal/codes/Mark4.5/data/train/others_train_1185.wav,others
/mnt/c/workspace/journal/codes/Mark4.5/data/train/others_train_1186.wav,others
/mnt/c/workspace/journal/codes/Mark4.5/data/train/others_train_1187.wav,others
/mnt/c/workspace/journal/codes/Mark4.5/data/train/others_train_1188.wav,others
/mnt/c/workspace/journal/codes/Mark4.5/data/train/others_train_1189.wav,others
/mnt/c/workspace/journal/codes/Mark4.5/data/train/others_train_1190.wav,others
/mnt/c/workspace/journal/codes/Mark4.5/data/train/others_train_1191.wav,others
/mnt/c/workspace/journal/codes/Mark4.5/data/train/others_train_1192.wav,others
/mnt/c/workspace/journal/codes/Mark4.5/data/train/others_train_1193.wav,others
/mnt/c/workspace/journal/codes/Mark4.5/data/train/others_train_1194.wav,others
/mnt/c/workspace/journal/codes/Mark4.5/data/train/others_train_1195.wav,others
/mnt/c/workspace/journal/codes/Mark4.5/data/train/others_train_1196.wav,others
/mnt/c/workspace/journal/codes/Mark4.5/data/train/others_train_1197.wav,others
/mnt/c/workspace/journal/codes/Mark4.5/data/train/others_train_1198.wav,others
/mnt/c/workspace/journal/codes/Mark4.5/data/train/others_train_1199.wav,others
/mnt/c/workspace/journal/codes/Mark4.5/data/train/others_train_1200.wav,others
/mnt/c/workspace/journal/codes/Mark4.5/data/train/others_train_1201.wav,others
/mnt/c/workspace/journal/codes/Mark4.5/data/train/others_train_1202.wav,others
/mnt/c/workspace/journal/codes/Mark4.5/data/train/others_train_1203.wav,others
/mnt/c/workspace/journal/codes/Mark4.5/data/train/others_train_1204.wav,others
/mnt/c/workspace/journal/codes/Mark4.5/data/train/others_train_1205.wav,others
/mnt/c/workspace/journal/codes/Mark4.5/data/train/others_train_1206.wav,others
/mnt/c/workspace/journal/codes/Mark4.5/data/train/others_train_1207.wav,others
/mnt/c/workspace/journal/codes/Mark4.5/data/train/others_train_1208.wav,others
/mnt/c/workspace/journal/codes/Mark4.5/data/train/others_train_1209.wav,others
/mnt/c/workspace/journal/codes/Mark4.5/data/train/others_train_1210.wav,others
/mnt/c/workspace/journal/codes/Mark4.5/data/train/others_train_1211.wav,others
/mnt/c/workspace/journal/codes/Mark4.5/data/train/others_train_1212.wav,others
/mnt/c/workspace/journal/codes/Mark4.5/data/train/others_train_1213.wav,others
/mnt/c/workspace/journal/codes/Mark4.5/data/train/others_train_1214.wav,others
/mnt/c/workspace/journal/codes/Mark4.5/data/train/others_train_1215.wav,others
/mnt/c/workspace/journal/codes/Mark4.5/data/train/others_train_1216.wav,others
/mnt/c/workspace/journal/codes/Mark4.5/data/train/others_train_1217.wav,others
/mnt/c/workspace/journal/codes/Mark4.5/data/train/others_train_1218.wav,others
/mnt/c/workspace/journal/codes/Mark4.5/data/train/others_train_1219.wav,others
/mnt/c/workspace/journal/codes/Mark4.5/data/train/others_train_1220.wav,others
/mnt/c/workspace/journal/codes/Mark4.5/data/train/others_train_1221.wav,others
/mnt/c/workspace/journal/codes/Mark4.5/data/train/others_train_1222.wav,others
/mnt/c/workspace/journal/codes/Mark4.5/data/train/others_train_1223.wav,others
/mnt/c/workspace/journal/codes/Mark4.5/data/train/others_train_1224.wav,others
/mnt/c/workspace/journal/codes/Mark4.5/data/train/others_train_1225.wav,others
/mnt/c/workspace/journal/codes/Mark4.5/data/train/others_train_1226.wav,others
/mnt/c/workspace/journal/codes/Mark4.5/data/train/others_train_1227.wav,others
/mnt/c/workspace/journal/codes/Mark4.5/data/train/others_train_1228.wav,others
/mnt/c/workspace/journal/codes/Mark4.5/data/train/others_train_1229.wav,others
/mnt/c/workspace/journal/codes/Mark4.5/data/train/others_train_1230.wav,others
/mnt/c/workspace/journal/codes/Mark4.5/data/train/others_train_1231.wav,others
/mnt/c/workspace/journal/codes/Mark4.5/data/train/others_train_1232.wav,others
/mnt/c/workspace/journal/codes/Mark4.5/data/train/others_train_1233.wav,others
/mnt/c/workspace/journal/codes/Mark4.5/data/train/others_train_1234.wav,others
/mnt/c/workspace/journal/codes/Mark4.5/data/train/others_train_1235.wav,others
/mnt/c/workspace/journal/codes/Mark4.5/data/train/others_train_1236.wav,others
/mnt/c/workspace/journal/codes/Mark4.5/data/train/others_train_1237.wav,others
/mnt/c/workspace/journal/codes/Mark4.5/data/train/others_train_1238.wav,others
/mnt/c/workspace/journal/codes/Mark4.5/data/train/others_train_1239.wav,others
/mnt/c/workspace/journal/codes/Mark4.5/data/train/others_train_1240.wav,others
/mnt/c/workspace/journal/codes/Mark4.5/data/train/others_train_1241.wav,others
/mnt/c/workspace/journal/codes/Mark4.5/data/train/others_train_1242.wav,others
/mnt/c/workspace/journal/codes/Mark4.5/data/train/others_train_1243.wav,others
/mnt/c/workspace/journal/codes/Mark4.5/data/train/others_train_1244.wav,others
/mnt/c/workspace/journal/codes/Mark4.5/data/train/others_train_1245.wav,others
/mnt/c/workspace/journal/codes/Mark4.5/data/train/others_train_1246.wav,others
/mnt/c/workspace/journal/codes/Mark4.5/data/train/others_train_1247.wav,others
/mnt/c/workspace/journal/codes/Mark4.5/data/train/others_train_1248.wav,others
/mnt/c/workspace/journal/codes/Mark4.5/data/train/others_train_1249.wav,others
/mnt/c/workspace/journal/codes/Mark4.5/data/train/others_train_1250.wav,others
/mnt/c/workspace/journal/codes/Mark4.5/data/train/others_train_1251.wav,others
/mnt/c/workspace/journal/codes/Mark4.5/data/train/others_train_1252.wav,others
/mnt/c/workspace/journal/codes/Mark4.5/data/train/others_train_1253.wav,others
/mnt/c/workspace/journal/codes/Mark4.5/data/train/others_train_1254.wav,others
/mnt/c/workspace/journal/codes/Mark4.5/data/train/others_train_1255.wav,others
/mnt/c/workspace/journal/codes/Mark4.5/data/train/others_train_1256.wav,others
/mnt/c/workspace/journal/codes/Mark4.5/data/train/others_train_1257.wav,others
/mnt/c/workspace/journal/codes/Mark4.5/data/train/others_train_1258.wav,others
/mnt/c/workspace/journal/codes/Mark4.5/data/train/others_train_1259.wav,others
/mnt/c/workspace/journal/codes/Mark4.5/data/train/others_train_1260.wav,others
/mnt/c/workspace/journal/codes/Mark4.5/data/train/others_train_1261.wav,others
/mnt/c/workspace/journal/codes/Mark4.5/data/train/others_train_1262.wav,others
/mnt/c/workspace/journal/codes/Mark4.5/data/train/others_train_1263.wav,others
/mnt/c/workspace/journal/codes/Mark4.5/data/train/others_train_1264.wav,others
/mnt/c/workspace/journal/codes/Mark4.5/data/train/others_train_1265.wav,others
/mnt/c/workspace/journal/codes/Mark4.5/data/train/others_train_1266.wav,others
/mnt/c/workspace/journal/codes/Mark4.5/data/train/others_train_1267.wav,others
/mnt/c/workspace/journal/codes/Mark4.5/data/train/others_train_1268.wav,others
/mnt/c/workspace/journal/codes/Mark4.5/data/train/others_train_1269.wav,others
/mnt/c/workspace/journal/codes/Mark4.5/data/train/others_train_1270.wav,others
/mnt/c/workspace/journal/codes/Mark4.5/data/train/others_train_1271.wav,others
/mnt/c/workspace/journal/codes/Mark4.5/data/train/others_train_1272.wav,others
/mnt/c/workspace/journal/codes/Mark4.5/data/train/others_train_1273.wav,others
/mnt/c/workspace/journal/codes/Mark4.5/data/train/others_train_1274.wav,others
/mnt/c/workspace/journal/codes/Mark4.5/data/train/others_train_1275.wav,others
/mnt/c/workspace/journal/codes/Mark4.5/data/train/others_train_1276.wav,others
/mnt/c/workspace/journal/codes/Mark4.5/data/train/others_train_1277.wav,others
/mnt/c/workspace/journal/codes/Mark4.5/data/train/others_train_1278.wav,others
/mnt/c/workspace/journal/codes/Mark4.5/data/train/others_train_1279.wav,others
/mnt/c/workspace/journal/codes/Mark4.5/data/train/others_train_1280.wav,others
/mnt/c/workspace/journal/codes/Mark4.5/data/train/others_train_1281.wav,others
/mnt/c/workspace/journal/codes/Mark4.5/data/train/others_train_1282.wav,others
/mnt/c/workspace/journal/codes/Mark4.5/data/train/others_train_1283.wav,others
/mnt/c/workspace/journal/codes/Mark4.5/data/train/others_train_1284.wav,others
/mnt/c/workspace/journal/codes/Mark4.5/data/train/others_train_1285.wav,others
/mnt/c/workspace/journal/codes/Mark4.5/data/train/others_train_1286.wav,others
/mnt/c/workspace/journal/codes/Mark4.5/data/train/others_train_1287.wav,others
/mnt/c/workspace/journal/codes/Mark4.5/data/train/others_train_1288.wav,others
/mnt/c/workspace/journal/codes/Mark4.5/data/train/others_train_1289.wav,others
/mnt/c/workspace/journal/codes/Mark4.5/data/train/others_train_790.wav,others
/mnt/c/workspace/journal/codes/Mark4.5/data/train/others_train_791.wav,others
/mnt/c/workspace/journal/codes/Mark4.5/data/train/others_train_792.wav,others
/mnt/c/workspace/journal/codes/Mark4.5/data/train/others_train_793.wav,others
/mnt/c/workspace/journal/codes/Mark4.5/data/train/others_train_794.wav,others
/mnt/c/workspace/journal/codes/Mark4.5/data/train/others_train_795.wav,others
/mnt/c/workspace/journal/codes/Mark4.5/data/train/others_train_796.wav,others
/mnt/c/workspace/journal/codes/Mark4.5/data/train/others_train_797.wav,others
/mnt/c/workspace/journal/codes/Mark4.5/data/train/others_train_798.wav,others
/mnt/c/workspace/journal/codes/Mark4.5/data/train/others_train_799.wav,others
/mnt/c/workspace/journal/codes/Mark4.5/data/train/others_train_800.wav,others
/mnt/c/workspace/journal/codes/Mark4.5/data/train/others_train_801.wav,others
/mnt/c/workspace/journal/codes/Mark4.5/data/train/others_train_802.wav,others
/mnt/c/workspace/journal/codes/Mark4.5/data/train/others_train_803.wav,others
/mnt/c/workspace/journal/codes/Mark4.5/data/train/others_train_804.wav,others
/mnt/c/workspace/journal/codes/Mark4.5/data/train/others_train_805.wav,others
/mnt/c/workspace/journal/codes/Mark4.5/data/train/others_train_806.wav,others
/mnt/c/workspace/journal/codes/Mark4.5/data/train/others_train_807.wav,others
/mnt/c/workspace/journal/codes/Mark4.5/data/train/others_train_808.wav,others
/mnt/c/workspace/journal/codes/Mark4.5/data/train/others_train_809.wav,others
/mnt/c/workspace/journal/codes/Mark4.5/data/train/others_train_810.wav,others
/mnt/c/workspace/journal/codes/Mark4.5/data/train/others_train_811.wav,others
/mnt/c/workspace/journal/codes/Mark4.5/data/train/others_train_812.wav,others
/mnt/c/workspace/journal/codes/Mark4.5/data/train/others_train_813.wav,others
/mnt/c/workspace/journal/codes/Mark4.5/data/train/others_train_814.wav,others
/mnt/c/workspace/journal/codes/Mark4.5/data/train/others_train_815.wav,others
/mnt/c/workspace/journal/codes/Mark4.5/data/train/others_train_816.wav,others
/mnt/c/workspace/journal/codes/Mark4.5/data/train/others_train_817.wav,others
/mnt/c/workspace/journal/codes/Mark4.5/data/train/others_train_818.wav,others
/mnt/c/workspace/journal/codes/Mark4.5/data/train/others_train_819.wav,others
/mnt/c/workspace/journal/codes/Mark4.5/data/train/others_train_820.wav,others
/mnt/c/workspace/journal/codes/Mark4.5/data/train/others_train_821.wav,others
/mnt/c/workspace/journal/codes/Mark4.5/data/train/others_train_822.wav,others
/mnt/c/workspace/journal/codes/Mark4.5/data/train/others_train_823.wav,others
/mnt/c/workspace/journal/codes/Mark4.5/data/train/others_train_824.wav,others
/mnt/c/workspace/journal/codes/Mark4.5/data/train/others_train_825.wav,others
/mnt/c/workspace/journal/codes/Mark4.5/data/train/others_train_826.wav,others
/mnt/c/workspace/journal/codes/Mark4.5/data/train/others_train_827.wav,others
/mnt/c/workspace/journal/codes/Mark4.5/data/train/others_train_828.wav,others
/mnt/c/workspace/journal/codes/Mark4.5/data/train/others_train_829.wav,others
/mnt/c/workspace/journal/codes/Mark4.5/data/train/others_train_830.wav,others
/mnt/c/workspace/journal/codes/Mark4.5/data/train/others_train_831.wav,others
/mnt/c/workspace/journal/codes/Mark4.5/data/train/others_train_832.wav,others
/mnt/c/workspace/journal/codes/Mark4.5/data/train/others_train_833.wav,others
/mnt/c/workspace/journal/codes/Mark4.5/data/train/others_train_834.wav,others
/mnt/c/workspace/journal/codes/Mark4.5/data/train/others_train_835.wav,others
/mnt/c/workspace/journal/codes/Mark4.5/data/train/others_train_836.wav,others
/mnt/c/workspace/journal/codes/Mark4.5/data/train/others_train_837.wav,others
/mnt/c/workspace/journal/codes/Mark4.5/data/train/others_train_838.wav,others
/mnt/c/workspace/journal/codes/Mark4.5/data/train/others_train_839.wav,others
/mnt/c/workspace/journal/codes/Mark4.5/data/train/others_train_840.wav,others
/mnt/c/workspace/journal/codes/Mark4.5/data/train/others_train_841.wav,others
/mnt/c/workspace/journal/codes/Mark4.5/data/train/others_train_842.wav,others
/mnt/c/workspace/journal/codes/Mark4.5/data/train/others_train_843.wav,others
/mnt/c/workspace/journal/codes/Mark4.5/data/train/others_train_844.wav,others
/mnt/c/workspace/journal/codes/Mark4.5/data/train/others_train_845.wav,others
/mnt/c/workspace/journal/codes/Mark4.5/data/train/others_train_846.wav,others
/mnt/c/workspace/journal/codes/Mark4.5/data/train/others_train_847.wav,others
/mnt/c/workspace/journal/codes/Mark4.5/data/train/others_train_848.wav,others
/mnt/c/workspace/journal/codes/Mark4.5/data/train/others_train_849.wav,others
/mnt/c/workspace/journal/codes/Mark4.5/data/train/others_train_850.wav,others
/mnt/c/workspace/journal/codes/Mark4.5/data/train/others_train_851.wav,others
/mnt/c/workspace/journal/codes/Mark4.5/data/train/others_train_852.wav,others
/mnt/c/workspace/journal/codes/Mark4.5/data/train/others_train_853.wav,others
/mnt/c/workspace/journal/codes/Mark4.5/data/train/others_train_854.wav,others
/mnt/c/workspace/journal/codes/Mark4.5/data/train/others_train_855.wav,others
/mnt/c/workspace/journal/codes/Mark4.5/data/train/others_train_856.wav,others
/mnt/c/workspace/journal/codes/Mark4.5/data/train/others_train_857.wav,others
/mnt/c/workspace/journal/codes/Mark4.5/data/train/others_train_858.wav,others
/mnt/c/workspace/journal/codes/Mark4.5/data/train/others_train_859.wav,others
/mnt/c/workspace/journal/codes/Mark4.5/data/train/others_train_860.wav,others
/mnt/c/workspace/journal/codes/Mark4.5/data/train/others_train_861.wav,others
/mnt/c/workspace/journal/codes/Mark4.5/data/train/others_train_862.wav,others
/mnt/c/workspace/journal/codes/Mark4.5/data/train/others_train_863.wav,others
/mnt/c/workspace/journal/codes/Mark4.5/data/train/others_train_864.wav,others
/mnt/c/workspace/journal/codes/Mark4.5/data/train/others_train_865.wav,others
/mnt/c/workspace/journal/codes/Mark4.5/data/train/others_train_866.wav,others
/mnt/c/workspace/journal/codes/Mark4.5/data/train/others_train_867.wav,others
/mnt/c/workspace/journal/codes/Mark4.5/data/train/others_train_868.wav,others
/mnt/c/workspace/journal/codes/Mark4.5/data/train/others_train_869.wav,others
/mnt/c/workspace/journal/codes/Mark4.5/data/train/others_train_870.wav,others
/mnt/c/workspace/journal/codes/Mark4.5/data/train/others_train_871.wav,others
/mnt/c/workspace/journal/codes/Mark4.5/data/train/others_train_872.wav,others
/mnt/c/workspace/journal/codes/Mark4.5/data/train/others_train_873.wav,others
/mnt/c/workspace/journal/codes/Mark4.5/data/train/others_train_874.wav,others
/mnt/c/workspace/journal/codes/Mark4.5/data/train/others_train_875.wav,others
/mnt/c/workspace/journal/codes/Mark4.5/data/train/others_train_876.wav,others
/mnt/c/workspace/journal/codes/Mark4.5/data/train/others_train_877.wav,others
/mnt/c/workspace/journal/codes/Mark4.5/data/train/others_train_878.wav,others
/mnt/c/workspace/journal/codes/Mark4.5/data/train/others_train_879.wav,others
/mnt/c/workspace/journal/codes/Mark4.5/data/train/others_train_880.wav,others
/mnt/c/workspace/journal/codes/Mark4.5/data/train/others_train_881.wav,others
/mnt/c/workspace/journal/codes/Mark4.5/data/train/others_train_882.wav,others
/mnt/c/workspace/journal/codes/Mark4.5/data/train/others_train_883.wav,others
/mnt/c/workspace/journal/codes/Mark4.5/data/train/others_train_884.wav,others
/mnt/c/workspace/journal/codes/Mark4.5/data/train/others_train_885.wav,others
/mnt/c/workspace/journal/codes/Mark4.5/data/train/others_train_886.wav,others
/mnt/c/workspace/journal/codes/Mark4.5/data/train/others_train_887.wav,others
/mnt/c/workspace/journal/codes/Mark4.5/data/train/others_train_888.wav,others
/mnt/c/workspace/journal/codes/Mark4.5/data/train/others_train_889.wav,others
/mnt/c/workspace/journal/codes/Mark4.5/data/train/others_train_890.wav,others
/mnt/c/workspace/journal/codes/Mark4.5/data/train/others_train_891.wav,others
/mnt/c/workspace/journal/codes/Mark4.5/data/train/others_train_892.wav,others
/mnt/c/workspace/journal/codes/Mark4.5/data/train/others_train_893.wav,others
/mnt/c/workspace/journal/codes/Mark4.5/data/train/others_train_894.wav,others
/mnt/c/workspace/journal/codes/Mark4.5/data/train/others_train_895.wav,others
/mnt/c/workspace/journal/codes/Mark4.5/data/train/others_train_896.wav,others
/mnt/c/workspace/journal/codes/Mark4.5/data/train/others_train_897.wav,others
/mnt/c/workspace/journal/codes/Mark4.5/data/train/others_train_898.wav,others
/mnt/c/workspace/journal/codes/Mark4.5/data/train/others_train_899.wav,others
/mnt/c/workspace/journal/codes/Mark4.5/data/train/others_train_900.wav,others
/mnt/c/workspace/journal/codes/Mark4.5/data/train/others_train_901.wav,others
/mnt/c/workspace/journal/codes/Mark4.5/data/train/others_train_902.wav,others
/mnt/c/workspace/journal/codes/Mark4.5/data/train/others_train_903.wav,others
/mnt/c/workspace/journal/codes/Mark4.5/data/train/others_train_904.wav,others
/mnt/c/workspace/journal/codes/Mark4.5/data/train/others_train_905.wav,others
/mnt/c/workspace/journal/codes/Mark4.5/data/train/others_train_906.wav,others
/mnt/c/workspace/journal/codes/Mark4.5/data/train/others_train_907.wav,others
/mnt/c/workspace/journal/codes/Mark4.5/data/train/others_train_908.wav,others
/mnt/c/workspace/journal/codes/Mark4.5/data/train/others_train_909.wav,others
/mnt/c/workspace/journal/codes/Mark4.5/data/train/others_train_910.wav,others
/mnt/c/workspace/journal/codes/Mark4.5/data/train/others_train_911.wav,others
/mnt/c/workspace/journal/codes/Mark4.5/data/train/others_train_912.wav,others
/mnt/c/workspace/journal/codes/Mark4.5/data/train/others_train_913.wav,others
/mnt/c/workspace/journal/codes/Mark4.5/data/train/others_train_914.wav,others
/mnt/c/workspace/journal/codes/Mark4.5/data/train/others_train_915.wav,others
/mnt/c/workspace/journal/codes/Mark4.5/data/train/others_train_916.wav,others
/mnt/c/workspace/journal/codes/Mark4.5/data/train/others_train_917.wav,others
/mnt/c/workspace/journal/codes/Mark4.5/data/train/others_train_918.wav,others
/mnt/c/workspace/journal/codes/Mark4.5/data/train/others_train_919.wav,others
/mnt/c/workspace/journal/codes/Mark4.5/data/train/others_train_920.wav,others
/mnt/c/workspace/journal/codes/Mark4.5/data/train/others_train_921.wav,others
/mnt/c/workspace/journal/codes/Mark4.5/data/train/others_train_922.wav,others
/mnt/c/workspace/journal/codes/Mark4.5/data/train/others_train_923.wav,others
/mnt/c/workspace/journal/codes/Mark4.5/data/train/others_train_924.wav,others
/mnt/c/workspace/journal/codes/Mark4.5/data/train/others_train_925.wav,others
/mnt/c/workspace/journal/codes/Mark4.5/data/train/others_train_926.wav,others
/mnt/c/workspace/journal/codes/Mark4.5/data/train/others_train_927.wav,others
/mnt/c/workspace/journal/codes/Mark4.5/data/train/others_train_928.wav,others
/mnt/c/workspace/journal/codes/Mark4.5/data/train/others_train_929.wav,others
/mnt/c/workspace/journal/codes/Mark4.5/data/train/others_train_930.wav,others
/mnt/c/workspace/journal/codes/Mark4.5/data/train/others_train_931.wav,others
/mnt/c/workspace/journal/codes/Mark4.5/data/train/others_train_932.wav,others
/mnt/c/workspace/journal/codes/Mark4.5/data/train/others_train_933.wav,others
/mnt/c/workspace/journal/codes/Mark4.5/data/train/others_train_934.wav,others
/mnt/c/workspace/journal/codes/Mark4.5/data/train/others_train_935.wav,others
/mnt/c/workspace/journal/codes/Mark4.5/data/train/others_train_936.wav,others
/mnt/c/workspace/journal/codes/Mark4.5/data/train/others_train_937.wav,others
/mnt/c/workspace/journal/codes/Mark4.5/data/train/others_train_938.wav,others
/mnt/c/workspace/journal/codes/Mark4.5/data/train/others_train_939.wav,others
/mnt/c/workspace/journal/codes/Mark4.5/data/train/others_train_940.wav,others
/mnt/c/workspace/journal/codes/Mark4.5/data/train/others_train_941.wav,others
/mnt/c/workspace/journal/codes/Mark4.5/data/train/others_train_942.wav,others
/mnt/c/workspace/journal/codes/Mark4.5/data/train/others_train_943.wav,others
/mnt/c/workspace/journal/codes/Mark4.5/data/train/others_train_944.wav,others
/mnt/c/workspace/journal/codes/Mark4.5/data/train/others_train_945.wav,others
/mnt/c/workspace/journal/codes/Mark4.5/data/train/others_train_946.wav,others
/mnt/c/workspace/journal/codes/Mark4.5/data/train/others_train_947.wav,others
/mnt/c/workspace/journal/codes/Mark4.5/data/train/others_train_948.wav,others
/mnt/c/workspace/journal/codes/Mark4.5/data/train/others_train_949.wav,others
/mnt/c/workspace/journal/codes/Mark4.5/data/train/others_train_950.wav,others
/mnt/c/workspace/journal/codes/Mark4.5/data/train/others_train_951.wav,others
/mnt/c/workspace/journal/codes/Mark4.5/data/train/others_train_952.wav,others
/mnt/c/workspace/journal/codes/Mark4.5/data/train/others_train_953.wav,others
/mnt/c/workspace/journal/codes/Mark4.5/data/train/others_train_954.wav,others
/mnt/c/workspace/journal/codes/Mark4.5/data/train/others_train_955.wav,others
/mnt/c/workspace/journal/codes/Mark4.5/data/train/others_train_956.wav,others
/mnt/c/workspace/journal/codes/Mark4.5/data/train/others_train_957.wav,others
/mnt/c/workspace/journal/codes/Mark4.5/data/train/others_train_958.wav,others
/mnt/c/workspace/journal/codes/Mark4.5/data/train/others_train_959.wav,others
/mnt/c/workspace/journal/codes/Mark4.5/data/train/others_train_960.wav,others
/mnt/c/workspace/journal/codes/Mark4.5/data/train/others_train_961.wav,others
/mnt/c/workspace/journal/codes/Mark4.5/data/train/others_train_962.wav,others
/mnt/c/workspace/journal/codes/Mark4.5/data/train/others_train_963.wav,others
/mnt/c/workspace/journal/codes/Mark4.5/data/train/others_train_964.wav,others
/mnt/c/workspace/journal/codes/Mark4.5/data/train/others_train_965.wav,others
/mnt/c/workspace/journal/codes/Mark4.5/data/train/others_train_966.wav,others
/mnt/c/workspace/journal/codes/Mark4.5/data/train/others_train_967.wav,others
/mnt/c/workspace/journal/codes/Mark4.5/data/train/others_train_968.wav,others
/mnt/c/workspace/journal/codes/Mark4.5/data/train/others_train_969.wav,others
/mnt/c/workspace/journal/codes/Mark4.5/data/train/others_train_970.wav,others
/mnt/c/workspace/journal/codes/Mark4.5/data/train/others_train_971.wav,others
/mnt/c/workspace/journal/codes/Mark4.5/data/train/others_train_972.wav,others
/mnt/c/workspace/journal/codes/Mark4.5/data/train/others_train_973.wav,others
/mnt/c/workspace/journal/codes/Mark4.5/data/train/others_train_974.wav,others
/mnt/c/workspace/journal/codes/Mark4.5/data/train/others_train_975.wav,others
/mnt/c/workspace/journal/codes/Mark4.5/data/train/others_train_976.wav,others
/mnt/c/workspace/journal/codes/Mark4.5/data/train/others_train_977.wav,others
/mnt/c/workspace/journal/codes/Mark4.5/data/train/others_train_978.wav,others
/mnt/c/workspace/journal/codes/Mark4.5/data/train/others_train_979.wav,others
/mnt/c/workspace/journal/codes/Mark4.5/data/train/others_train_980.wav,others
/mnt/c/workspace/journal/codes/Mark4.5/data/train/others_train_981.wav,others
/mnt/c/workspace/journal/codes/Mark4.5/data/train/others_train_982.wav,others
/mnt/c/workspace/journal/codes/Mark4.5/data/train/others_train_983.wav,others
/mnt/c/workspace/journal/codes/Mark4.5/data/train/others_train_984.wav,others
/mnt/c/workspace/journal/codes/Mark4.5/data/train/others_train_985.wav,others
/mnt/c/workspace/journal/codes/Mark4.5/data/train/others_train_986.wav,others
/mnt/c/workspace/journal/codes/Mark4.5/data/train/others_train_987.wav,others
/mnt/c/workspace/journal/codes/Mark4.5/data/train/others_train_988.wav,others
/mnt/c/workspace/journal/codes/Mark4.5/data/train/others_train_989.wav,others
/mnt/c/workspace/journal/codes/Mark4.5/data/train/others_train_990.wav,others
/mnt/c/workspace/journal/codes/Mark4.5/data/train/others_train_991.wav,others
/mnt/c/workspace/journal/codes/Mark4.5/data/train/others_train_992.wav,others
/mnt/c/workspace/journal/codes/Mark4.5/data/train/others_train_993.wav,others
/mnt/c/workspace/journal/codes/Mark4.5/data/train/others_train_994.wav,others
/mnt/c/workspace/journal/codes/Mark4.5/data/train/others_train_995.wav,others
/mnt/c/workspace/journal/codes/Mark4.5/data/train/others_train_996.wav,others
/mnt/c/workspace/journal/codes/Mark4.5/data/train/others_train_997.wav,others
/mnt/c/workspace/journal/codes/Mark4.5/data/train/others_train_998.wav,others
/mnt/c/workspace/journal/codes/Mark4.5/data/train/others_train_999.wav,others
/mnt/c/workspace/journal/codes/Mark4.5/data/train/others_train_aug_001.wav,others
/mnt/c/workspace/journal/codes/Mark4.5/data/train/others_train_aug_002.wav,others
/mnt/c/workspace/journal/codes/Mark4.5/data/train/others_train_aug_003.wav,others
/mnt/c/workspace/journal/codes/Mark4.5/data/train/others_train_aug_004.wav,others
/mnt/c/workspace/journal/codes/Mark4.5/data/train/others_train_aug_005.wav,others
/mnt/c/workspace/journal/codes/Mark4.5/data/train/others_train_aug_006.wav,others
/mnt/c/workspace/journal/codes/Mark4.5/data/train/others_train_aug_007.wav,others
/mnt/c/workspace/journal/codes/Mark4.5/data/train/others_train_aug_008.wav,others
/mnt/c/workspace/journal/codes/Mark4.5/data/train/others_train_aug_009.wav,others
/mnt/c/workspace/journal/codes/Mark4.5/data/train/others_train_aug_010.wav,others
/mnt/c/workspace/journal/codes/Mark4.5/data/train/others_train_aug_011.wav,others
/mnt/c/workspace/journal/codes/Mark4.5/data/train/others_train_aug_012.wav,others
/mnt/c/workspace/journal/codes/Mark4.5/data/train/others_train_aug_013.wav,others
/mnt/c/workspace/journal/codes/Mark4.5/data/train/others_train_aug_014.wav,others
/mnt/c/workspace/journal/codes/Mark4.5/data/train/others_train_aug_015.wav,others
/mnt/c/workspace/journal/codes/Mark4.5/data/train/others_train_aug_016.wav,others
/mnt/c/workspace/journal/codes/Mark4.5/data/train/others_train_aug_017.wav,others
/mnt/c/workspace/journal/codes/Mark4.5/data/train/others_train_aug_018.wav,others
/mnt/c/workspace/journal/codes/Mark4.5/data/train/others_train_aug_019.wav,others
/mnt/c/workspace/journal/codes/Mark4.5/data/train/others_train_aug_020.wav,others
/mnt/c/workspace/journal/codes/Mark4.5/data/train/others_train_aug_021.wav,others
/mnt/c/workspace/journal/codes/Mark4.5/data/train/others_train_aug_022.wav,others
/mnt/c/workspace/journal/codes/Mark4.5/data/train/others_train_aug_023.wav,others
/mnt/c/workspace/journal/codes/Mark4.5/data/train/others_train_aug_024.wav,others
/mnt/c/workspace/journal/codes/Mark4.5/data/train/others_train_aug_025.wav,others
/mnt/c/workspace/journal/codes/Mark4.5/data/train/others_train_aug_026.wav,others
/mnt/c/workspace/journal/codes/Mark4.5/data/train/others_train_aug_027.wav,others
/mnt/c/workspace/journal/codes/Mark4.5/data/train/others_train_aug_028.wav,others
/mnt/c/workspace/journal/codes/Mark4.5/data/train/others_train_aug_029.wav,others
/mnt/c/workspace/journal/codes/Mark4.5/data/train/others_train_aug_030.wav,others
/mnt/c/workspace/journal/codes/Mark4.5/data/train/others_train_aug_031.wav,others
/mnt/c/workspace/journal/codes/Mark4.5/data/train/others_train_aug_032.wav,others
/mnt/c/workspace/journal/codes/Mark4.5/data/train/others_train_aug_033.wav,others
/mnt/c/workspace/journal/codes/Mark4.5/data/train/others_train_aug_034.wav,others
/mnt/c/workspace/journal/codes/Mark4.5/data/train/others_train_aug_035.wav,others
/mnt/c/workspace/journal/codes/Mark4.5/data/train/others_train_aug_036.wav,others
/mnt/c/workspace/journal/codes/Mark4.5/data/train/others_train_aug_037.wav,others
/mnt/c/workspace/journal/codes/Mark4.5/data/train/others_train_aug_038.wav,others
/mnt/c/workspace/journal/codes/Mark4.5/data/train/others_train_aug_039.wav,others
/mnt/c/workspace/journal/codes/Mark4.5/data/train/others_train_aug_040.wav,others
/mnt/c/workspace/journal/codes/Mark4.5/data/train/others_train_aug_041.wav,others
/mnt/c/workspace/journal/codes/Mark4.5/data/train/others_train_aug_042.wav,others
/mnt/c/workspace/journal/codes/Mark4.5/data/train/others_train_aug_043.wav,others
/mnt/c/workspace/journal/codes/Mark4.5/data/train/others_train_aug_044.wav,others
/mnt/c/workspace/journal/codes/Mark4.5/data/train/others_train_aug_045.wav,others
/mnt/c/workspace/journal/codes/Mark4.5/data/train/others_train_aug_046.wav,others
/mnt/c/workspace/journal/codes/Mark4.5/data/train/others_train_aug_047.wav,others
/mnt/c/workspace/journal/codes/Mark4.5/data/train/others_train_aug_048.wav,others
/mnt/c/workspace/journal/codes/Mark4.5/data/train/others_train_aug_049.wav,others
/mnt/c/workspace/journal/codes/Mark4.5/data/train/others_train_aug_050.wav,others
/mnt/c/workspace/journal/codes/Mark4.5/data/train/others_train_aug_051.wav,others
/mnt/c/workspace/journal/codes/Mark4.5/data/train/others_train_aug_052.wav,others
/mnt/c/workspace/journal/codes/Mark4.5/data/train/others_train_aug_053.wav,others
/mnt/c/workspace/journal/codes/Mark4.5/data/train/others_train_aug_054.wav,others
/mnt/c/workspace/journal/codes/Mark4.5/data/train/others_train_aug_055.wav,others
/mnt/c/workspace/journal/codes/Mark4.5/data/train/others_train_aug_056.wav,others
/mnt/c/workspace/journal/codes/Mark4.5/data/train/others_train_aug_057.wav,others
/mnt/c/workspace/journal/codes/Mark4.5/data/train/others_train_aug_058.wav,others
/mnt/c/workspace/journal/codes/Mark4.5/data/train/others_train_aug_059.wav,others
/mnt/c/workspace/journal/codes/Mark4.5/data/train/others_train_aug_060.wav,others
/mnt/c/workspace/journal/codes/Mark4.5/data/train/others_train_aug_061.wav,others
/mnt/c/workspace/journal/codes/Mark4.5/data/train/others_train_aug_062.wav,others
/mnt/c/workspace/journal/codes/Mark4.5/data/train/others_train_aug_063.wav,others
/mnt/c/workspace/journal/codes/Mark4.5/data/train/others_train_aug_064.wav,others
/mnt/c/workspace/journal/codes/Mark4.5/data/train/others_train_aug_065.wav,others
/mnt/c/workspace/journal/codes/Mark4.5/data/train/others_train_aug_066.wav,others
/mnt/c/workspace/journal/codes/Mark4.5/data/train/others_train_aug_067.wav,others
/mnt/c/workspace/journal/codes/Mark4.5/data/train/others_train_aug_068.wav,others
/mnt/c/workspace/journal/codes/Mark4.5/data/train/others_train_aug_069.wav,others
/mnt/c/workspace/journal/codes/Mark4.5/data/train/others_train_aug_070.wav,others
/mnt/c/workspace/journal/codes/Mark4.5/data/train/others_train_aug_071.wav,others
/mnt/c/workspace/journal/codes/Mark4.5/data/train/others_train_aug_072.wav,others
/mnt/c/workspace/journal/codes/Mark4.5/data/train/others_train_aug_073.wav,others
/mnt/c/workspace/journal/codes/Mark4.5/data/train/others_train_aug_074.wav,others
/mnt/c/workspace/journal/codes/Mark4.5/data/train/others_train_aug_075.wav,others
/mnt/c/workspace/journal/codes/Mark4.5/data/train/others_train_aug_076.wav,others
/mnt/c/workspace/journal/codes/Mark4.5/data/train/others_train_aug_077.wav,others
/mnt/c/workspace/journal/codes/Mark4.5/data/train/others_train_aug_078.wav,others
/mnt/c/workspace/journal/codes/Mark4.5/data/train/others_train_aug_079.wav,others
/mnt/c/workspace/journal/codes/Mark4.5/data/train/others_train_aug_080.wav,others
/mnt/c/workspace/journal/codes/Mark4.5/data/train/others_train_aug_081.wav,others
/mnt/c/workspace/journal/codes/Mark4.5/data/train/others_train_aug_082.wav,others
/mnt/c/workspace/journal/codes/Mark4.5/data/train/others_train_aug_083.wav,others
/mnt/c/workspace/journal/codes/Mark4.5/data/train/others_train_aug_084.wav,others
/mnt/c/workspace/journal/codes/Mark4.5/data/train/others_train_aug_085.wav,others
/mnt/c/workspace/journal/codes/Mark4.5/data/train/others_train_aug_086.wav,others
/mnt/c/workspace/journal/codes/Mark4.5/data/train/others_train_aug_087.wav,others
/mnt/c/workspace/journal/codes/Mark4.5/data/train/others_train_aug_088.wav,others
/mnt/c/workspace/journal/codes/Mark4.5/data/train/others_train_aug_089.wav,others
/mnt/c/workspace/journal/codes/Mark4.5/data/train/others_train_aug_090.wav,others
/mnt/c/workspace/journal/codes/Mark4.5/data/train/others_train_aug_091.wav,others
/mnt/c/workspace/journal/codes/Mark4.5/data/train/others_train_aug_092.wav,others
/mnt/c/workspace/journal/codes/Mark4.5/data/train/others_train_aug_093.wav,others
/mnt/c/workspace/journal/codes/Mark4.5/data/train/others_train_aug_094.wav,others
/mnt/c/workspace/journal/codes/Mark4.5/data/train/others_train_aug_095.wav,others
/mnt/c/workspace/journal/codes/Mark4.5/data/train/others_train_aug_096.wav,others
/mnt/c/workspace/journal/codes/Mark4.5/data/train/others_train_aug_097.wav,others
/mnt/c/workspace/journal/codes/Mark4.5/data/train/others_train_aug_098.wav,others
/mnt/c/workspace/journal/codes/Mark4.5/data/train/others_train_aug_099.wav,others
/mnt/c/workspace/journal/codes/Mark4.5/data/train/others_train_aug_100.wav,others
/mnt/c/workspace/journal/codes/Mark4.5/data/train/others_train_aug_101.wav,others
/mnt/c/workspace/journal/codes/Mark4.5/data/train/others_train_aug_102.wav,others
/mnt/c/workspace/journal/codes/Mark4.5/data/train/others_train_aug_103.wav,others
/mnt/c/workspace/journal/codes/Mark4.5/data/train/others_train_aug_104.wav,others
/mnt/c/workspace/journal/codes/Mark4.5/data/train/others_train_aug_105.wav,others
/mnt/c/workspace/journal/codes/Mark4.5/data/train/others_train_aug_106.wav,others
/mnt/c/workspace/journal/codes/Mark4.5/data/train/others_train_aug_107.wav,others
/mnt/c/workspace/journal/codes/Mark4.5/data/train/others_train_aug_108.wav,others
/mnt/c/workspace/journal/codes/Mark4.5/data/train/others_train_aug_109.wav,others
/mnt/c/workspace/journal/codes/Mark4.5/data/train/others_train_aug_110.wav,others
/mnt/c/workspace/journal/codes/Mark4.5/data/train/others_train_aug_111.wav,others
/mnt/c/workspace/journal/codes/Mark4.5/data/train/others_train_aug_112.wav,others
/mnt/c/workspace/journal/codes/Mark4.5/data/train/others_train_aug_113.wav,others
/mnt/c/workspace/journal/codes/Mark4.5/data/train/others_train_aug_114.wav,others
/mnt/c/workspace/journal/codes/Mark4.5/data/train/others_train_aug_115.wav,others
/mnt/c/workspace/journal/codes/Mark4.5/data/train/others_train_aug_116.wav,others
/mnt/c/workspace/journal/codes/Mark4.5/data/train/others_train_aug_117.wav,others
/mnt/c/workspace/journal/codes/Mark4.5/data/train/others_train_aug_118.wav,others
/mnt/c/workspace/journal/codes/Mark4.5/data/train/others_train_aug_119.wav,others
/mnt/c/workspace/journal/codes/Mark4.5/data/train/others_train_aug_120.wav,others
/mnt/c/workspace/journal/codes/Mark4.5/data/train/others_train_aug_121.wav,others
/mnt/c/workspace/journal/codes/Mark4.5/data/train/others_train_aug_122.wav,others
/mnt/c/workspace/journal/codes/Mark4.5/data/train/others_train_aug_123.wav,others
/mnt/c/workspace/journal/codes/Mark4.5/data/train/others_train_aug_124.wav,others
/mnt/c/workspace/journal/codes/Mark4.5/data/train/others_train_aug_125.wav,others
/mnt/c/workspace/journal/codes/Mark4.5/data/train/others_train_aug_126.wav,others
/mnt/c/workspace/journal/codes/Mark4.5/data/train/others_train_aug_127.wav,others
/mnt/c/workspace/journal/codes/Mark4.5/data/train/others_train_aug_128.wav,others
/mnt/c/workspace/journal/codes/Mark4.5/data/train/others_train_aug_129.wav,others
/mnt/c/workspace/journal/codes/Mark4.5/data/train/others_train_aug_130.wav,others
/mnt/c/workspace/journal/codes/Mark4.5/data/train/others_train_aug_131.wav,others
/mnt/c/workspace/journal/codes/Mark4.5/data/train/others_train_aug_132.wav,others
/mnt/c/workspace/journal/codes/Mark4.5/data/train/others_train_aug_133.wav,others
/mnt/c/workspace/journal/codes/Mark4.5/data/train/others_train_aug_134.wav,others
/mnt/c/workspace/journal/codes/Mark4.5/data/train/others_train_aug_135.wav,others
/mnt/c/workspace/journal/codes/Mark4.5/data/train/others_train_aug_136.wav,others
/mnt/c/workspace/journal/codes/Mark4.5/data/train/others_train_aug_137.wav,others
/mnt/c/workspace/journal/codes/Mark4.5/data/train/others_train_aug_138.wav,others
/mnt/c/workspace/journal/codes/Mark4.5/data/train/others_train_aug_139.wav,others
/mnt/c/workspace/journal/codes/Mark4.5/data/train/others_train_aug_140.wav,others
/mnt/c/workspace/journal/codes/Mark4.5/data/train/others_train_aug_141.wav,others
/mnt/c/workspace/journal/codes/Mark4.5/data/train/others_train_aug_142.wav,others
/mnt/c/workspace/journal/codes/Mark4.5/data/train/others_train_aug_143.wav,others
/mnt/c/workspace/journal/codes/Mark4.5/data/train/others_train_aug_144.wav,others
/mnt/c/workspace/journal/codes/Mark4.5/data/train/others_train_aug_145.wav,others
/mnt/c/workspace/journal/codes/Mark4.5/data/train/others_train_aug_146.wav,others
/mnt/c/workspace/journal/codes/Mark4.5/data/train/others_train_aug_147.wav,others
/mnt/c/workspace/journal/codes/Mark4.5/data/train/others_train_aug_148.wav,others
/mnt/c/workspace/journal/codes/Mark4.5/data/train/others_train_aug_149.wav,others
/mnt/c/workspace/journal/codes/Mark4.5/data/train/others_train_aug_150.wav,others
/mnt/c/workspace/journal/codes/Mark4.5/data/train/others_train_aug_151.wav,others
/mnt/c/workspace/journal/codes/Mark4.5/data/train/others_train_aug_152.wav,others
/mnt/c/workspace/journal/codes/Mark4.5/data/train/others_train_aug_153.wav,others
/mnt/c/workspace/journal/codes/Mark4.5/data/train/others_train_aug_154.wav,others
/mnt/c/workspace/journal/codes/Mark4.5/data/train/others_train_aug_155.wav,others
/mnt/c/workspace/journal/codes/Mark4.5/data/train/others_train_aug_156.wav,others
/mnt/c/workspace/journal/codes/Mark4.5/data/train/others_train_aug_157.wav,others
/mnt/c/workspace/journal/codes/Mark4.5/data/train/others_train_aug_158.wav,others
/mnt/c/workspace/journal/codes/Mark4.5/data/train/others_train_aug_159.wav,others
/mnt/c/workspace/journal/codes/Mark4.5/data/train/others_train_aug_160.wav,others
/mnt/c/workspace/journal/codes/Mark4.5/data/train/others_train_aug_161.wav,others
/mnt/c/workspace/journal/codes/Mark4.5/data/train/others_train_aug_162.wav,others
/mnt/c/workspace/journal/codes/Mark4.5/data/train/others_train_aug_163.wav,others
/mnt/c/workspace/journal/codes/Mark4.5/data/train/others_train_aug_164.wav,others
/mnt/c/workspace/journal/codes/Mark4.5/data/train/others_train_aug_165.wav,others
/mnt/c/workspace/journal/codes/Mark4.5/data/train/others_train_aug_166.wav,others
/mnt/c/workspace/journal/codes/Mark4.5/data/train/others_train_aug_167.wav,others
/mnt/c/workspace/journal/codes/Mark4.5/data/train/others_train_aug_168.wav,others
/mnt/c/workspace/journal/codes/Mark4.5/data/train/others_train_aug_169.wav,others
/mnt/c/workspace/journal/codes/Mark4.5/data/train/others_train_aug_170.wav,others
/mnt/c/workspace/journal/codes/Mark4.5/data/train/others_train_aug_171.wav,others
/mnt/c/workspace/journal/codes/Mark4.5/data/train/others_train_aug_172.wav,others
/mnt/c/workspace/journal/codes/Mark4.5/data/train/others_train_aug_173.wav,others
/mnt/c/workspace/journal/codes/Mark4.5/data/train/others_train_aug_174.wav,others
/mnt/c/workspace/journal/codes/Mark4.5/data/train/others_train_aug_175.wav,others
/mnt/c/workspace/journal/codes/Mark4.5/data/train/others_train_aug_176.wav,others
/mnt/c/workspace/journal/codes/Mark4.5/data/train/others_train_aug_177.wav,others
/mnt/c/workspace/journal/codes/Mark4.5/data/train/others_train_aug_178.wav,others
/mnt/c/workspace/journal/codes/Mark4.5/data/train/others_train_aug_179.wav,others
/mnt/c/workspace/journal/codes/Mark4.5/data/train/others_train_aug_180.wav,others
/mnt/c/workspace/journal/codes/Mark4.5/data/train/others_train_aug_181.wav,others
/mnt/c/workspace/journal/codes/Mark4.5/data/train/others_train_aug_182.wav,others
/mnt/c/workspace/journal/codes/Mark4.5/data/train/others_train_aug_183.wav,others
/mnt/c/workspace/journal/codes/Mark4.5/data/train/others_train_aug_184.wav,others
/mnt/c/workspace/journal/codes/Mark4.5/data/train/others_train_aug_185.wav,others
/mnt/c/workspace/journal/codes/Mark4.5/data/train/others_train_aug_186.wav,others
/mnt/c/workspace/journal/codes/Mark4.5/data/train/others_train_aug_187.wav,others
/mnt/c/workspace/journal/codes/Mark4.5/data/train/others_train_aug_188.wav,others
/mnt/c/workspace/journal/codes/Mark4.5/data/train/others_train_aug_189.wav,others
/mnt/c/workspace/journal/codes/Mark4.5/data/train/others_train_aug_190.wav,others
/mnt/c/workspace/journal/codes/Mark4.5/data/train/others_train_aug_191.wav,others
/mnt/c/workspace/journal/codes/Mark4.5/data/train/others_train_aug_192.wav,others
/mnt/c/workspace/journal/codes/Mark4.5/data/train/others_train_aug_193.wav,others
/mnt/c/workspace/journal/codes/Mark4.5/data/train/others_train_aug_194.wav,others
/mnt/c/workspace/journal/codes/Mark4.5/data/train/others_train_aug_195.wav,others
/mnt/c/workspace/journal/codes/Mark4.5/data/train/others_train_aug_196.wav,others
/mnt/c/workspace/journal/codes/Mark4.5/data/train/others_train_aug_197.wav,others
/mnt/c/workspace/journal/codes/Mark4.5/data/train/others_train_aug_198.wav,others
/mnt/c/workspace/journal/codes/Mark4.5/data/train/others_train_aug_199.wav,others
/mnt/c/workspace/journal/codes/Mark4.5/data/train/others_train_aug_200.wav,others
/mnt/c/workspace/journal/codes/Mark4.5/data/train/others_train_aug_201.wav,others
/mnt/c/workspace/journal/codes/Mark4.5/data/train/others_train_aug_202.wav,others
/mnt/c/workspace/journal/codes/Mark4.5/data/train/others_train_aug_203.wav,others
/mnt/c/workspace/journal/codes/Mark4.5/data/train/others_train_aug_204.wav,others
/mnt/c/workspace/journal/codes/Mark4.5/data/train/others_train_aug_205.wav,others
/mnt/c/workspace/journal/codes/Mark4.5/data/train/others_train_aug_206.wav,others
/mnt/c/workspace/journal/codes/Mark4.5/data/train/others_train_aug_207.wav,others
/mnt/c/workspace/journal/codes/Mark4.5/data/train/others_train_aug_208.wav,others
/mnt/c/workspace/journal/codes/Mark4.5/data/train/others_train_aug_209.wav,others
/mnt/c/workspace/journal/codes/Mark4.5/data/train/others_train_aug_210.wav,others
/mnt/c/workspace/journal/codes/Mark4.5/data/train/others_train_aug_211.wav,others
/mnt/c/workspace/journal/codes/Mark4.5/data/train/others_train_aug_212.wav,others
/mnt/c/workspace/journal/codes/Mark4.5/data/train/others_train_aug_213.wav,others
/mnt/c/workspace/journal/codes/Mark4.5/data/train/others_train_aug_214.wav,others
/mnt/c/workspace/journal/codes/Mark4.5/data/train/others_train_aug_215.wav,others
/mnt/c/workspace/journal/codes/Mark4.5/data/train/others_train_aug_216.wav,others
/mnt/c/workspace/journal/codes/Mark4.5/data/train/others_train_aug_217.wav,others
/mnt/c/workspace/journal/codes/Mark4.5/data/train/others_train_aug_218.wav,others
/mnt/c/workspace/journal/codes/Mark4.5/data/train/others_train_aug_219.wav,others
/mnt/c/workspace/journal/codes/Mark4.5/data/train/others_train_aug_220.wav,others
/mnt/c/workspace/journal/codes/Mark4.5/data/train/others_train_aug_221.wav,others
/mnt/c/workspace/journal/codes/Mark4.5/data/train/others_train_aug_222.wav,others
/mnt/c/workspace/journal/codes/Mark4.5/data/train/others_train_aug_223.wav,others
/mnt/c/workspace/journal/codes/Mark4.5/data/train/others_train_aug_224.wav,others
/mnt/c/workspace/journal/codes/Mark4.5/data/train/others_train_aug_225.wav,others
/mnt/c/workspace/journal/codes/Mark4.5/data/train/others_train_aug_226.wav,others
/mnt/c/workspace/journal/codes/Mark4.5/data/train/others_train_aug_227.wav,others
/mnt/c/workspace/journal/codes/Mark4.5/data/train/others_train_aug_228.wav,others
/mnt/c/workspace/journal/codes/Mark4.5/data/train/others_train_aug_229.wav,others
/mnt/c/workspace/journal/codes/Mark4.5/data/train/others_train_aug_230.wav,others
/mnt/c/workspace/journal/codes/Mark4.5/data/train/others_train_aug_231.wav,others
/mnt/c/workspace/journal/codes/Mark4.5/data/train/others_train_aug_232.wav,others
/mnt/c/workspace/journal/codes/Mark4.5/data/train/others_train_aug_233.wav,others
/mnt/c/workspace/journal/codes/Mark4.5/data/train/others_train_aug_234.wav,others
/mnt/c/workspace/journal/codes/Mark4.5/data/train/others_train_aug_235.wav,others
/mnt/c/workspace/journal/codes/Mark4.5/data/train/others_train_aug_236.wav,others
/mnt/c/workspace/journal/codes/Mark4.5/data/train/others_train_aug_237.wav,others
/mnt/c/workspace/journal/codes/Mark4.5/data/train/others_train_aug_238.wav,others
/mnt/c/workspace/journal/codes/Mark4.5/data/train/others_train_aug_239.wav,others
/mnt/c/workspace/journal/codes/Mark4.5/data/train/others_train_aug_240.wav,others
/mnt/c/workspace/journal/codes/Mark4.5/data/train/others_train_aug_241.wav,others
/mnt/c/workspace/journal/codes/Mark4.5/data/train/others_train_aug_242.wav,others
/mnt/c/workspace/journal/codes/Mark4.5/data/train/others_train_aug_243.wav,others
/mnt/c/workspace/journal/codes/Mark4.5/data/train/others_train_aug_244.wav,others
/mnt/c/workspace/journal/codes/Mark4.5/data/train/others_train_aug_245.wav,others
/mnt/c/workspace/journal/codes/Mark4.5/data/train/others_train_aug_246.wav,others
/mnt/c/workspace/journal/codes/Mark4.5/data/train/others_train_aug_247.wav,others
/mnt/c/workspace/journal/codes/Mark4.5/data/train/others_train_aug_248.wav,others
/mnt/c/workspace/journal/codes/Mark4.5/data/train/others_train_aug_249.wav,others
/mnt/c/workspace/journal/codes/Mark4.5/data/train/others_train_aug_250.wav,others
/mnt/c/workspace/journal/codes/Mark4.5/data/train/others_train_aug_251.wav,others
/mnt/c/workspace/journal/codes/Mark4.5/data/train/others_train_aug_252.wav,others
/mnt/c/workspace/journal/codes/Mark4.5/data/train/others_train_aug_253.wav,others
/mnt/c/workspace/journal/codes/Mark4.5/data/train/others_train_aug_254.wav,others
/mnt/c/workspace/journal/codes/Mark4.5/data/train/others_train_aug_255.wav,others
/mnt/c/workspace/journal/codes/Mark4.5/data/train/others_train_aug_256.wav,others
/mnt/c/workspace/journal/codes/Mark4.5/data/train/others_train_aug_257.wav,others
/mnt/c/workspace/journal/codes/Mark4.5/data/train/others_train_aug_258.wav,others
/mnt/c/workspace/journal/codes/Mark4.5/data/train/others_train_aug_259.wav,others
/mnt/c/workspace/journal/codes/Mark4.5/data/train/others_train_aug_260.wav,others
/mnt/c/workspace/journal/codes/Mark4.5/data/train/others_train_aug_261.wav,others
/mnt/c/workspace/journal/codes/Mark4.5/data/train/others_train_aug_262.wav,others
/mnt/c/workspace/journal/codes/Mark4.5/data/train/others_train_aug_263.wav,others
/mnt/c/workspace/journal/codes/Mark4.5/data/train/others_train_aug_264.wav,others
/mnt/c/workspace/journal/codes/Mark4.5/data/train/others_train_aug_265.wav,others
/mnt/c/workspace/journal/codes/Mark4.5/data/train/others_train_aug_266.wav,others
/mnt/c/workspace/journal/codes/Mark4.5/data/train/others_train_aug_267.wav,others
/mnt/c/workspace/journal/codes/Mark4.5/data/train/others_train_aug_268.wav,others
/mnt/c/workspace/journal/codes/Mark4.5/data/train/others_train_aug_269.wav,others
/mnt/c/workspace/journal/codes/Mark4.5/data/train/others_train_aug_270.wav,others
/mnt/c/workspace/journal/codes/Mark4.5/data/train/others_train_aug_271.wav,others
/mnt/c/workspace/journal/codes/Mark4.5/data/train/others_train_aug_272.wav,others
/mnt/c/workspace/journal/codes/Mark4.5/data/train/others_train_aug_273.wav,others
/mnt/c/workspace/journal/codes/Mark4.5/data/train/others_train_aug_274.wav,others
/mnt/c/workspace/journal/codes/Mark4.5/data/train/others_train_aug_275.wav,others
/mnt/c/workspace/journal/codes/Mark4.5/data/train/others_train_aug_276.wav,others
/mnt/c/workspace/journal/codes/Mark4.5/data/train/others_train_aug_277.wav,others
/mnt/c/workspace/journal/codes/Mark4.5/data/train/others_train_aug_278.wav,others
/mnt/c/workspace/journal/codes/Mark4.5/data/train/others_train_aug_279.wav,others
/mnt/c/workspace/journal/codes/Mark4.5/data/train/others_train_aug_280.wav,others
/mnt/c/workspace/journal/codes/Mark4.5/data/train/others_train_aug_281.wav,others
/mnt/c/workspace/journal/codes/Mark4.5/data/train/others_train_aug_282.wav,others
/mnt/c/workspace/journal/codes/Mark4.5/data/train/others_train_aug_283.wav,others
/mnt/c/workspace/journal/codes/Mark4.5/data/train/others_train_aug_284.wav,others
/mnt/c/workspace/journal/codes/Mark4.5/data/train/others_train_aug_285.wav,others
/mnt/c/workspace/journal/codes/Mark4.5/data/train/others_train_aug_286.wav,others
/mnt/c/workspace/journal/codes/Mark4.5/data/train/others_train_aug_287.wav,others
/mnt/c/workspace/journal/codes/Mark4.5/data/train/others_train_aug_288.wav,others
/mnt/c/workspace/journal/codes/Mark4.5/data/train/others_train_aug_289.wav,others
/mnt/c/workspace/journal/codes/Mark4.5/data/train/others_train_aug_290.wav,others
/mnt/c/workspace/journal/codes/Mark4.5/data/train/others_train_aug_291.wav,others
/mnt/c/workspace/journal/codes/Mark4.5/data/train/others_train_aug_292.wav,others
/mnt/c/workspace/journal/codes/Mark4.5/data/train/others_train_aug_293.wav,others
/mnt/c/workspace/journal/codes/Mark4.5/data/train/others_train_aug_294.wav,others
/mnt/c/workspace/journal/codes/Mark4.5/data/train/others_train_aug_295.wav,others
/mnt/c/workspace/journal/codes/Mark4.5/data/train/others_train_aug_296.wav,others
/mnt/c/workspace/journal/codes/Mark4.5/data/train/others_train_aug_297.wav,others
/mnt/c/workspace/journal/codes/Mark4.5/data/train/others_train_aug_298.wav,others
/mnt/c/workspace/journal/codes/Mark4.5/data/train/others_train_aug_299.wav,others
/mnt/c/workspace/journal/codes/Mark4.5/data/train/others_train_aug_300.wav,others
/mnt/c/workspace/journal/codes/Mark4.5/data/train/others_train_aug_301.wav,others
/mnt/c/workspace/journal/codes/Mark4.5/data/train/others_train_aug_302.wav,others
/mnt/c/workspace/journal/codes/Mark4.5/data/train/others_train_aug_303.wav,others
/mnt/c/workspace/journal/codes/Mark4.5/data/train/others_train_aug_304.wav,others
/mnt/c/workspace/journal/codes/Mark4.5/data/train/others_train_aug_305.wav,others
/mnt/c/workspace/journal/codes/Mark4.5/data/train/others_train_aug_306.wav,others
/mnt/c/workspace/journal/codes/Mark4.5/data/train/others_train_aug_307.wav,others
/mnt/c/workspace/journal/codes/Mark4.5/data/train/others_train_aug_308.wav,others
/mnt/c/workspace/journal/codes/Mark4.5/data/train/others_train_aug_309.wav,others
/mnt/c/workspace/journal/codes/Mark4.5/data/train/others_train_aug_310.wav,others
/mnt/c/workspace/journal/codes/Mark4.5/data/train/others_train_aug_311.wav,others
/mnt/c/workspace/journal/codes/Mark4.5/data/train/others_train_aug_312.wav,others
/mnt/c/workspace/journal/codes/Mark4.5/data/train/others_train_aug_313.wav,others
/mnt/c/workspace/journal/codes/Mark4.5/data/train/others_train_aug_314.wav,others
/mnt/c/workspace/journal/codes/Mark4.5/data/train/others_train_aug_315.wav,others
/mnt/c/workspace/journal/codes/Mark4.5/data/train/others_train_aug_316.wav,others
/mnt/c/workspace/journal/codes/Mark4.5/data/train/others_train_aug_317.wav,others
/mnt/c/workspace/journal/codes/Mark4.5/data/train/others_train_aug_318.wav,others
/mnt/c/workspace/journal/codes/Mark4.5/data/train/others_train_aug_319.wav,others
/mnt/c/workspace/journal/codes/Mark4.5/data/train/others_train_aug_320.wav,others
/mnt/c/workspace/journal/codes/Mark4.5/data/train/others_train_aug_321.wav,others
/mnt/c/workspace/journal/codes/Mark4.5/data/train/others_train_aug_322.wav,others
/mnt/c/workspace/journal/codes/Mark4.5/data/train/others_train_aug_323.wav,others
/mnt/c/workspace/journal/codes/Mark4.5/data/train/others_train_aug_324.wav,others
/mnt/c/workspace/journal/codes/Mark4.5/data/train/others_train_aug_325.wav,others
/mnt/c/workspace/journal/codes/Mark4.5/data/train/others_train_aug_326.wav,others
/mnt/c/workspace/journal/codes/Mark4.5/data/train/others_train_aug_327.wav,others
/mnt/c/workspace/journal/codes/Mark4.5/data/train/others_train_aug_328.wav,others
/mnt/c/workspace/journal/codes/Mark4.5/data/train/others_train_aug_329.wav,others
/mnt/c/workspace/journal/codes/Mark4.5/data/train/others_train_aug_330.wav,others
/mnt/c/workspace/journal/codes/Mark4.5/data/train/others_train_aug_331.wav,others
/mnt/c/workspace/journal/codes/Mark4.5/data/train/others_train_aug_332.wav,others
/mnt/c/workspace/journal/codes/Mark4.5/data/train/others_train_aug_333.wav,others
/mnt/c/workspace/journal/codes/Mark4.5/data/train/others_train_aug_334.wav,others
/mnt/c/workspace/journal/codes/Mark4.5/data/train/others_train_aug_335.wav,others
/mnt/c/workspace/journal/codes/Mark4.5/data/train/others_train_aug_336.wav,others
/mnt/c/workspace/journal/codes/Mark4.5/data/train/others_train_aug_337.wav,others
/mnt/c/workspace/journal/codes/Mark4.5/data/train/others_train_aug_338.wav,others
/mnt/c/workspace/journal/codes/Mark4.5/data/train/others_train_aug_339.wav,others
/mnt/c/workspace/journal/codes/Mark4.5/data/train/others_train_aug_340.wav,others
/mnt/c/workspace/journal/codes/Mark4.5/data/train/others_train_aug_341.wav,others
/mnt/c/workspace/journal/codes/Mark4.5/data/train/others_train_aug_342.wav,others
/mnt/c/workspace/journal/codes/Mark4.5/data/train/others_train_aug_343.wav,others
/mnt/c/workspace/journal/codes/Mark4.5/data/train/others_train_aug_344.wav,others
/mnt/c/workspace/journal/codes/Mark4.5/data/train/others_train_aug_345.wav,others
/mnt/c/workspace/journal/codes/Mark4.5/data/train/others_train_aug_346.wav,others
/mnt/c/workspace/journal/codes/Mark4.5/data/train/others_train_aug_347.wav,others
/mnt/c/workspace/journal/codes/Mark4.5/data/train/others_train_aug_348.wav,others
/mnt/c/workspace/journal/codes/Mark4.5/data/train/others_train_aug_349.wav,others
/mnt/c/workspace/journal/codes/Mark4.5/data/train/others_train_aug_350.wav,others
/mnt/c/workspace/journal/codes/Mark4.5/data/train/others_train_aug_351.wav,others
/mnt/c/workspace/journal/codes/Mark4.5/data/train/others_train_aug_352.wav,others
/mnt/c/workspace/journal/codes/Mark4.5/data/train/others_train_aug_353.wav,others
/mnt/c/workspace/journal/codes/Mark4.5/data/train/others_train_aug_354.wav,others
/mnt/c/workspace/journal/codes/Mark4.5/data/train/others_train_aug_355.wav,others
/mnt/c/workspace/journal/codes/Mark4.5/data/train/others_train_aug_356.wav,others
/mnt/c/workspace/journal/codes/Mark4.5/data/train/others_train_aug_357.wav,others
/mnt/c/workspace/journal/codes/Mark4.5/data/train/others_train_aug_358.wav,others
/mnt/c/workspace/journal/codes/Mark4.5/data/train/others_train_aug_359.wav,others
/mnt/c/workspace/journal/codes/Mark4.5/data/train/others_train_aug_360.wav,others
/mnt/c/workspace/journal/codes/Mark4.5/data/train/others_train_aug_361.wav,others
/mnt/c/workspace/journal/codes/Mark4.5/data/train/others_train_aug_362.wav,others
/mnt/c/workspace/journal/codes/Mark4.5/data/train/others_train_aug_363.wav,others
/mnt/c/workspace/journal/codes/Mark4.5/data/train/others_train_aug_364.wav,others
/mnt/c/workspace/journal/codes/Mark4.5/data/train/others_train_aug_365.wav,others
/mnt/c/workspace/journal/codes/Mark4.5/data/train/others_train_aug_366.wav,others
/mnt/c/workspace/journal/codes/Mark4.5/data/train/others_train_aug_367.wav,others
/mnt/c/workspace/journal/codes/Mark4.5/data/train/others_train_aug_368.wav,others
/mnt/c/workspace/journal/codes/Mark4.5/data/train/others_train_aug_369.wav,others
/mnt/c/workspace/journal/codes/Mark4.5/data/train/others_train_aug_370.wav,others
/mnt/c/workspace/journal/codes/Mark4.5/data/train/others_train_aug_371.wav,others
/mnt/c/workspace/journal/codes/Mark4.5/data/train/others_train_aug_372.wav,others
/mnt/c/workspace/journal/codes/Mark4.5/data/train/others_train_aug_373.wav,others
/mnt/c/workspace/journal/codes/Mark4.5/data/train/others_train_aug_374.wav,others
/mnt/c/workspace/journal/codes/Mark4.5/data/train/others_train_aug_375.wav,others
/mnt/c/workspace/journal/codes/Mark4.5/data/train/others_train_aug_376.wav,others
/mnt/c/workspace/journal/codes/Mark4.5/data/train/others_train_aug_377.wav,others
/mnt/c/workspace/journal/codes/Mark4.5/data/train/others_train_aug_378.wav,others
/mnt/c/workspace/journal/codes/Mark4.5/data/train/others_train_aug_379.wav,others
/mnt/c/workspace/journal/codes/Mark4.5/data/train/others_train_aug_380.wav,others
/mnt/c/workspace/journal/codes/Mark4.5/data/train/others_train_aug_381.wav,others
/mnt/c/workspace/journal/codes/Mark4.5/data/train/others_train_aug_382.wav,others
/mnt/c/workspace/journal/codes/Mark4.5/data/train/others_train_aug_383.wav,others
/mnt/c/workspace/journal/codes/Mark4.5/data/train/others_train_aug_384.wav,others
/mnt/c/workspace/journal/codes/Mark4.5/data/train/others_train_aug_385.wav,others
/mnt/c/workspace/journal/codes/Mark4.5/data/train/others_train_aug_386.wav,others
/mnt/c/workspace/journal/codes/Mark4.5/data/train/others_train_aug_387.wav,others
/mnt/c/workspace/journal/codes/Mark4.5/data/train/others_train_aug_388.wav,others
/mnt/c/workspace/journal/codes/Mark4.5/data/train/others_train_aug_389.wav,others
/mnt/c/workspace/journal/codes/Mark4.5/data/train/others_train_aug_390.wav,others
/mnt/c/workspace/journal/codes/Mark4.5/data/train/others_train_aug_391.wav,others
/mnt/c/workspace/journal/codes/Mark4.5/data/train/others_train_aug_392.wav,others
/mnt/c/workspace/journal/codes/Mark4.5/data/train/others_train_aug_393.wav,others
/mnt/c/workspace/journal/codes/Mark4.5/data/train/others_train_aug_394.wav,others
/mnt/c/workspace/journal/codes/Mark4.5/data/train/others_train_aug_395.wav,others
/mnt/c/workspace/journal/codes/Mark4.5/data/train/others_train_aug_396.wav,others
/mnt/c/workspace/journal/codes/Mark4.5/data/train/others_train_aug_397.wav,others
/mnt/c/workspace/journal/codes/Mark4.5/data/train/others_train_aug_398.wav,others
/mnt/c/workspace/journal/codes/Mark4.5/data/train/others_train_aug_399.wav,others
/mnt/c/workspace/journal/codes/Mark4.5/data/train/others_train_aug_400.wav,others
/mnt/c/workspace/journal/codes/Mark4.5/data/train/others_train_aug_401.wav,others
/mnt/c/workspace/journal/codes/Mark4.5/data/train/others_train_aug_402.wav,others
/mnt/c/workspace/journal/codes/Mark4.5/data/train/others_train_aug_403.wav,others
/mnt/c/workspace/journal/codes/Mark4.5/data/train/others_train_aug_404.wav,others
/mnt/c/workspace/journal/codes/Mark4.5/data/train/others_train_aug_405.wav,others
/mnt/c/workspace/journal/codes/Mark4.5/data/train/others_train_aug_406.wav,others
/mnt/c/workspace/journal/codes/Mark4.5/data/train/others_train_aug_407.wav,others
/mnt/c/workspace/journal/codes/Mark4.5/data/train/others_train_aug_408.wav,others
/mnt/c/workspace/journal/codes/Mark4.5/data/train/others_train_aug_409.wav,others
/mnt/c/workspace/journal/codes/Mark4.5/data/train/others_train_aug_410.wav,others
/mnt/c/workspace/journal/codes/Mark4.5/data/train/others_train_aug_411.wav,others
/mnt/c/workspace/journal/codes/Mark4.5/data/train/others_train_aug_412.wav,others
/mnt/c/workspace/journal/codes/Mark4.5/data/train/others_train_aug_413.wav,others
/mnt/c/workspace/journal/codes/Mark4.5/data/train/others_train_aug_414.wav,others
/mnt/c/workspace/journal/codes/Mark4.5/data/train/others_train_aug_415.wav,others
/mnt/c/workspace/journal/codes/Mark4.5/data/train/others_train_aug_416.wav,others
/mnt/c/workspace/journal/codes/Mark4.5/data/train/others_train_aug_417.wav,others
/mnt/c/workspace/journal/codes/Mark4.5/data/train/others_train_aug_418.wav,others
/mnt/c/workspace/journal/codes/Mark4.5/data/train/others_train_aug_419.wav,others
/mnt/c/workspace/journal/codes/Mark4.5/data/train/others_train_aug_420.wav,others
/mnt/c/workspace/journal/codes/Mark4.5/data/train/others_train_aug_421.wav,others
/mnt/c/workspace/journal/codes/Mark4.5/data/train/others_train_aug_422.wav,others
/mnt/c/workspace/journal/codes/Mark4.5/data/train/others_train_aug_423.wav,others
/mnt/c/workspace/journal/codes/Mark4.5/data/train/others_train_aug_424.wav,others
/mnt/c/workspace/journal/codes/Mark4.5/data/train/others_train_aug_425.wav,others
/mnt/c/workspace/journal/codes/Mark4.5/data/train/others_train_aug_426.wav,others
/mnt/c/workspace/journal/codes/Mark4.5/data/train/others_train_aug_427.wav,others
/mnt/c/workspace/journal/codes/Mark4.5/data/train/others_train_aug_428.wav,others
/mnt/c/workspace/journal/codes/Mark4.5/data/train/others_train_aug_429.wav,others
/mnt/c/workspace/journal/codes/Mark4.5/data/train/others_train_aug_430.wav,others
/mnt/c/workspace/journal/codes/Mark4.5/data/train/others_train_aug_431.wav,others
/mnt/c/workspace/journal/codes/Mark4.5/data/train/others_train_aug_432.wav,others
/mnt/c/workspace/journal/codes/Mark4.5/data/train/others_train_aug_433.wav,others
/mnt/c/workspace/journal/codes/Mark4.5/data/train/others_train_aug_434.wav,others
/mnt/c/workspace/journal/codes/Mark4.5/data/train/others_train_aug_435.wav,others
/mnt/c/workspace/journal/codes/Mark4.5/data/train/others_train_aug_436.wav,others
/mnt/c/workspace/journal/codes/Mark4.5/data/train/others_train_aug_437.wav,others
/mnt/c/workspace/journal/codes/Mark4.5/data/train/others_train_aug_438.wav,others
/mnt/c/workspace/journal/codes/Mark4.5/data/train/others_train_aug_439.wav,others
/mnt/c/workspace/journal/codes/Mark4.5/data/train/others_train_aug_440.wav,others
/mnt/c/workspace/journal/codes/Mark4.5/data/train/others_train_aug_441.wav,others
/mnt/c/workspace/journal/codes/Mark4.5/data/train/others_train_aug_442.wav,others
/mnt/c/workspace/journal/codes/Mark4.5/data/train/others_train_aug_443.wav,others
/mnt/c/workspace/journal/codes/Mark4.5/data/train/others_train_aug_444.wav,others
/mnt/c/workspace/journal/codes/Mark4.5/data/train/others_train_aug_445.wav,others
/mnt/c/workspace/journal/codes/Mark4.5/data/train/others_train_aug_446.wav,others
/mnt/c/workspace/journal/codes/Mark4.5/data/train/others_train_aug_447.wav,others
/mnt/c/workspace/journal/codes/Mark4.5/data/train/others_train_aug_448.wav,others
/mnt/c/workspace/journal/codes/Mark4.5/data/train/others_train_aug_449.wav,others
/mnt/c/workspace/journal/codes/Mark4.5/data/train/others_train_aug_450.wav,others
/mnt/c/workspace/journal/codes/Mark4.5/data/train/others_train_aug_451.wav,others
/mnt/c/workspace/journal/codes/Mark4.5/data/train/others_train_aug_452.wav,others
/mnt/c/workspace/journal/codes/Mark4.5/data/train/others_train_aug_453.wav,others
/mnt/c/workspace/journal/codes/Mark4.5/data/train/others_train_aug_454.wav,others
/mnt/c/workspace/journal/codes/Mark4.5/data/train/others_train_aug_455.wav,others
/mnt/c/workspace/journal/codes/Mark4.5/data/train/others_train_aug_456.wav,others
/mnt/c/workspace/journal/codes/Mark4.5/data/train/others_train_aug_457.wav,others
/mnt/c/workspace/journal/codes/Mark4.5/data/train/others_train_aug_458.wav,others
/mnt/c/workspace/journal/codes/Mark4.5/data/train/others_train_aug_459.wav,others
/mnt/c/workspace/journal/codes/Mark4.5/data/train/others_train_aug_460.wav,others
/mnt/c/workspace/journal/codes/Mark4.5/data/train/others_train_aug_461.wav,others
/mnt/c/workspace/journal/codes/Mark4.5/data/train/others_train_aug_462.wav,others
/mnt/c/workspace/journal/codes/Mark4.5/data/train/others_train_aug_463.wav,others
/mnt/c/workspace/journal/codes/Mark4.5/data/train/others_train_aug_464.wav,others
/mnt/c/workspace/journal/codes/Mark4.5/data/train/others_train_aug_465.wav,others
/mnt/c/workspace/journal/codes/Mark4.5/data/train/others_train_aug_466.wav,others
/mnt/c/workspace/journal/codes/Mark4.5/data/train/others_train_aug_467.wav,others
/mnt/c/workspace/journal/codes/Mark4.5/data/train/others_train_aug_468.wav,others
/mnt/c/workspace/journal/codes/Mark4.5/data/train/others_train_aug_469.wav,others
/mnt/c/workspace/journal/codes/Mark4.5/data/train/others_train_aug_470.wav,others
/mnt/c/workspace/journal/codes/Mark4.5/data/train/others_train_aug_471.wav,others
/mnt/c/workspace/journal/codes/Mark4.5/data/train/others_train_aug_472.wav,others
/mnt/c/workspace/journal/codes/Mark4.5/data/train/others_train_aug_473.wav,others
/mnt/c/workspace/journal/codes/Mark4.5/data/train/others_train_aug_474.wav,others
/mnt/c/workspace/journal/codes/Mark4.5/data/train/others_train_aug_475.wav,others
/mnt/c/workspace/journal/codes/Mark4.5/data/train/others_train_aug_476.wav,others
/mnt/c/workspace/journal/codes/Mark4.5/data/train/others_train_aug_477.wav,others
/mnt/c/workspace/journal/codes/Mark4.5/data/train/others_train_aug_478.wav,others
/mnt/c/workspace/journal/codes/Mark4.5/data/train/others_train_aug_479.wav,others
/mnt/c/workspace/journal/codes/Mark4.5/data/train/others_train_aug_480.wav,others
/mnt/c/workspace/journal/codes/Mark4.5/data/train/others_train_aug_481.wav,others
/mnt/c/workspace/journal/codes/Mark4.5/data/train/others_train_aug_482.wav,others
/mnt/c/workspace/journal/codes/Mark4.5/data/train/others_train_aug_483.wav,others
/mnt/c/workspace/journal/codes/Mark4.5/data/train/others_train_aug_484.wav,others
/mnt/c/workspace/journal/codes/Mark4.5/data/train/others_train_aug_485.wav,others
/mnt/c/workspace/journal/codes/Mark4.5/data/train/others_train_aug_486.wav,others
/mnt/c/workspace/journal/codes/Mark4.5/data/train/others_train_aug_487.wav,others
/mnt/c/workspace/journal/codes/Mark4.5/data/train/others_train_aug_488.wav,others
/mnt/c/workspace/journal/codes/Mark4.5/data/train/others_train_aug_489.wav,others
/mnt/c/workspace/journal/codes/Mark4.5/data/train/others_train_aug_490.wav,others
/mnt/c/workspace/journal/codes/Mark4.5/data/train/others_train_aug_491.wav,others
/mnt/c/workspace/journal/codes/Mark4.5/data/train/others_train_aug_492.wav,others
/mnt/c/workspace/journal/codes/Mark4.5/data/train/others_train_aug_493.wav,others
/mnt/c/workspace/journal/codes/Mark4.5/data/train/others_train_aug_494.wav,others
/mnt/c/workspace/journal/codes/Mark4.5/data/train/others_train_aug_495.wav,others
/mnt/c/workspace/journal/codes/Mark4.5/data/train/others_train_aug_496.wav,others
/mnt/c/workspace/journal/codes/Mark4.5/data/train/others_train_aug_497.wav,others
/mnt/c/workspace/journal/codes/Mark4.5/data/train/others_train_aug_498.wav,others
/mnt/c/workspace/journal/codes/Mark4.5/data/train/others_train_aug_499.wav,others
/mnt/c/workspace/journal/codes/Mark4.5/data/train/others_train_aug_500.wav,others
/mnt/c/workspace/journal/codes/Mark4.5/data/val/media_talking_val_001.wav,media_talking
/mnt/c/workspace/journal/codes/Mark4.5/data/val/media_talking_val_002.wav,media_talking
/mnt/c/workspace/journal/codes/Mark4.5/data/val/media_talking_val_003.wav,media_talking
/mnt/c/workspace/journal/codes/Mark4.5/data/val/media_talking_val_004.wav,media_talking
/mnt/c/workspace/journal/codes/Mark4.5/data/val/media_talking_val_005.wav,media_talking
/mnt/c/workspace/journal/codes/Mark4.5/data/val/media_talking_val_006.wav,media_talking
/mnt/c/workspace/journal/codes/Mark4.5/data/val/media_talking_val_007.wav,media_talking
/mnt/c/workspace/journal/codes/Mark4.5/data/val/media_talking_val_008.wav,media_talking
/mnt/c/workspace/journal/codes/Mark4.5/data/val/media_talking_val_009.wav,media_talking
/mnt/c/workspace/journal/codes/Mark4.5/data/val/media_talking_val_010.wav,media_talking
/mnt/c/workspace/journal/codes/Mark4.5/data/val/media_talking_val_011.wav,media_talking
/mnt/c/workspace/journal/codes/Mark4.5/data/val/media_talking_val_012.wav,media_talking
/mnt/c/workspace/journal/codes/Mark4.5/data/val/media_talking_val_013.wav,media_talking
/mnt/c/workspace/journal/codes/Mark4.5/data/val/media_talking_val_014.wav,media_talking
/mnt/c/workspace/journal/codes/Mark4.5/data/val/media_talking_val_015.wav,media_talking
/mnt/c/workspace/journal/codes/Mark4.5/data/val/media_talking_val_016.wav,media_talking
/mnt/c/workspace/journal/codes/Mark4.5/data/val/media_talking_val_017.wav,media_talking
/mnt/c/workspace/journal/codes/Mark4.5/data/val/media_talking_val_018.wav,media_talking
/mnt/c/workspace/journal/codes/Mark4.5/data/val/media_talking_val_019.wav,media_talking
/mnt/c/workspace/journal/codes/Mark4.5/data/val/media_talking_val_020.wav,media_talking
/mnt/c/workspace/journal/codes/Mark4.5/data/val/media_talking_val_021.wav,media_talking
/mnt/c/workspace/journal/codes/Mark4.5/data/val/media_talking_val_022.wav,media_talking
/mnt/c/workspace/journal/codes/Mark4.5/data/val/media_talking_val_023.wav,media_talking
/mnt/c/workspace/journal/codes/Mark4.5/data/val/media_talking_val_024.wav,media_talking
/mnt/c/workspace/journal/codes/Mark4.5/data/val/media_talking_val_025.wav,media_talking
/mnt/c/workspace/journal/codes/Mark4.5/data/val/media_talking_val_026.wav,media_talking
/mnt/c/workspace/journal/codes/Mark4.5/data/val/media_talking_val_027.wav,media_talking
/mnt/c/workspace/journal/codes/Mark4.5/data/val/media_talking_val_028.wav,media_talking
/mnt/c/workspace/journal/codes/Mark4.5/data/val/media_talking_val_029.wav,media_talking
/mnt/c/workspace/journal/codes/Mark4.5/data/val/media_talking_val_030.wav,media_talking
/mnt/c/workspace/journal/codes/Mark4.5/data/val/media_talking_val_031.wav,media_talking
/mnt/c/workspace/journal/codes/Mark4.5/data/val/media_talking_val_032.wav,media_talking
/mnt/c/workspace/journal/codes/Mark4.5/data/val/media_talking_val_033.wav,media_talking
/mnt/c/workspace/journal/codes/Mark4.5/data/val/media_talking_val_034.wav,media_talking
/mnt/c/workspace/journal/codes/Mark4.5/data/val/media_talking_val_035.wav,media_talking
/mnt/c/workspace/journal/codes/Mark4.5/data/val/media_talking_val_036.wav,media_talking
/mnt/c/workspace/journal/codes/Mark4.5/data/val/media_talking_val_037.wav,media_talking
/mnt/c/workspace/journal/codes/Mark4.5/data/val/media_talking_val_038.wav,media_talking
/mnt/c/workspace/journal/codes/Mark4.5/data/val/media_talking_val_039.wav,media_talking
/mnt/c/workspace/journal/codes/Mark4.5/data/val/media_talking_val_040.wav,media_talking
/mnt/c/workspace/journal/codes/Mark4.5/data/val/media_talking_val_041.wav,media_talking
/mnt/c/workspace/journal/codes/Mark4.5/data/val/media_talking_val_042.wav,media_talking
/mnt/c/workspace/journal/codes/Mark4.5/data/val/media_talking_val_043.wav,media_talking
/mnt/c/workspace/journal/codes/Mark4.5/data/val/media_talking_val_044.wav,media_talking
/mnt/c/workspace/journal/codes/Mark4.5/data/val/media_talking_val_045.wav,media_talking
/mnt/c/workspace/journal/codes/Mark4.5/data/val/media_talking_val_046.wav,media_talking
/mnt/c/workspace/journal/codes/Mark4.5/data/val/media_talking_val_047.wav,media_talking
/mnt/c/workspace/journal/codes/Mark4.5/data/val/media_talking_val_048.wav,media_talking
/mnt/c/workspace/journal/codes/Mark4.5/data/val/media_talking_val_049.wav,media_talking
/mnt/c/workspace/journal/codes/Mark4.5/data/val/media_talking_val_050.wav,media_talking
/mnt/c/workspace/journal/codes/Mark4.5/data/val/media_talking_val_051.wav,media_talking
/mnt/c/workspace/journal/codes/Mark4.5/data/val/media_talking_val_052.wav,media_talking
/mnt/c/workspace/journal/codes/Mark4.5/data/val/media_talking_val_053.wav,media_talking
/mnt/c/workspace/journal/codes/Mark4.5/data/val/media_talking_val_054.wav,media_talking
/mnt/c/workspace/journal/codes/Mark4.5/data/val/media_talking_val_055.wav,media_talking
/mnt/c/workspace/journal/codes/Mark4.5/data/val/media_talking_val_056.wav,media_talking
/mnt/c/workspace/journal/codes/Mark4.5/data/val/media_talking_val_057.wav,media_talking
/mnt/c/workspace/journal/codes/Mark4.5/data/val/media_talking_val_058.wav,media_talking
/mnt/c/workspace/journal/codes/Mark4.5/data/val/media_talking_val_059.wav,media_talking
/mnt/c/workspace/journal/codes/Mark4.5/data/val/media_talking_val_060.wav,media_talking
/mnt/c/workspace/journal/codes/Mark4.5/data/val/media_talking_val_061.wav,media_talking
/mnt/c/workspace/journal/codes/Mark4.5/data/val/media_talking_val_062.wav,media_talking
/mnt/c/workspace/journal/codes/Mark4.5/data/val/media_talking_val_063.wav,media_talking
/mnt/c/workspace/journal/codes/Mark4.5/data/val/media_talking_val_064.wav,media_talking
/mnt/c/workspace/journal/codes/Mark4.5/data/val/media_talking_val_065.wav,media_talking
/mnt/c/workspace/journal/codes/Mark4.5/data/val/media_talking_val_066.wav,media_talking
/mnt/c/workspace/journal/codes/Mark4.5/data/val/media_talking_val_067.wav,media_talking
/mnt/c/workspace/journal/codes/Mark4.5/data/val/media_talking_val_068.wav,media_talking
/mnt/c/workspace/journal/codes/Mark4.5/data/val/media_talking_val_069.wav,media_talking
/mnt/c/workspace/journal/codes/Mark4.5/data/val/media_talking_val_070.wav,media_talking
/mnt/c/workspace/journal/codes/Mark4.5/data/val/media_talking_val_071.wav,media_talking
/mnt/c/workspace/journal/codes/Mark4.5/data/val/media_talking_val_072.wav,media_talking
/mnt/c/workspace/journal/codes/Mark4.5/data/val/media_talking_val_073.wav,media_talking
/mnt/c/workspace/journal/codes/Mark4.5/data/val/media_talking_val_074.wav,media_talking
/mnt/c/workspace/journal/codes/Mark4.5/data/val/media_talking_val_075.wav,media_talking
/mnt/c/workspace/journal/codes/Mark4.5/data/val/media_talking_val_076.wav,media_talking
/mnt/c/workspace/journal/codes/Mark4.5/data/val/media_talking_val_077.wav,media_talking
/mnt/c/workspace/journal/codes/Mark4.5/data/val/media_talking_val_078.wav,media_talking
/mnt/c/workspace/journal/codes/Mark4.5/data/val/media_talking_val_079.wav,media_talking
/mnt/c/workspace/journal/codes/Mark4.5/data/val/media_talking_val_080.wav,media_talking
/mnt/c/workspace/journal/codes/Mark4.5/data/val/media_talking_val_081.wav,media_talking
/mnt/c/workspace/journal/codes/Mark4.5/data/val/media_talking_val_082.wav,media_talking
/mnt/c/workspace/journal/codes/Mark4.5/data/val/media_talking_val_083.wav,media_talking
/mnt/c/workspace/journal/codes/Mark4.5/data/val/media_talking_val_084.wav,media_talking
/mnt/c/workspace/journal/codes/Mark4.5/data/val/media_talking_val_085.wav,media_talking
/mnt/c/workspace/journal/codes/Mark4.5/data/val/media_talking_val_086.wav,media_talking
/mnt/c/workspace/journal/codes/Mark4.5/data/val/media_talking_val_087.wav,media_talking
/mnt/c/workspace/journal/codes/Mark4.5/data/val/media_talking_val_088.wav,media_talking
/mnt/c/workspace/journal/codes/Mark4.5/data/val/media_talking_val_089.wav,media_talking
/mnt/c/workspace/journal/codes/Mark4.5/data/val/media_talking_val_090.wav,media_talking
/mnt/c/workspace/journal/codes/Mark4.5/data/val/media_talking_val_091.wav,media_talking
/mnt/c/workspace/journal/codes/Mark4.5/data/val/media_talking_val_092.wav,media_talking
/mnt/c/workspace/journal/codes/Mark4.5/data/val/media_talking_val_093.wav,media_talking
/mnt/c/workspace/journal/codes/Mark4.5/data/val/media_talking_val_094.wav,media_talking
/mnt/c/workspace/journal/codes/Mark4.5/data/val/media_talking_val_095.wav,media_talking
/mnt/c/workspace/journal/codes/Mark4.5/data/val/media_talking_val_096.wav,media_talking
/mnt/c/workspace/journal/codes/Mark4.5/data/val/media_talking_val_097.wav,media_talking
/mnt/c/workspace/journal/codes/Mark4.5/data/val/media_talking_val_098.wav,media_talking
/mnt/c/workspace/journal/codes/Mark4.5/data/val/media_talking_val_099.wav,media_talking
/mnt/c/workspace/journal/codes/Mark4.5/data/val/media_talking_val_100.wav,media_talking
/mnt/c/workspace/journal/codes/Mark4.5/data/val/media_talking_val_101.wav,media_talking
/mnt/c/workspace/journal/codes/Mark4.5/data/val/media_talking_val_102.wav,media_talking
/mnt/c/workspace/journal/codes/Mark4.5/data/val/media_talking_val_103.wav,media_talking
/mnt/c/workspace/journal/codes/Mark4.5/data/val/media_talking_val_104.wav,media_talking
/mnt/c/workspace/journal/codes/Mark4.5/data/val/media_talking_val_105.wav,media_talking
/mnt/c/workspace/journal/codes/Mark4.5/data/val/media_talking_val_106.wav,media_talking
/mnt/c/workspace/journal/codes/Mark4.5/data/val/media_talking_val_107.wav,media_talking
/mnt/c/workspace/journal/codes/Mark4.5/data/val/media_talking_val_108.wav,media_talking
/mnt/c/workspace/journal/codes/Mark4.5/data/val/media_talking_val_109.wav,media_talking
/mnt/c/workspace/journal/codes/Mark4.5/data/val/media_talking_val_110.wav,media_talking
/mnt/c/workspace/journal/codes/Mark4.5/data/val/media_talking_val_111.wav,media_talking
/mnt/c/workspace/journal/codes/Mark4.5/data/val/media_talking_val_112.wav,media_talking
/mnt/c/workspace/journal/codes/Mark4.5/data/val/media_talking_val_113.wav,media_talking
/mnt/c/workspace/journal/codes/Mark4.5/data/val/media_talking_val_114.wav,media_talking
/mnt/c/workspace/journal/codes/Mark4.5/data/val/media_talking_val_115.wav,media_talking
/mnt/c/workspace/journal/codes/Mark4.5/data/val/media_talking_val_116.wav,media_talking
/mnt/c/workspace/journal/codes/Mark4.5/data/val/media_talking_val_117.wav,media_talking
/mnt/c/workspace/journal/codes/Mark4.5/data/val/media_talking_val_118.wav,media_talking
/mnt/c/workspace/journal/codes/Mark4.5/data/val/media_talking_val_119.wav,media_talking
/mnt/c/workspace/journal/codes/Mark4.5/data/val/media_talking_val_120.wav,media_talking
/mnt/c/workspace/journal/codes/Mark4.5/data/val/media_talking_val_121.wav,media_talking
/mnt/c/workspace/journal/codes/Mark4.5/data/val/media_talking_val_122.wav,media_talking
/mnt/c/workspace/journal/codes/Mark4.5/data/val/media_talking_val_123.wav,media_talking
/mnt/c/workspace/journal/codes/Mark4.5/data/val/media_talking_val_124.wav,media_talking
/mnt/c/workspace/journal/codes/Mark4.5/data/val/media_talking_val_125.wav,media_talking
/mnt/c/workspace/journal/codes/Mark4.5/data/val/media_talking_val_126.wav,media_talking
/mnt/c/workspace/journal/codes/Mark4.5/data/val/media_talking_val_127.wav,media_talking
/mnt/c/workspace/journal/codes/Mark4.5/data/val/media_talking_val_128.wav,media_talking
/mnt/c/workspace/journal/codes/Mark4.5/data/val/media_talking_val_129.wav,media_talking
/mnt/c/workspace/journal/codes/Mark4.5/data/val/media_talking_val_130.wav,media_talking
/mnt/c/workspace/journal/codes/Mark4.5/data/val/media_talking_val_131.wav,media_talking
/mnt/c/workspace/journal/codes/Mark4.5/data/val/media_talking_val_132.wav,media_talking
/mnt/c/workspace/journal/codes/Mark4.5/data/val/media_talking_val_133.wav,media_talking
/mnt/c/workspace/journal/codes/Mark4.5/data/val/media_talking_val_134.wav,media_talking
/mnt/c/workspace/journal/codes/Mark4.5/data/val/media_talking_val_135.wav,media_talking
/mnt/c/workspace/journal/codes/Mark4.5/data/val/media_talking_val_136.wav,media_talking
/mnt/c/workspace/journal/codes/Mark4.5/data/val/media_talking_val_137.wav,media_talking
/mnt/c/workspace/journal/codes/Mark4.5/data/val/media_talking_val_138.wav,media_talking
/mnt/c/workspace/journal/codes/Mark4.5/data/val/media_talking_val_139.wav,media_talking
/mnt/c/workspace/journal/codes/Mark4.5/data/val/media_talking_val_140.wav,media_talking
/mnt/c/workspace/journal/codes/Mark4.5/data/val/media_talking_val_141.wav,media_talking
/mnt/c/workspace/journal/codes/Mark4.5/data/val/media_talking_val_142.wav,media_talking
/mnt/c/workspace/journal/codes/Mark4.5/data/val/media_talking_val_143.wav,media_talking
/mnt/c/workspace/journal/codes/Mark4.5/data/val/media_talking_val_144.wav,media_talking
/mnt/c/workspace/journal/codes/Mark4.5/data/val/media_talking_val_145.wav,media_talking
/mnt/c/workspace/journal/codes/Mark4.5/data/val/media_talking_val_146.wav,media_talking
/mnt/c/workspace/journal/codes/Mark4.5/data/val/media_talking_val_147.wav,media_talking
/mnt/c/workspace/journal/codes/Mark4.5/data/val/media_talking_val_148.wav,media_talking
/mnt/c/workspace/journal/codes/Mark4.5/data/val/media_talking_val_149.wav,media_talking
/mnt/c/workspace/journal/codes/Mark4.5/data/val/media_talking_val_150.wav,media_talking
/mnt/c/workspace/journal/codes/Mark4.5/data/val/media_talking_val_151.wav,media_talking
/mnt/c/workspace/journal/codes/Mark4.5/data/val/media_talking_val_152.wav,media_talking
/mnt/c/workspace/journal/codes/Mark4.5/data/val/media_talking_val_153.wav,media_talking
/mnt/c/workspace/journal/codes/Mark4.5/data/val/media_talking_val_154.wav,media_talking
/mnt/c/workspace/journal/codes/Mark4.5/data/val/media_talking_val_155.wav,media_talking
/mnt/c/workspace/journal/codes/Mark4.5/data/val/media_talking_val_156.wav,media_talking
/mnt/c/workspace/journal/codes/Mark4.5/data/val/media_talking_val_157.wav,media_talking
/mnt/c/workspace/journal/codes/Mark4.5/data/val/media_talking_val_158.wav,media_talking
/mnt/c/workspace/journal/codes/Mark4.5/data/val/media_talking_val_159.wav,media_talking
/mnt/c/workspace/journal/codes/Mark4.5/data/val/media_talking_val_160.wav,media_talking
/mnt/c/workspace/journal/codes/Mark4.5/data/val/media_talking_val_161.wav,media_talking
/mnt/c/workspace/journal/codes/Mark4.5/data/val/media_talking_val_162.wav,media_talking
/mnt/c/workspace/journal/codes/Mark4.5/data/val/media_talking_val_163.wav,media_talking
/mnt/c/workspace/journal/codes/Mark4.5/data/val/media_talking_val_164.wav,media_talking
/mnt/c/workspace/journal/codes/Mark4.5/data/val/media_talking_val_165.wav,media_talking
/mnt/c/workspace/journal/codes/Mark4.5/data/val/media_talking_val_166.wav,media_talking
/mnt/c/workspace/journal/codes/Mark4.5/data/val/media_talking_val_167.wav,media_talking
/mnt/c/workspace/journal/codes/Mark4.5/data/val/media_talking_val_168.wav,media_talking
/mnt/c/workspace/journal/codes/Mark4.5/data/val/media_talking_val_169.wav,media_talking
/mnt/c/workspace/journal/codes/Mark4.5/data/val/media_talking_val_170.wav,media_talking
/mnt/c/workspace/journal/codes/Mark4.5/data/val/media_talking_val_171.wav,media_talking
/mnt/c/workspace/journal/codes/Mark4.5/data/val/media_talking_val_172.wav,media_talking
/mnt/c/workspace/journal/codes/Mark4.5/data/val/media_talking_val_173.wav,media_talking
/mnt/c/workspace/journal/codes/Mark4.5/data/val/media_talking_val_174.wav,media_talking
/mnt/c/workspace/journal/codes/Mark4.5/data/val/media_talking_val_175.wav,media_talking
/mnt/c/workspace/journal/codes/Mark4.5/data/val/media_talking_val_176.wav,media_talking
/mnt/c/workspace/journal/codes/Mark4.5/data/val/media_talking_val_177.wav,media_talking
/mnt/c/workspace/journal/codes/Mark4.5/data/val/media_talking_val_178.wav,media_talking
/mnt/c/workspace/journal/codes/Mark4.5/data/val/media_talking_val_179.wav,media_talking
/mnt/c/workspace/journal/codes/Mark4.5/data/val/media_talking_val_180.wav,media_talking
/mnt/c/workspace/journal/codes/Mark4.5/data/val/media_talking_val_181.wav,media_talking
/mnt/c/workspace/journal/codes/Mark4.5/data/val/media_talking_val_182.wav,media_talking
/mnt/c/workspace/journal/codes/Mark4.5/data/val/media_talking_val_183.wav,media_talking
/mnt/c/workspace/journal/codes/Mark4.5/data/val/media_talking_val_184.wav,media_talking
/mnt/c/workspace/journal/codes/Mark4.5/data/val/media_talking_val_185.wav,media_talking
/mnt/c/workspace/journal/codes/Mark4.5/data/val/media_talking_val_186.wav,media_talking
/mnt/c/workspace/journal/codes/Mark4.5/data/val/media_talking_val_187.wav,media_talking
/mnt/c/workspace/journal/codes/Mark4.5/data/val/media_talking_val_188.wav,media_talking
/mnt/c/workspace/journal/codes/Mark4.5/data/val/media_talking_val_189.wav,media_talking
/mnt/c/workspace/journal/codes/Mark4.5/data/val/media_talking_val_190.wav,media_talking
/mnt/c/workspace/journal/codes/Mark4.5/data/val/media_talking_val_191.wav,media_talking
/mnt/c/workspace/journal/codes/Mark4.5/data/val/media_talking_val_192.wav,media_talking
/mnt/c/workspace/journal/codes/Mark4.5/data/val/media_talking_val_193.wav,media_talking
/mnt/c/workspace/journal/codes/Mark4.5/data/val/media_talking_val_194.wav,media_talking
/mnt/c/workspace/journal/codes/Mark4.5/data/val/media_talking_val_195.wav,media_talking
/mnt/c/workspace/journal/codes/Mark4.5/data/val/media_talking_val_196.wav,media_talking
/mnt/c/workspace/journal/codes/Mark4.5/data/val/media_talking_val_197.wav,media_talking
/mnt/c/workspace/journal/codes/Mark4.5/data/val/media_talking_val_198.wav,media_talking
/mnt/c/workspace/journal/codes/Mark4.5/data/val/media_talking_val_199.wav,media_talking
/mnt/c/workspace/journal/codes/Mark4.5/data/val/media_talking_val_200.wav,media_talking
/mnt/c/workspace/journal/codes/Mark4.5/data/val/media_talking_val_201.wav,media_talking
/mnt/c/workspace/journal/codes/Mark4.5/data/val/media_talking_val_202.wav,media_talking
/mnt/c/workspace/journal/codes/Mark4.5/data/val/media_talking_val_203.wav,media_talking
/mnt/c/workspace/journal/codes/Mark4.5/data/val/media_talking_val_204.wav,media_talking
/mnt/c/workspace/journal/codes/Mark4.5/data/val/media_talking_val_205.wav,media_talking
/mnt/c/workspace/journal/codes/Mark4.5/data/val/media_talking_val_206.wav,media_talking
/mnt/c/workspace/journal/codes/Mark4.5/data/val/media_talking_val_207.wav,media_talking
/mnt/c/workspace/journal/codes/Mark4.5/data/val/media_talking_val_208.wav,media_talking
/mnt/c/workspace/journal/codes/Mark4.5/data/val/media_talking_val_209.wav,media_talking
/mnt/c/workspace/journal/codes/Mark4.5/data/val/media_talking_val_210.wav,media_talking
/mnt/c/workspace/journal/codes/Mark4.5/data/val/media_talking_val_211.wav,media_talking
/mnt/c/workspace/journal/codes/Mark4.5/data/val/media_talking_val_212.wav,media_talking
/mnt/c/workspace/journal/codes/Mark4.5/data/val/media_talking_val_213.wav,media_talking
/mnt/c/workspace/journal/codes/Mark4.5/data/val/media_talking_val_214.wav,media_talking
/mnt/c/workspace/journal/codes/Mark4.5/data/val/media_talking_val_215.wav,media_talking
/mnt/c/workspace/journal/codes/Mark4.5/data/val/others_val_216.wav,others
/mnt/c/workspace/journal/codes/Mark4.5/data/val/others_val_217.wav,others
/mnt/c/workspace/journal/codes/Mark4.5/data/val/others_val_218.wav,others
/mnt/c/workspace/journal/codes/Mark4.5/data/val/others_val_219.wav,others
/mnt/c/workspace/journal/codes/Mark4.5/data/val/others_val_220.wav,others
/mnt/c/workspace/journal/codes/Mark4.5/data/val/others_val_221.wav,others
/mnt/c/workspace/journal/codes/Mark4.5/data/val/others_val_222.wav,others
/mnt/c/workspace/journal/codes/Mark4.5/data/val/others_val_223.wav,others
/mnt/c/workspace/journal/codes/Mark4.5/data/val/others_val_224.wav,others
/mnt/c/workspace/journal/codes/Mark4.5/data/val/others_val_225.wav,others
/mnt/c/workspace/journal/codes/Mark4.5/data/val/others_val_226.wav,others
/mnt/c/workspace/journal/codes/Mark4.5/data/val/others_val_227.wav,others
/mnt/c/workspace/journal/codes/Mark4.5/data/val/others_val_228.wav,others
/mnt/c/workspace/journal/codes/Mark4.5/data/val/others_val_229.wav,others
/mnt/c/workspace/journal/codes/Mark4.5/data/val/others_val_230.wav,others
/mnt/c/workspace/journal/codes/Mark4.5/data/val/others_val_231.wav,others
/mnt/c/workspace/journal/codes/Mark4.5/data/val/others_val_232.wav,others
/mnt/c/workspace/journal/codes/Mark4.5/data/val/others_val_233.wav,others
/mnt/c/workspace/journal/codes/Mark4.5/data/val/others_val_234.wav,others
/mnt/c/workspace/journal/codes/Mark4.5/data/val/others_val_235.wav,others
/mnt/c/workspace/journal/codes/Mark4.5/data/val/others_val_236.wav,others
/mnt/c/workspace/journal/codes/Mark4.5/data/val/others_val_237.wav,others
/mnt/c/workspace/journal/codes/Mark4.5/data/val/others_val_238.wav,others
/mnt/c/workspace/journal/codes/Mark4.5/data/val/others_val_239.wav,others
/mnt/c/workspace/journal/codes/Mark4.5/data/val/others_val_240.wav,others
/mnt/c/workspace/journal/codes/Mark4.5/data/val/others_val_241.wav,others
/mnt/c/workspace/journal/codes/Mark4.5/data/val/others_val_242.wav,others
/mnt/c/workspace/journal/codes/Mark4.5/data/val/others_val_243.wav,others
/mnt/c/workspace/journal/codes/Mark4.5/data/val/others_val_244.wav,others
/mnt/c/workspace/journal/codes/Mark4.5/data/val/others_val_245.wav,others
/mnt/c/workspace/journal/codes/Mark4.5/data/val/others_val_246.wav,others
/mnt/c/workspace/journal/codes/Mark4.5/data/val/others_val_247.wav,others
/mnt/c/workspace/journal/codes/Mark4.5/data/val/others_val_248.wav,others
/mnt/c/workspace/journal/codes/Mark4.5/data/val/others_val_249.wav,others
/mnt/c/workspace/journal/codes/Mark4.5/data/val/others_val_250.wav,others
/mnt/c/workspace/journal/codes/Mark4.5/data/val/others_val_251.wav,others
/mnt/c/workspace/journal/codes/Mark4.5/data/val/others_val_252.wav,others
/mnt/c/workspace/journal/codes/Mark4.5/data/val/others_val_253.wav,others
/mnt/c/workspace/journal/codes/Mark4.5/data/val/others_val_254.wav,others
/mnt/c/workspace/journal/codes/Mark4.5/data/val/others_val_255.wav,others
/mnt/c/workspace/journal/codes/Mark4.5/data/val/others_val_256.wav,others
/mnt/c/workspace/journal/codes/Mark4.5/data/val/others_val_257.wav,others
/mnt/c/workspace/journal/codes/Mark4.5/data/val/others_val_258.wav,others
/mnt/c/workspace/journal/codes/Mark4.5/data/val/others_val_259.wav,others
/mnt/c/workspace/journal/codes/Mark4.5/data/val/others_val_260.wav,others
/mnt/c/workspace/journal/codes/Mark4.5/data/val/others_val_261.wav,others
/mnt/c/workspace/journal/codes/Mark4.5/data/val/others_val_262.wav,others
/mnt/c/workspace/journal/codes/Mark4.5/data/val/others_val_263.wav,others
/mnt/c/workspace/journal/codes/Mark4.5/data/val/others_val_264.wav,others
/mnt/c/workspace/journal/codes/Mark4.5/data/val/others_val_265.wav,others
/mnt/c/workspace/journal/codes/Mark4.5/data/val/others_val_266.wav,others
/mnt/c/workspace/journal/codes/Mark4.5/data/val/others_val_267.wav,others
/mnt/c/workspace/journal/codes/Mark4.5/data/val/others_val_268.wav,others
/mnt/c/workspace/journal/codes/Mark4.5/data/val/others_val_269.wav,others
/mnt/c/workspace/journal/codes/Mark4.5/data/val/others_val_270.wav,others
/mnt/c/workspace/journal/codes/Mark4.5/data/val/others_val_271.wav,others
/mnt/c/workspace/journal/codes/Mark4.5/data/val/others_val_272.wav,others
/mnt/c/workspace/journal/codes/Mark4.5/data/val/others_val_273.wav,others
/mnt/c/workspace/journal/codes/Mark4.5/data/val/others_val_274.wav,others
/mnt/c/workspace/journal/codes/Mark4.5/data/val/others_val_275.wav,others
/mnt/c/workspace/journal/codes/Mark4.5/data/val/others_val_276.wav,others
/mnt/c/workspace/journal/codes/Mark4.5/data/val/others_val_277.wav,others
/mnt/c/workspace/journal/codes/Mark4.5/data/val/others_val_278.wav,others
/mnt/c/workspace/journal/codes/Mark4.5/data/val/others_val_279.wav,others
/mnt/c/workspace/journal/codes/Mark4.5/data/val/others_val_280.wav,others
/mnt/c/workspace/journal/codes/Mark4.5/data/val/others_val_281.wav,others
/mnt/c/workspace/journal/codes/Mark4.5/data/val/others_val_282.wav,others
/mnt/c/workspace/journal/codes/Mark4.5/data/val/others_val_283.wav,others
/mnt/c/workspace/journal/codes/Mark4.5/data/val/others_val_284.wav,others
/mnt/c/workspace/journal/codes/Mark4.5/data/val/others_val_285.wav,others
/mnt/c/workspace/journal/codes/Mark4.5/data/val/others_val_286.wav,others
/mnt/c/workspace/journal/codes/Mark4.5/data/val/others_val_287.wav,others
/mnt/c/workspace/journal/codes/Mark4.5/data/val/others_val_288.wav,others
/mnt/c/workspace/journal/codes/Mark4.5/data/val/others_val_289.wav,others
/mnt/c/workspace/journal/codes/Mark4.5/data/val/others_val_290.wav,others
/mnt/c/workspace/journal/codes/Mark4.5/data/val/others_val_291.wav,others
/mnt/c/workspace/journal/codes/Mark4.5/data/val/others_val_292.wav,others
/mnt/c/workspace/journal/codes/Mark4.5/data/val/others_val_293.wav,others
/mnt/c/workspace/journal/codes/Mark4.5/data/val/others_val_294.wav,others
/mnt/c/workspace/journal/codes/Mark4.5/data/val/others_val_295.wav,others
/mnt/c/workspace/journal/codes/Mark4.5/data/val/others_val_296.wav,others
/mnt/c/workspace/journal/codes/Mark4.5/data/val/others_val_297.wav,others
/mnt/c/workspace/journal/codes/Mark4.5/data/val/others_val_298.wav,others
/mnt/c/workspace/journal/codes/Mark4.5/data/val/others_val_299.wav,others
/mnt/c/workspace/journal/codes/Mark4.5/data/val/others_val_300.wav,others
/mnt/c/workspace/journal/codes/Mark4.5/data/val/others_val_301.wav,others
/mnt/c/workspace/journal/codes/Mark4.5/data/val/others_val_302.wav,others
/mnt/c/workspace/journal/codes/Mark4.5/data/val/others_val_303.wav,others
/mnt/c/workspace/journal/codes/Mark4.5/data/val/others_val_304.wav,others
/mnt/c/workspace/journal/codes/Mark4.5/data/val/others_val_305.wav,others
/mnt/c/workspace/journal/codes/Mark4.5/data/val/others_val_306.wav,others
/mnt/c/workspace/journal/codes/Mark4.5/data/val/others_val_307.wav,others
/mnt/c/workspace/journal/codes/Mark4.5/data/val/others_val_308.wav,others
/mnt/c/workspace/journal/codes/Mark4.5/data/val/others_val_309.wav,others
/mnt/c/workspace/journal/codes/Mark4.5/data/val/others_val_310.wav,others
/mnt/c/workspace/journal/codes/Mark4.5/data/val/others_val_311.wav,others
/mnt/c/workspace/journal/codes/Mark4.5/data/val/others_val_312.wav,others
/mnt/c/workspace/journal/codes/Mark4.5/data/val/others_val_313.wav,others
/mnt/c/workspace/journal/codes/Mark4.5/data/val/others_val_314.wav,others
/mnt/c/workspace/journal/codes/Mark4.5/data/val/others_val_315.wav,others
/mnt/c/workspace/journal/codes/Mark4.5/data/val/others_val_316.wav,others
/mnt/c/workspace/journal/codes/Mark4.5/data/val/others_val_317.wav,others
/mnt/c/workspace/journal/codes/Mark4.5/data/val/others_val_318.wav,others
/mnt/c/workspace/journal/codes/Mark4.5/data/val/others_val_319.wav,others
/mnt/c/workspace/journal/codes/Mark4.5/data/val/others_val_320.wav,others
/mnt/c/workspace/journal/codes/Mark4.5/data/val/others_val_321.wav,others
/mnt/c/workspace/journal/codes/Mark4.5/data/val/others_val_322.wav,others
/mnt/c/workspace/journal/codes/Mark4.5/data/val/others_val_323.wav,others
/mnt/c/workspace/journal/codes/Mark4.5/data/val/others_val_324.wav,others
/mnt/c/workspace/journal/codes/Mark4.5/data/val/others_val_325.wav,others
/mnt/c/workspace/journal/codes/Mark4.5/data/val/others_val_326.wav,others
/mnt/c/workspace/journal/codes/Mark4.5/data/val/others_val_327.wav,others
/mnt/c/workspace/journal/codes/Mark4.5/data/val/others_val_328.wav,others
/mnt/c/workspace/journal/codes/Mark4.5/data/val/others_val_329.wav,others
/mnt/c/workspace/journal/codes/Mark4.5/data/val/others_val_330.wav,others
/mnt/c/workspace/journal/codes/Mark4.5/data/val/others_val_331.wav,others
/mnt/c/workspace/journal/codes/Mark4.5/data/val/others_val_332.wav,others
/mnt/c/workspace/journal/codes/Mark4.5/data/val/others_val_333.wav,others
/mnt/c/workspace/journal/codes/Mark4.5/data/val/others_val_334.wav,others
/mnt/c/workspace/journal/codes/Mark4.5/data/val/others_val_335.wav,others
/mnt/c/workspace/journal/codes/Mark4.5/data/val/others_val_336.wav,others
/mnt/c/workspace/journal/codes/Mark4.5/data/val/others_val_337.wav,others
/mnt/c/workspace/journal/codes/Mark4.5/data/val/others_val_338.wav,others
/mnt/c/workspace/journal/codes/Mark4.5/data/val/others_val_339.wav,others
/mnt/c/workspace/journal/codes/Mark4.5/data/val/others_val_340.wav,others
/mnt/c/workspace/journal/codes/Mark4.5/data/val/others_val_341.wav,others
/mnt/c/workspace/journal/codes/Mark4.5/data/val/others_val_342.wav,others
/mnt/c/workspace/journal/codes/Mark4.5/data/val/others_val_343.wav,others
/mnt/c/workspace/journal/codes/Mark4.5/data/val/others_val_344.wav,others
/mnt/c/workspace/journal/codes/Mark4.5/data/val/others_val_345.wav,others
/mnt/c/workspace/journal/codes/Mark4.5/data/val/others_val_346.wav,others
/mnt/c/workspace/journal/codes/Mark4.5/data/val/others_val_347.wav,others
/mnt/c/workspace/journal/codes/Mark4.5/data/val/others_val_348.wav,others
/mnt/c/workspace/journal/codes/Mark4.5/data/val/others_val_349.wav,others
/mnt/c/workspace/journal/codes/Mark4.5/data/val/others_val_350.wav,others
/mnt/c/workspace/journal/codes/Mark4.5/data/val/others_val_351.wav,others
/mnt/c/workspace/journal/codes/Mark4.5/data/val/others_val_352.wav,others
/mnt/c/workspace/journal/codes/Mark4.5/data/val/others_val_353.wav,others
/mnt/c/workspace/journal/codes/Mark4.5/data/val/others_val_354.wav,others
/mnt/c/workspace/journal/codes/Mark4.5/data/val/others_val_355.wav,others
/mnt/c/workspace/journal/codes/Mark4.5/data/val/others_val_356.wav,others
/mnt/c/workspace/journal/codes/Mark4.5/data/val/others_val_357.wav,others
/mnt/c/workspace/journal/codes/Mark4.5/data/val/others_val_358.wav,others
/mnt/c/workspace/journal/codes/Mark4.5/data/val/others_val_359.wav,others
/mnt/c/workspace/journal/codes/Mark4.5/data/val/others_val_360.wav,others
/mnt/c/workspace/journal/codes/Mark4.5/data/val/others_val_361.wav,others
/mnt/c/workspace/journal/codes/Mark4.5/data/val/others_val_362.wav,others
/mnt/c/workspace/journal/codes/Mark4.5/data/val/others_val_363.wav,others
/mnt/c/workspace/journal/codes/Mark4.5/data/val/others_val_364.wav,others
/mnt/c/workspace/journal/codes/Mark4.5/data/val/others_val_365.wav,others
/mnt/c/workspace/journal/codes/Mark4.5/data/val/others_val_366.wav,others
/mnt/c/workspace/journal/codes/Mark4.5/data/val/others_val_367.wav,others
/mnt/c/workspace/journal/codes/Mark4.5/data/val/others_val_368.wav,others
/mnt/c/workspace/journal/codes/Mark4.5/data/val/others_val_369.wav,others
/mnt/c/workspace/journal/codes/Mark4.5/data/val/others_val_370.wav,others
/mnt/c/workspace/journal/codes/Mark4.5/data/val/others_val_371.wav,others
/mnt/c/workspace/journal/codes/Mark4.5/data/val/others_val_372.wav,others
/mnt/c/workspace/journal/codes/Mark4.5/data/val/others_val_373.wav,others
/mnt/c/workspace/journal/codes/Mark4.5/data/val/others_val_374.wav,others
/mnt/c/workspace/journal/codes/Mark4.5/data/val/others_val_375.wav,others
/mnt/c/workspace/journal/codes/Mark4.5/data/val/others_val_376.wav,others
/mnt/c/workspace/journal/codes/Mark4.5/data/val/others_val_377.wav,others
/mnt/c/workspace/journal/codes/Mark4.5/data/val/others_val_378.wav,others
/mnt/c/workspace/journal/codes/Mark4.5/data/val/others_val_379.wav,others
/mnt/c/workspace/journal/codes/Mark4.5/data/val/others_val_380.wav,others
/mnt/c/workspace/journal/codes/Mark4.5/data/val/others_val_381.wav,others
/mnt/c/workspace/journal/codes/Mark4.5/data/val/others_val_382.wav,others
/mnt/c/workspace/journal/codes/Mark4.5/data/val/others_val_383.wav,others
/mnt/c/workspace/journal/codes/Mark4.5/data/val/others_val_384.wav,others
/mnt/c/workspace/journal/codes/Mark4.5/data/val/others_val_385.wav,others
/mnt/c/workspace/journal/codes/Mark4.5/data/val/others_val_386.wav,others
/mnt/c/workspace/journal/codes/Mark4.5/data/val/others_val_387.wav,others
/mnt/c/workspace/journal/codes/Mark4.5/data/val/others_val_388.wav,others
/mnt/c/workspace/journal/codes/Mark4.5/data/val/others_val_389.wav,others
/mnt/c/workspace/journal/codes/Mark4.5/data/val/others_val_390.wav,others
/mnt/c/workspace/journal/codes/Mark4.5/data/val/others_val_391.wav,others
/mnt/c/workspace/journal/codes/Mark4.5/data/val/others_val_392.wav,others
/mnt/c/workspace/journal/codes/Mark4.5/data/val/others_val_393.wav,others
/mnt/c/workspace/journal/codes/Mark4.5/data/val/others_val_394.wav,others
/mnt/c/workspace/journal/codes/Mark4.5/data/val/others_val_395.wav,others
/mnt/c/workspace/journal/codes/Mark4.5/data/val/others_val_396.wav,others
/mnt/c/workspace/journal/codes/Mark4.5/data/val/others_val_397.wav,others
/mnt/c/workspace/journal/codes/Mark4.5/data/val/others_val_398.wav,others
/mnt/c/workspace/journal/codes/Mark4.5/data/val/others_val_399.wav,others
/mnt/c/workspace/journal/codes/Mark4.5/data/val/others_val_400.wav,others
/mnt/c/workspace/journal/codes/Mark4.5/data/val/others_val_401.wav,others
/mnt/c/workspace/journal/codes/Mark4.5/data/val/others_val_402.wav,others
/mnt/c/workspace/journal/codes/Mark4.5/data/val/others_val_403.wav,others
/mnt/c/workspace/journal/codes/Mark4.5/data/val/others_val_404.wav,others
/mnt/c/workspace/journal/codes/Mark4.5/data/val/others_val_405.wav,others
/mnt/c/workspace/journal/codes/Mark4.5/data/val/others_val_406.wav,others
/mnt/c/workspace/journal/codes/Mark4.5/data/val/others_val_407.wav,others
/mnt/c/workspace/journal/codes/Mark4.5/data/val/others_val_408.wav,others
/mnt/c/workspace/journal/codes/Mark4.5/data/val/others_val_409.wav,others
/mnt/c/workspace/journal/codes/Mark4.5/data/val/others_val_410.wav,others
/mnt/c/workspace/journal/codes/Mark4.5/data/val/others_val_411.wav,others
/mnt/c/workspace/journal/codes/Mark4.5/data/val/others_val_412.wav,others
/mnt/c/workspace/journal/codes/Mark4.5/data/val/others_val_413.wav,others
/mnt/c/workspace/journal/codes/Mark4.5/data/val/others_val_414.wav,others
/mnt/c/workspace/journal/codes/Mark4.5/data/val/others_val_415.wav,others
/mnt/c/workspace/journal/codes/Mark4.5/data/val/others_val_416.wav,others
/mnt/c/workspace/journal/codes/Mark4.5/data/val/others_val_417.wav,others
/mnt/c/workspace/journal/codes/Mark4.5/data/val/others_val_418.wav,others
/mnt/c/workspace/journal/codes/Mark4.5/data/val/others_val_419.wav,others
/mnt/c/workspace/journal/codes/Mark4.5/data/val/others_val_420.wav,others
/mnt/c/workspace/journal/codes/Mark4.5/data/val/others_val_421.wav,others
/mnt/c/workspace/journal/codes/Mark4.5/data/val/others_val_422.wav,others
/mnt/c/workspace/journal/codes/Mark4.5/data/val/others_val_423.wav,others
/mnt/c/workspace/journal/codes/Mark4.5/data/val/others_val_424.wav,others
/mnt/c/workspace/journal/codes/Mark4.5/data/val/others_val_425.wav,others
/mnt/c/workspace/journal/codes/Mark4.5/data/val/others_val_426.wav,others
/mnt/c/workspace/journal/codes/Mark4.5/data/val/others_val_427.wav,others
/mnt/c/workspace/journal/codes/Mark4.5/data/val/others_val_428.wav,others
/mnt/c/workspace/journal/codes/Mark4.5/data/val/others_val_429.wav,others
/mnt/c/workspace/journal/codes/Mark4.5/data/val/others_val_430.wav,others
